epoch,total_loss,vq_loss,atom_reconstruction_loss,chiral_reconstruction_loss
1,16.631229274126948,1.7016845442810837,6.608817543302264,8.3207271123419
2,12.740913634397545,1.120980474717763,5.477955217264136,6.1419779110927974
3,10.057570282293826,0.7730696253022369,4.4521044906304805,4.832396193426483
4,7.887578032454666,0.46086219637369624,3.6469492437888165,3.7797665900113633
5,6.181040970646605,0.30046926423603176,2.9530891459815356,2.927482556323616
6,5.010055077319243,0.23615801805744366,2.4370222249809577,2.336874846293002
7,4.309419303524251,0.20642334739772641,2.058916377169745,2.0440795756116206
8,3.8885127756060385,0.1881633305123874,1.8143291163201234,1.886020336832319
9,3.640457272529602,0.17735380519713675,1.714755035176569,1.7483484082076015
10,3.4227126155580794,0.1749986223116213,1.7014027341287963,1.5463112568368718
11,3.22398213829313,0.1706608542982413,1.589182266167232,1.464139032728818
12,3.0075703275446988,0.16908849608533236,1.499781266158941,1.338700563323741
13,2.838171759430243,0.17257812087024962,1.4688991411608092,1.1966944981594474
14,2.7496475321905955,0.18573042795974382,1.4333530725265036,1.1305640352015593
15,2.687829922656624,0.20197830949814952,1.3886668736837349,1.097184726170131
16,2.6475768210936566,0.21998751650051196,1.366587065312327,1.0610022398890282
17,2.6514644817430146,0.23938916380308112,1.3557562505712315,1.05631907466723
18,2.659176844723371,0.25346981285482034,1.3502937713447882,1.055413271699633
19,2.6549611590346514,0.2660810130895401,1.3533535015826323,1.0355266326544237
20,2.640059871332986,0.28056781480506976,1.3517811742364143,1.0077108798586591
21,2.6359508244358762,0.2935647529606916,1.3388267390582027,1.0035593208609794
22,2.627240857299493,0.30685160020176244,1.3066599934684986,1.013729260588179
23,2.6299346527274774,0.31614996295194236,1.2711564983640398,1.0426281964292332
24,2.6205098556012523,0.3247073303375925,1.2737326652419811,1.0220698720338393
25,2.5948232947563636,0.3369324382166473,1.258607040862648,0.9992838179578587
26,2.573905775741655,0.35215937695941146,1.2481836451559651,0.9735627511934358
27,2.573588486836881,0.3712982325529566,1.2758250777818718,0.9264651792390006
28,2.605695129657278,0.38853113338047146,1.2454030416449722,0.9717609511346234
29,2.647764263104419,0.4075256184655793,1.3096940061267541,0.9305446455065085
30,2.687273852679194,0.41939259548576513,1.259476290065415,1.0084049756429634
31,2.6790427456096726,0.4118707741097528,1.209649391320287,1.0575225766824217
32,2.65720697203461,0.4072398148020919,1.2653771438160721,0.9845900021645487
33,2.676428183000915,0.4098171838084046,1.4024131389296786,0.8641978590464106
34,2.6122733293747413,0.4114151353738746,1.2642445691994257,0.9366136235850198
35,2.6633660039123224,0.41289579533800785,1.2223682458303413,1.0281019627439731
36,2.7031777647076822,0.4225962256290475,1.350583251641721,0.9299982898697561
37,2.6917215962799226,0.4163087163956798,1.319703432978416,0.9557094516194596
38,2.709403214405994,0.4015602382774256,1.3314636665947583,0.976379321850076
39,2.84929228315548,0.41396209856077115,1.3104469417309275,1.1248832466650982
40,2.841044073202172,0.4054407982193694,1.2841430282106205,1.1514602358243904
41,2.7687083044830634,0.33968721193318463,1.293552322655308,1.1354687694384127
42,2.8600932371859646,0.3938162136746913,1.3573559480054038,1.1089210686634998
43,2.951424311618416,0.39727290932621273,1.469136314124477,1.0850150761555653
44,3.0883131379983864,0.3743444126175374,1.6370703158329944,1.0768984093958018
45,3.2329193426638234,0.3593478316859323,1.727597749354888,1.1459737681612676
46,3.171133113150694,0.3908274450472423,1.636951780440856,1.143353889791333
47,3.1798083028014825,0.40490463543303157,1.5839972343980049,1.19090642977734
48,3.1760630863053456,0.4148592298128167,1.563107235091073,1.198096632349248
49,3.1956461400401834,0.4297287576660818,1.6162217843289277,1.1496955983492794
50,3.187839763505118,0.44909236123975443,1.6202457407299353,1.1185016692901144
51,3.1690402055273252,0.4735459042142849,1.62066522483923,1.0748290802751268
52,3.1486305399816863,0.5005300013082368,1.6121875552498564,1.0359129762771178
53,3.162770171554721,0.5187402735559308,1.5877105362561283,1.056319351707186
54,3.2708265623267816,0.5121762906106151,1.6589170712597516,1.0997331975674143
55,3.1884155443736484,0.44860399438410387,1.6878632349627358,1.0519483065118596
56,3.1407234084849454,0.4079821760557136,1.690000139937109,1.042741106176863
57,3.1066343796496487,0.3668366066959439,1.782716041925002,0.9570817418244421
58,3.060768492367803,0.3360930687310744,1.697953509432929,1.0267219142037995
59,3.0527390399757697,0.2937620581716907,1.690014927362909,1.0689620503357478
60,3.067064043210477,0.29609260130293513,1.7176267693237381,1.0533446642209072
61,3.01670133702609,0.30098550325753737,1.7317753640972837,0.9839404775780074
62,2.9730097712302697,0.30640981498421455,1.6634037379099398,1.0031962236579584
63,2.921318927589728,0.31180379372470235,1.5743732440228364,1.0351418907545051
64,2.8871866111852684,0.3364962628301309,1.5706573968030968,0.9800329558095153
65,2.9118947642190114,0.34124509488441507,1.3984514097778165,1.1721982511938835
66,2.8431526325186907,0.3003535112556146,1.590158227755099,0.9526408883381863
67,2.793054996704569,0.24268663241242877,1.7000262165556148,0.8503421444673928
68,2.7314062313157685,0.2304075451529756,1.6461821009918136,0.8548165702698182
69,2.6948231203215465,0.2325575745531491,1.4735141585067826,0.9887513962327218
70,2.681031629747274,0.23073009781691492,1.3967282078704055,1.0535733407857466
71,2.650321913008787,0.21821456440553375,1.4463417134722885,0.9857656414411506
72,2.634609730876222,0.1958200574225309,1.5227944552898407,0.915995216491271
73,2.5806064897654006,0.14396738705738465,1.5275362413756701,0.9091028537677259
74,2.5381226758567657,0.12387538359177355,1.4233926492077964,0.9908546382675365
75,2.4954991705563603,0.11300069728524101,1.3797529625649354,1.0027455188790146
76,2.452785546682319,0.10631823950276083,1.4072753884354416,0.9391919125099571
77,2.411652246300055,0.09141749398288679,1.377287811770731,0.9429469333619488
78,2.379845999941534,0.0804154566128035,1.3445004565375192,0.954930091086699
79,2.3517657676521613,0.0737137611651299,1.3452039464395873,0.9328480618340629
80,2.330382749742391,0.07256487297008232,1.3142980616919848,0.9435198051588876
81,2.3101928489548818,0.06976259203285587,1.3119966022822322,0.9284336496980823
82,2.2978682311213747,0.06611076858350817,1.2951686534346367,0.9365888055489988
83,2.289628199168614,0.0628235696871974,1.2906304135614513,0.9361742105411024
84,2.2837929178257377,0.06045585279638062,1.2909573784896307,0.9323796934011032
85,2.2766112089157104,0.05895915319572906,1.2888587427382567,0.9287933202422395
86,2.2638164855995955,0.05725127519393454,1.284934044492488,0.9216311622639092
87,2.254053434547113,0.05614898834681632,1.2805515217537782,0.917352919675866
88,2.250090771791886,0.05332323908805847,1.2795199332188587,0.9172475943151785
89,2.2515038045085207,0.04791225713430619,1.2576636580788358,0.9459278851139302
90,2.23871219523099,0.04444511945606494,1.2770100381909584,0.9172570355692689
91,2.23093634600542,0.04177168142810768,1.2878575689938603,0.9013070914210105
92,2.212388960682616,0.037969550326922716,1.2865090595216166,0.8879103502448724
93,2.1993945277467066,0.039134610178215165,1.2589633653358536,0.9012965556918359
94,2.185794689217392,0.035005221951144694,1.2659959689695008,0.8847934971658551
95,2.1769634886663787,0.03398221879437262,1.2512643592698234,0.8917169151257496
96,2.1681878846518847,0.03202782347038084,1.2552205737756224,0.8809394872918421
97,2.161949184476113,0.030500542362961843,1.24633469751903,0.8851139426839595
98,2.1598478908441505,0.0330032864395453,1.255647438521288,0.8711971552396307
99,2.158382755153033,0.030347682459622015,1.2629087622068367,0.8651263123872329
100,2.152410147141437,0.027330196652637452,1.25530628586302,0.8697736664694182
101,2.1571000656303094,0.03056771735831791,1.2468512386691815,0.8796811042999735
102,2.150747394075199,0.02787889719807676,1.2486110104590047,0.8742574879101345
103,2.1464996520353825,0.023990903800467447,1.2536307244884723,0.8688780315676514
104,2.1446815741305447,0.025714909857405082,1.2602637562216545,0.858702905628146
105,2.139824130097214,0.025973877204316004,1.2464069274007057,0.8674433200943227
106,2.1356457447519106,0.024384600918131823,1.2486914919347178,0.8625696444389771
107,2.1340212432705625,0.022993647692991153,1.2509493681849266,0.8600782253304307
108,2.1387616310800825,0.022857948596000065,1.2486901745504262,0.8672134991811247
109,2.145418488249487,0.02229992338285154,1.261424262912906,0.8616943082639149
110,2.154306013973392,0.02158550728036433,1.2667459669161816,0.8659745518650327
111,2.163215159153452,0.023082015399193884,1.2775992155075073,0.8625339211858049
112,2.1650148155737896,0.021815028611798674,1.2786989254610879,0.8645008674689701
113,2.167290456440984,0.02211755498939631,1.2803557338763256,0.8648171619493135
114,2.16859133997742,0.021874797744296338,1.2800580974744291,0.8666584436990776
115,2.169738003185817,0.022351378879072716,1.2804102459732367,0.8669763882549442
116,2.168448504136533,0.022062005707994103,1.2801242148389622,0.8662622805152621
117,2.166779924412163,0.02143001283652016,1.2827668269069827,0.8625830904561647
118,2.1713753075015787,0.024890914801698253,1.2843588195285018,0.8621255576002355
119,2.1645158285997352,0.01450788286248488,1.2936170113329986,0.8563909281273278
120,2.1531401373902144,0.013975443071400633,1.289101325735754,0.850063369590409
121,2.1501907304841645,0.013487350875131634,1.2859477273055486,0.8507556580767339
122,2.1491249155025094,0.01315083479679817,1.2813595837476301,0.8546144934941311
123,2.15220521785775,0.01264010936649022,1.2887315178404048,0.8508335914538832
124,2.151987838501833,0.012203275877032049,1.2894556005390323,0.8503289639341588
125,2.151785411396805,0.011848932768845436,1.2926519951041864,0.8472844836663227
126,2.1528192770724393,0.01156453913723936,1.2946235099617316,0.8466312176719004
127,2.1552253110068187,0.01131950414796569,1.2985040861733106,0.8454017158673734
128,2.161958265061281,0.010920619363991581,1.309323283482571,0.8417143651417324
129,2.1684126464688047,0.010712807950544722,1.3015774385053285,0.8561224043369293
130,2.1691223747876225,0.010184260299049166,1.321903617406378,0.8370344964217167
131,2.1646861336669145,0.010156070889562977,1.2960809110378733,0.85844915284186
132,2.1627067716754214,0.010081485407997151,1.3105059728330495,0.8421193014602272
133,2.1593463591166904,0.010104789070747033,1.3002283925912819,0.8490131789324235
134,2.158966212856526,0.010309491591642097,1.3019476678906654,0.8467090540394491
135,2.1618174217185198,0.01047704379283348,1.30537283663847,0.8459675512751754
136,2.159489014927222,0.010336689731790399,1.3025153364453996,0.8466369953690743
137,2.1598599334152375,0.010332018037193589,1.3025996952640766,0.8469282224470255
138,2.1622569877274183,0.010072245519152102,1.3068020964155391,0.8453826502877839
139,2.1598298829429003,0.0100635729102912,1.3042051019717236,0.8455612063407898
140,2.1616401794005413,0.009967902613499639,1.2995292714663915,0.8521430106187353
141,2.16569848693147,0.009797658338876707,1.3044257991167965,0.8514750286632654
142,2.1654041458149345,0.009700428989088657,1.3169823836307137,0.838721327939812
143,2.1619389981639627,0.00970258248722827,1.3073835141804753,0.8448528942404961
144,2.1599850970871595,0.009597923331038684,1.2982563072321367,0.8521308731667849
145,2.1584565444868438,0.009727578567416996,1.3064253543104445,0.8423036054080847
146,2.1570137264777203,0.009695601986949237,1.304531717178773,0.8427864051595026
147,2.154858955315181,0.00973101413086513,1.299787154611276,0.8453407898849371
148,2.1515262187743676,0.009839197235866164,1.2968041416333647,0.844882889061558
149,2.148647563798087,0.009883266341473376,1.2911333678936472,0.8476309238039718
150,2.1451071950854086,0.01009550998557587,1.2824120345164318,0.8525996545747835
151,2.1418808844624735,0.010170648910333308,1.2826648512665106,0.8490453915936607
152,2.1403313181838213,0.010445164003390439,1.2905264210944274,0.8393597389970507
153,2.140407481972052,0.010394530237785407,1.284352219226409,0.8456607403195634
154,2.137281892250995,0.010544700904426222,1.2756009856048895,0.851136210925725
155,2.1349659464797197,0.010654252150799242,1.275644639925081,0.8486670581053715
156,2.1342916999544417,0.010771257532000238,1.2783675491809845,0.8451528987106012
157,2.1342625995071565,0.010769689222797751,1.2809254429778274,0.8425674678719773
158,2.133778225402443,0.010853085885470619,1.2806255330844802,0.842299611288674
159,2.1337968488128816,0.010958767267970406,1.2750237237434,0.8478143622680586
160,2.131596334126531,0.010900091674482944,1.2685085899975834,0.8521876581469361
161,2.130496787781618,0.010970017226526931,1.2704793737859141,0.8490473992970525
162,2.1297434872510483,0.011010424143691756,1.275904479683662,0.8428285836565251
163,2.1280781809164555,0.011022560474253734,1.2757660065378462,0.841289609670639
164,2.1269958566646188,0.011182673669857333,1.2715328925726366,0.8442802930973015
165,2.126303959865959,0.011165526120600348,1.2680433568905811,0.8470950813925996
166,2.1261440418204485,0.010950730053936037,1.266189115388053,0.8490042108662275
167,2.163030682777872,0.03501591904621039,1.2398499986346887,0.8881647647643576
168,2.213723205790228,0.0482100047437208,1.3144061498495998,0.8511070429670567
169,2.198700196888982,0.037418633661403945,1.320422459013608,0.8408591087375369
170,2.1947368359079165,0.03037695479294171,1.3233536250737248,0.8410062567920101
171,2.1862483571986764,0.025227966851421764,1.321746632152674,0.8392737596010675
172,2.158108217375619,0.013735323331831974,1.3193962306392437,0.8249766625920121
173,2.1456269074459464,0.012926129267874117,1.2918497615930986,0.8408510070674273
174,2.1422760827200755,0.01255218399574562,1.285270327816204,0.8444535665366114
175,2.1345726251602173,0.012506622797334376,1.2773592295695324,0.8447067637224587
176,2.1262212748430214,0.012656849561905374,1.2695943883487157,0.8439700320667151
177,2.120112174627732,0.01285549581088886,1.2632791710143187,0.8439775182276356
178,2.118109481675284,0.012812912573429699,1.262006005462335,0.8432905594913327
179,2.118093445592997,0.01244605162504072,1.2619560312251656,0.8436913691004928
180,2.1185456915777556,0.012053690461099756,1.2630611676342633,0.8434308271627037
181,2.1178793797687607,0.011601116574768509,1.264535941639725,0.8417423258022386
182,2.1169392466545105,0.0111274042508888,1.265047053293306,0.8407647865159171
183,2.116860667053534,0.010735697920757289,1.2613925386448295,0.8447324207850865
184,2.117446572196727,0.010531028091185252,1.2654575456161887,0.8414580003947628
185,2.116735853710953,0.010289755264981364,1.264293794121061,0.8421523072281663
186,2.1158334527696883,0.01022151151519953,1.2700901913399598,0.8355217536493224
187,2.115816778066207,0.010192484267017975,1.2682696142975165,0.8373546746312356
188,2.115965183900327,0.01016497505562646,1.2594760765834732,0.8463241321091749
189,2.117380572825062,0.0100842900336625,1.2691367633488713,0.8381595270974296
190,2.1185892710880356,0.01001999743415841,1.2744545273634853,0.8341147458674957
191,2.119312904318985,0.010021028807386756,1.2595492473670415,0.84974262544087
192,2.119754900737685,0.009907775615551034,1.279656012447513,0.8301911031713292
193,2.1199889304686566,0.009872957047227085,1.261963624127057,0.8481523482775202
194,2.1210928863408616,0.00980690062730288,1.2774631800700207,0.8338228178267576
195,2.1221937147938474,0.009764404240425448,1.2655498038749307,0.8468795062936082
196,2.1227292223852507,0.009696536963539464,1.2798595215593065,0.8331731670365041
197,2.1236062122851003,0.009653477844002903,1.263282989969059,0.8506697419346595
198,2.1243573183916054,0.009606809930267687,1.284711325655178,0.8300391818795886
199,2.125092991760799,0.009603254368756803,1.2621322760776597,0.8533574695489845
200,2.125619359162389,0.009540437587669917,1.2841378115877813,0.8319411113554117
201,2.1258746738336525,0.009477513177054269,1.2669848477353856,0.849412316874582
202,2.1258804810290433,0.009470742661505938,1.276587660215339,0.8398220773254123
203,2.1264093956168817,0.009404421879016623,1.2766692687054069,0.8403356926781791
204,2.1261332716260637,0.009250812859711598,1.2667918606680266,0.8500906007022274
205,2.126635423728398,0.009278717973478595,1.2838453595735588,0.8335113564924318
206,2.127037279459895,0.009295457076015217,1.2690100998294598,0.8487317206300035
207,2.127435157493669,0.009319041831875029,1.2716873799051558,0.8464287391730717
208,2.1272224127029884,0.009362314129248261,1.28401217898544,0.8338479107739974
209,2.127732219744702,0.009337022805548444,1.2697325111651907,0.8486626799009285
210,2.127826307501112,0.009353792865057381,1.2707423093367596,0.8477302038547944
211,2.1278112871306285,0.009411582271853576,1.2832175712196194,0.8351821294244455
212,2.128422631292927,0.00938102222827016,1.2753902910923471,0.8436513129545717
213,2.128003186109115,0.009456051447029625,1.2685433741734953,0.8500037549101577
214,2.128096255720878,0.009424970052870256,1.2772080959105978,0.8414631859988583
215,2.1283968078846836,0.009440967247688345,1.2822985454481475,0.8366572923806249
216,2.1285350797127705,0.009433210290474246,1.275170557961172,0.8439313142883534
217,2.128564661862899,0.009393244748935103,1.2693274343500331,0.8498439873967852
218,2.128314023115197,0.009433476662985524,1.2745392717877213,0.8443412668242747
219,2.1283013407064946,0.00943307787636105,1.2818882349802523,0.8369800259872359
220,2.127745659983888,0.00942682079039514,1.2785346009293381,0.8397842317211385
221,2.1278597736845213,0.009421313537892943,1.2718616912559586,0.8465767667001608
222,2.1279527484154213,0.009423226436448037,1.2704829306018597,0.8480465974734754
223,2.127550552085954,0.009439987852713284,1.273755016983772,0.8443555460900677
224,2.127956892762865,0.00945003158222808,1.2793867302184203,0.8391201328866336
225,2.127224946508602,0.009421956806196546,1.279358643658307,0.8384443494130154
226,2.127348556810496,0.009435470990494502,1.2749731923852647,0.8429398895526419
227,2.12692142506035,0.009399007692248846,1.2706563947152119,0.8468660216550438
228,2.1268539148934034,0.0093178283803317,1.2702193971799345,0.8473166920700852
229,2.1271589349727242,0.009203081750976188,1.2740788532763112,0.8438769898244313
230,2.1266936270558103,0.009170187162045313,1.2773947521131865,0.8401286842263475
231,2.126791619524664,0.009187403581656364,1.278131941751558,0.839472268308912
232,2.1267810281442134,0.009238152051990738,1.276818905557905,0.8407239837914097
233,2.1273399932043895,0.009432080239817803,1.274033365200977,0.8438745481627328
234,2.128127627226771,0.009565677408281029,1.2721757596852827,0.8463862009194433
235,2.1288850210150896,0.009509230750061723,1.2724380237715585,0.8469377670969281
236,2.1287752426400477,0.009507159084765886,1.2751097052681202,0.8441583797031519
237,2.12890639718698,0.009501899084152311,1.2784196144464064,0.84098489035149
238,2.128746207879514,0.00947927113394348,1.2797823876750714,0.8394845523396317
239,2.1288749332330665,0.00948974658849136,1.278561353075261,0.8408238373848856
240,2.1288987933372963,0.009456127535133642,1.2778442958179785,0.8415983687249982
241,2.1288671651665045,0.00949531225297524,1.2755593438537753,0.8438125042891016
242,2.1290269785997817,0.009476006444429561,1.2731029731886727,0.8464479875199649
243,2.128837919965082,0.009497516931091644,1.2728639597795448,0.8464764557322677
244,2.1284648204336363,0.009500165883337661,1.274317972514094,0.8446466709886279
245,2.128373402722028,0.009509890050418218,1.2770181784824448,0.8418453268858851
246,2.1279866695404053,0.009488514985661117,1.2784314258974425,0.8400667261104194
247,2.1273572639543183,0.009508415918835268,1.2782772536180458,0.8395715939755343
248,2.127193559189232,0.009508097282971958,1.2764690706924515,0.8412163954000084
249,2.1273861685577704,0.009511319388236319,1.274810250924558,0.8430645928090933
250,2.1269243809641623,0.009353302395427409,1.2728771530852026,0.8446939420335147
251,2.126268518214323,0.009323825042846859,1.2712301040182308,0.845714593116118
252,2.1267944294579175,0.009341753947985719,1.2714738845825195,0.8459787873589263
253,2.126949074316998,0.009326915090371455,1.2726912924221583,0.8449308674554435
254,2.1270896743754952,0.009397103042550842,1.2753475399649874,0.8423450285074662
255,2.126833881650652,0.009448825685801555,1.2766364058669732,0.840748635481815
256,2.1270818576520805,0.009435229231508411,1.2780452078702498,0.8396014191058218
257,2.1268984809213753,0.009473489393118997,1.2766261070358509,0.8407988755070434
258,2.127773548875536,0.009568527896831535,1.2754323792700866,0.8427726331414008
259,2.12813870517575,0.009574772058320897,1.2748969026974268,0.8436670263811034
260,2.128435352627112,0.009573070565238595,1.2735430087362016,0.8453192732163838
261,2.1284592188134486,0.009552619458005136,1.2730677760377223,0.8458388134533045
262,2.1286907998882993,0.009560630048568152,1.2743131609595553,0.8448170019047601
263,2.1283662988215077,0.00957023059208022,1.2749138742077106,0.8438821936748466
264,2.1285685872545046,0.009541657905341411,1.277184755826483,0.8418421873024532
265,2.1283580989253763,0.009564468057408017,1.2789549669440912,0.8398386796518248
266,2.128174798829215,0.009556800336101833,1.2789713551803512,0.8396466204098293
267,2.1282519758964074,0.009565099807722228,1.2772203081724596,0.8414665700829759
268,2.1281440039070283,0.009536890113460166,1.2754708662325023,0.8431362451947465
269,2.127417047413028,0.009542062883360349,1.2733003436302652,0.8445746451616287
270,2.127372036174852,0.009518055254783558,1.2727555346732238,0.8450984437854923
271,2.127411046806647,0.009483077929222159,1.2725157719485614,0.8454122032438006
272,2.12722109775154,0.009308388912860227,1.2725139454919465,0.8453987605717718
273,2.126876183918544,0.009351873266681725,1.27423003680852,0.8432942729215233
274,2.126666554382869,0.009377751057511386,1.2753975044707864,0.8418912905819562
275,2.126395529630233,0.009403029380708324,1.2766328417525,0.8403596576987481
276,2.1266650362890593,0.009421555092558265,1.2770283799998614,0.8402150951477946
277,2.1269393319986305,0.009463401630102676,1.276749807961133,0.8407261228683044
278,2.1272809870389042,0.009479464293096443,1.2754754497080434,0.8423260775755863
279,2.1278513353698107,0.009508261171986863,1.2741099267589802,0.8442331458232841
280,2.128112970566263,0.00960469070574915,1.273196283651858,0.8453119853321387
281,2.1283113384733396,0.009588404682141786,1.2730351662149235,0.845687777412181
282,2.1285371427633324,0.00956369063113721,1.2736544767204596,0.8453189800588452
283,2.12840789313219,0.009549851657594649,1.2757827706482945,0.8430752839360919
284,2.1287048750994155,0.009553797514538984,1.2775717201281567,0.8415793584925788
285,2.1280966145651683,0.009555165950513008,1.2779133398922122,0.8406281118490257
286,2.128183831973952,0.009555609065241047,1.2786796804593534,0.8399485370942524
287,2.1280820795467923,0.009562041743525438,1.277850947209767,0.8406690976449421
288,2.128227208341871,0.009607529072851246,1.2756152992345848,0.8430043863398688
289,2.127998320423827,0.009552776333590855,1.2745311266305495,0.8439144172838756
290,2.1273216714664382,0.009561325922342283,1.2724048355404212,0.8453555189225138
291,2.127734280362421,0.009567794413780984,1.2723705482726195,0.8457959376427592
292,2.1270021163687414,0.009549103344657592,1.272827528569163,0.8446255000878353
293,2.1270365447414163,0.00953752157867563,1.273919945468708,0.843579080335948
294,2.126893089742077,0.00943829955019969,1.2756281951252295,0.8418265936934218
295,2.1263658307036577,0.009325225514416792,1.276105175212938,0.8409354257948545
296,2.126455769246938,0.00934956224198092,1.2766003493143587,0.8405058672841714
297,2.1263382483501823,0.009387868451790847,1.2765129378863744,0.8404374496669186
298,2.126879122792458,0.009474512270404672,1.2747203008252748,0.8426843002742651
299,2.127191295429152,0.009511414212079681,1.2731449902057648,0.8445348882553528
300,2.127256838642821,0.009505390636242774,1.2722808499725498,0.8454705829523048
301,2.127383623804365,0.009584910141266122,1.2721837752935838,0.8456149308048949
302,2.127276100674454,0.00961131945594537,1.272750015769686,0.8449147714644062
303,2.1282405257225037,0.00961398499143519,1.2758804650939242,0.8427460637627816
304,2.127974354490942,0.009631922506556218,1.2773971028473912,0.8409453454066296
305,2.128025709366312,0.009625481603172968,1.278378035949201,0.840022185627295
306,2.1281071244453895,0.009582554313297175,1.2778874726928011,0.8406370884301712
307,2.1284324830892136,0.00959483633882233,1.27777248681808,0.8410651619945254
308,2.1287675353945517,0.009583993040367353,1.2766551728151283,0.8425283754358486
309,2.1285173564541098,0.009606358894546117,1.2745857214441105,0.8443252885220002
310,2.128279591093258,0.009609576542766727,1.2729184706600345,0.8457515476917734
311,2.127664544144455,0.009580989662861946,1.2723686105134535,0.8457149358428254
312,2.1275456158482298,0.009590662089271508,1.2738516288144248,0.8441033241700153
313,2.1278009609300264,0.00960250967182219,1.2755760422774725,0.8426224096697204
314,2.127239609251217,0.009599476767589852,1.2763170958781729,0.8413230509174113
315,2.127016521230036,0.009569386695036474,1.2768368106715533,0.840610326856983
316,2.126975791794913,0.00947104068948146,1.2769633148397719,0.8405414357477304
317,2.1269098763563195,0.009437428055597203,1.2763546826888104,0.8411177792111222
318,2.1267310247129325,0.009474427629338235,1.275117116923235,0.8421394800653264
319,2.1265371526990617,0.009483034884062956,1.2726852839090386,0.8443688324519566
320,2.1263629319716473,0.0094964916494732,1.2715629126344408,0.845303512653526
321,2.1263846876669903,0.009504787581117481,1.2716065736449496,0.8452733308076859
322,2.1269086684499467,0.009508664002261904,1.272793356861387,0.8446066501189251
323,2.1267820450724386,0.009552204644079415,1.2735690322457527,0.8436608056024629
324,2.1272949819662132,0.00954922495827991,1.275919380236645,0.8418263808196905
325,2.1272428607454104,0.009569326748273202,1.2775888777509028,0.8400846573771262
326,2.1275032138337893,0.009612411897325394,1.2778646757408065,0.8400261411253287
327,2.127825746730882,0.009619076869317464,1.277329656542564,0.8408770086813946
328,2.1278203823128523,0.00959053373781546,1.2759914836105035,0.8422383586971127
329,2.127979591184733,0.00957573011365472,1.274331162170488,0.84407269589755
330,2.127750349288084,0.00959079952112266,1.2728208035838848,0.845338739606799
331,2.127704441547394,0.009615199407562613,1.2729512903155114,0.8451379504130812
332,2.1282274321633943,0.009646438447074319,1.2736807064134248,0.8449002817577246
333,2.127722524866766,0.009614810471099858,1.274531226377098,0.8435764881421108
334,2.127715540175535,0.009635392818790006,1.276484980875132,0.841595179268292
335,2.127700780119215,0.009615703980077286,1.277538419378047,0.8405466465925684
336,2.127684228274287,0.00961945818889202,1.2782151358468192,0.839849633525829
337,2.127522187573569,0.009604215227561642,1.27736946879601,0.8405485065007696
338,2.127410393588397,0.009608288813496426,1.2749266916391802,0.8428754119240508
339,2.12720056942531,0.009589209929298686,1.2730587343780362,0.8445526148591723
340,2.1268521389182733,0.00961083731119882,1.2724184850040747,0.844822816398679
341,2.126773878019683,0.009565759559485073,1.2718177754051831,0.8453903380705385
342,2.1265442201069424,0.009495090037508279,1.2724194143499648,0.8446297162041372
343,2.126602654554406,0.009364751528720466,1.2735429059486,0.8436950122823521
344,2.126705282804917,0.009376372747617413,1.2748903407126058,0.8424385679619653
345,2.126341378202244,0.009396250735094048,1.2773131959292354,0.8396319272566815
346,2.1260395037884616,0.009398416079086612,1.276471274847887,0.8401698226831398
347,2.1261352738555597,0.00948396282346577,1.2757289829302807,0.8409223325398504
348,2.1269267615006893,0.009559845428305621,1.2750857794771389,0.842281136889847
349,2.12732804064848,0.009582200443980341,1.2744935671893918,0.8432522726302244
350,2.127512046269008,0.009597878114377357,1.273477637037939,0.8444365381586308
351,2.127745288975385,0.009635443761184508,1.272675909558121,0.8454339361312438
352,2.1278528194038238,0.009625768616833553,1.2726151122122396,0.8456119305017044
353,2.128460015569414,0.009632588159863134,1.2747294379740346,0.8440979852968332
354,2.1283952508653914,0.009597639244391906,1.2766981222191636,0.8420994832199447
355,2.128022697507119,0.0096117769111404,1.2776310924364596,0.8407798251327203
356,2.128172357471622,0.009606657274143428,1.2780070773192815,0.8405586097921643
357,2.127943478068527,0.009628816697822541,1.2782789067346223,0.8400357621056693
358,2.128026560861237,0.009607886876530794,1.2770103094529133,0.8414083749664073
359,2.1277705868896173,0.009600257600790687,1.2750992768881273,0.8430710477488381
360,2.128070165916365,0.009576620652853531,1.2735051865480385,0.8449883682995426
361,2.127766086130726,0.009583044516834982,1.2724669685169143,0.8457160835363426
362,2.1274821928569247,0.009584130334420776,1.2725510907416442,0.8453469842064137
363,2.1272753951500873,0.009636240246306573,1.2740202783321848,0.8436188643075981
364,2.1270802787372043,0.009615319296337512,1.27559296208985,0.8418719878002089
365,2.1269551977819328,0.009613526144007943,1.2760781657939055,0.8412635043567541
366,2.126942217350006,0.009570652965874392,1.277246702082303,0.8401248674003445
367,2.126828779979628,0.009549721529023076,1.2768801992036858,0.8403988593086904
368,2.126750259983296,0.009424023045112893,1.2756617014505425,0.8416645374833321
369,2.1266764621345366,0.009288426241552343,1.274853258108606,0.8425347935788485
370,2.1264395056938636,0.009292567448158349,1.2728471762063551,0.8442997561425579
371,2.1260124298990988,0.00932548939231403,1.2707684088726432,0.845918536794429
372,2.126604260230551,0.009400912836118012,1.2718087246223373,0.8453946280844358
373,2.12685842051798,0.009506801475903817,1.2730289484773363,0.8443226723038421
374,2.12696358743979,0.00956013238019481,1.2750718763896398,0.8423315578577469
375,2.127299965644369,0.009608348451402723,1.2766333769778817,0.8410582293053063
376,2.127272925814804,0.009573183469094184,1.277525500983608,0.8401742431582236
377,2.12779801962327,0.009609977976057907,1.2779675363277903,0.8402205009241493
378,2.127744267181474,0.009595298441126943,1.2767836998920052,0.8413652631701255
379,2.1275047282783355,0.009604855188719777,1.2750944987851747,0.8428053606529625
380,2.1276506088217912,0.00962696486266748,1.2732898890972137,0.8447337558074873
381,2.1275092667462876,0.009603665775752493,1.272625207901001,0.8452803963909343
382,2.1275726021552575,0.00959803910488833,1.2728217493514626,0.8451528229883739
383,2.127738818830373,0.009598166401479013,1.274104016167777,0.844036631438197
384,2.1277440871511186,0.009609733042972428,1.275738182116528,0.8423961738542635
385,2.127297228696395,0.009646489280180968,1.276333052893074,0.8413176898445401
386,2.1274893356829274,0.009612507814047287,1.2774853645538797,0.8403914710696863
387,2.1276599351240666,0.009600223103842261,1.2781529201536763,0.8399067946842739
388,2.127107001080805,0.009606886864164653,1.276541647862415,0.8409584721132201
389,2.1267039313608285,0.009588868689856358,1.2737500746639407,0.8433649895750747
390,2.126434541478449,0.009589076398548727,1.2723423832533312,0.8445030748844147
391,2.1265705519792983,0.009549051138325309,1.2719518609192906,0.845069631934166
392,2.1265218184918773,0.0094966309439695,1.2713855985476046,0.8456395885774067
393,2.1262804038670597,0.009430847529854094,1.272558828397673,0.8442907296881383
394,2.1266747384655234,0.009322778801718841,1.2742318833360866,0.8431200859498005
395,2.126544097248389,0.009392569677866235,1.2761667583669936,0.8409847814817818
396,2.1265909562305527,0.009492851499163983,1.2774045023382927,0.8396936022505468
397,2.126579680004898,0.00949827532226942,1.2771466131113014,0.8399347930538411
398,2.1266844686196773,0.009545776151994966,1.2760357850668382,0.841102906331724
399,2.126988547188895,0.009601120053011239,1.2741990874008255,0.8431883496897561
400,2.127537189697733,0.009564135841341043,1.2738754852693908,0.8440975662396879
401,2.1274867811981513,0.009561198164841958,1.2727446738554506,0.8451809119813296
402,2.127164368726769,0.009583120833017997,1.271878613501179,0.8457026274836793
403,2.1271075655002982,0.009565435449725814,1.2733020971016007,0.8442400347213356
404,2.127435938436158,0.009542282570951752,1.2756637365234142,0.842229921902929
405,2.126866171554643,0.009559848445600696,1.2763929263669618,0.8409133948841874
406,2.1270066572695363,0.009598345367466005,1.277189931090997,0.8402183730991519
407,2.1271869953797786,0.009537017965993407,1.2773204756026366,0.8403294992690183
408,2.1277702973813426,0.009538347053588653,1.2769846709407107,0.8412472833784259
409,2.127167668877816,0.009526553497250592,1.275103170044568,0.8425379498880736
410,2.1265557943558204,0.009531673514379226,1.2725039702288958,0.8445201491823002
411,2.1261805831169593,0.009499681001643136,1.2712650445042823,0.8454158634555583
412,2.126195709316098,0.009430118627390084,1.2714940972474156,0.8452714873211724
413,2.126079417004877,0.009359067814348608,1.2722139467998428,0.8445063938899916
414,2.1260491463602804,0.009302725739853114,1.2737820087646952,0.842964405003859
415,2.125703608503147,0.009339267216926935,1.2752118256627296,0.8411525205081823
416,2.125517241808833,0.009442022816297047,1.2761482517330014,0.8399269726811623
417,2.1255987018954996,0.009608204785392297,1.275748544201559,0.8402419528182672
418,2.1267037987709045,0.009679192206727303,1.2752730226030156,0.8417515842890253
419,2.1278922655144514,0.00968517395382633,1.275186755827495,0.8430203381849795
420,2.127891186548739,0.009674824764761997,1.274486365975166,0.8437300081155739
421,2.127998797260985,0.009664492672119213,1.2737711899134578,0.8445631122710754
422,2.1283601814386794,0.009644987451254713,1.273247544862786,0.8454676434701803
423,2.1285206541723136,0.009641178508232139,1.2736132783549172,0.8452662001458966
424,2.1283812170126,0.009630295267442659,1.275623239424764,0.8431276846296933
425,2.1282786228218855,0.009644032921642065,1.2777246096912696,0.8409099782607994
426,2.1280535094592037,0.009631006527045856,1.2780309726997299,0.8403915331071737
427,2.128311815310498,0.009608626489204412,1.2787473688320237,0.8399558219374442
428,2.127989040345562,0.009649482013999807,1.2777962867094546,0.8405432695028733
429,2.1282865149634227,0.009608803929913104,1.276127494111353,0.8425502141519469
430,2.127996859501819,0.00961134908720851,1.2746579434190477,0.84372756614977
431,2.1279279626145655,0.00964546448798204,1.2726446426644618,0.8456378503113376
432,2.1279420779675853,0.00963804242676314,1.2726068417636716,0.8456971928173181
433,2.127275049686432,0.009636437881509868,1.2735250257715887,0.8441135849879713
434,2.127356304197895,0.009635061890419041,1.2749285770922292,0.8427926599979401
435,2.127376603836916,0.009669141910438026,1.2762313363503437,0.8414761065220346
436,2.127571149748199,0.009667383435619424,1.276991881886307,0.8409118883463801
437,2.1274787941757514,0.009650503137928187,1.2777003731046404,0.840127919097336
438,2.1273077616886216,0.009672250983552361,1.2771530571032543,0.840482442050564
439,2.1275579077856883,0.009669195893885834,1.2756160071917944,0.8422727064818752
440,2.126751267180151,0.009647531282840942,1.2732738888993556,0.8438298452873619
441,2.1266459372578836,0.009655546753344183,1.2718478325678377,0.8451425606498912
442,2.1268764040908037,0.009613013332139472,1.2720286906981955,0.8452347018280808
443,2.1262656559749527,0.009619831577969752,1.2721958434095189,0.8444499771813957
444,2.1261823238158715,0.009624175608576256,1.2728653233878466,0.8436928257650259
445,2.1266577973657723,0.009448885737101034,1.27500780504577,0.8422011137008667
446,2.1256280626569475,0.0094079342908321,1.2759379969567668,0.8402821226995818
447,2.126173106991515,0.009430338091654132,1.2770111846680543,0.8397315819652713
448,2.125958827077126,0.009450257931626876,1.2755307330160726,0.8409778284175056
449,2.1263060058866228,0.009538198251049129,1.2741451245181414,0.842622692791783
450,2.1263845903532848,0.009593022759167515,1.27289017122619,0.8439013988387828
451,2.126730887257323,0.009626304588223599,1.2722232055907348,0.8448813764416442
452,2.1269622213986454,0.00966066259377617,1.2724772059187597,0.8448243463525966
453,2.1276062714810275,0.009676961902985158,1.2729230115608292,0.8450062974375121
454,2.1276808952798647,0.009720928306520289,1.27386446084295,0.8440955062301791
455,2.128304618961957,0.009668686294129916,1.276217800013873,0.8424181375576525
456,2.1282212247653884,0.009623907359164893,1.278373007263456,0.8402243180542576
457,2.1281450767906342,0.009674521528982691,1.2786341601488542,0.8398363836565796
458,2.1281519872801646,0.009666595826571693,1.27821727127445,0.8402681204737449
459,2.127506524932628,0.009657820577410107,1.2764633480383425,0.8413853517600468
460,2.1276011795413736,0.00964066324451444,1.274868130683899,0.8430923819541931
461,2.127786844360585,0.009664536353998951,1.2738922633686844,0.8442300357380692
462,2.1275566025656096,0.00967618551732478,1.272529559476035,0.8453508597247454
463,2.1273316509869633,0.009682688135083536,1.272190509402022,0.8454584570563569
464,2.127182889957817,0.009654989808189626,1.2732376304208015,0.8442902668398253
465,2.127228270988075,0.00967298908520262,1.2756125391746054,0.8419427525024025
466,2.1269023576561286,0.009638665937723554,1.2772061064535258,0.8400575725399718
467,2.126630685767349,0.009698168973305396,1.2768099308013916,0.8401225823528913
468,2.1261521675148787,0.009672271605695084,1.2758590560786578,0.8406208385618366
469,2.1261418753740737,0.00966223764556403,1.2749125775025816,0.8415670546950126
470,2.1263781177754306,0.009451159033734275,1.273804887825129,0.8431220741904512
471,2.126141830366485,0.009398753170342165,1.2720343099564921,0.8447087659519545
472,2.1255782380396004,0.00939093677003925,1.2704115589054263,0.8457757532596588
473,2.125292261036075,0.009493538934015194,1.270162854875837,0.8456358678486883
474,2.126070493338059,0.009596847320849798,1.271622941202047,0.8448507001205366
475,2.1266567512434356,0.009647881141768731,1.2748530038765498,0.8421558686056916
476,2.126803775222934,0.009702784071049216,1.2768522537484461,0.8402487386246117
477,2.127407646909052,0.009725166494216847,1.2777314380723603,0.8399510334949104
478,2.127645788144092,0.009702835678674129,1.2773727142080968,0.8405702345225275
479,2.127659465585436,0.009695820011464613,1.2760495233292481,0.8419141136870092
480,2.127949282831075,0.009695908035702852,1.2748419733680025,0.8434114076045095
481,2.127829454383072,0.009687399648472058,1.273752280644008,0.8443897643259594
482,2.1277860901793657,0.009699053801025967,1.2730711303195175,0.8450158989551116
483,2.128006626148613,0.009674066653931323,1.272693212543215,0.845639345901353
484,2.1279756755244974,0.009694286897702485,1.2743918013815978,0.8438895834343774
485,2.1275859438643163,0.009674077012519143,1.2758595262254988,0.8420523444608766
486,2.127920468242801,0.009673960026999821,1.2773181078385334,0.8409283979206669
487,2.127239095921419,0.009717362343656773,1.2772097976840273,0.8403119301917602
488,2.127198575710764,0.009684610152046899,1.2774286391783733,0.840085333403276
489,2.1271520950356306,0.00972217117075105,1.2765212922680134,0.8409086277290266
490,2.1273253681708355,0.009717649200513047,1.2748668175570819,0.8427408994460592
491,2.126928816036302,0.009672640143342468,1.2729868986168686,0.8442692695831766
492,2.1264935427782485,0.009681181806348721,1.2717124004753269,0.845099959142354
493,2.126448405032255,0.009672698198950716,1.271565095502503,0.8452106179023275
494,2.1265356881277904,0.009617029361388817,1.2722802642656832,0.8446383947620586
495,2.1264535967184575,0.009535341057926416,1.2738704949009174,0.8430477648365254
496,2.126582565356274,0.009567011627653728,1.2754796646079238,0.8415358851150591
497,2.1263261546893997,0.00956518628292394,1.276702159521531,0.8400588126815095
498,2.126205929688045,0.009582905293613369,1.2768260155405318,0.8397969992793336
499,2.1262062958308627,0.009584707079683336,1.2753786420335576,0.8412429471405185
500,2.126596897232289,0.009641718955672517,1.274260337255439,0.8426948366116505
501,2.1268104156669305,0.00964224812745744,1.2726969445238308,0.8444712301906274
502,2.126715988528972,0.009683622588992727,1.2720061893365822,0.8450261692003328
503,2.1272914312323747,0.009695619872143986,1.2719182140973149,0.8456776017437175
504,2.1274586332087613,0.009703777516640874,1.2731865991135032,0.844568266856427
505,2.1278776210181567,0.009674604435698415,1.2754693961873347,0.8427336033509703
506,2.12734083131868,0.009683816817265992,1.2770926964526275,0.8405643309257469
507,2.1274217500978585,0.009684718000151369,1.2775205574473556,0.8402164669669404
508,2.127445939852267,0.009668352049110191,1.2772452770447245,0.8405323083303413
509,2.1278845242091586,0.009671470444953563,1.277556149327025,0.8406568969390831
510,2.127940356731415,0.00968597252016925,1.2764811619203917,0.8417732180381308
511,2.1281338553039397,0.009648699075819887,1.2742533197208328,0.8442318320882564
512,2.1272804007238273,0.009634560263924757,1.2715686535348698,0.8460771967561878
513,2.127137934675022,0.009690184388499784,1.2717748612773663,0.845672896321939
514,2.1269005062628765,0.009643552867619663,1.2730398810639674,0.8442170787222532
515,2.1268924292252986,0.009622088220084504,1.2749987804159826,0.8422715676074125
516,2.1266009941393014,0.009630089863298498,1.2758176515297013,0.8411532534020287
517,2.126373960047352,0.009505936462546185,1.2762503563141336,0.840617659748817
518,2.1261153537399915,0.009514782858100168,1.2766670797552382,0.839933491787132
519,2.1266426018306186,0.00943026149037237,1.2759696865568355,0.841242645772136
520,2.1262813916011734,0.009416083776753167,1.2743235382498528,0.8425417575909167
521,2.126104398649566,0.009483238183228033,1.2727330771027778,0.8438880817622555
522,2.126046458069159,0.009529700198647927,1.2718550216178506,0.8446617354543842
523,2.126818929399763,0.00958436904285027,1.2719065346279923,0.8453280265842166
524,2.127115873657927,0.009620135844856197,1.2727155551618459,0.8447801720122902
525,2.1272015291817334,0.009719474521484606,1.2738464213147456,0.8436356375412065
526,2.127866113672451,0.009671958952153824,1.2758254585217457,0.8423686930719687
527,2.127503378050668,0.009678717493554768,1.2777626155590525,0.8400620568771752
528,2.127557465008327,0.009666714489421979,1.2783244033249057,0.8395663399477394
529,2.1275447753010965,0.00967325918775584,1.2771915276439822,0.8406799767090349
530,2.127831549060588,0.009678269912279686,1.2762589314762427,0.8418943477528436
531,2.127880630444507,0.009703569147469742,1.2749570395265306,0.8432200289502436
532,2.1278072157684638,0.009698216689332408,1.2742326588046795,0.8438763533319745
533,2.127728363689111,0.009692894081033918,1.273302166437616,0.8447333072521248
534,2.127837514390751,0.009701715962847277,1.273276220170819,0.8448595827331349
535,2.1278174981778983,0.009701964402647346,1.2737789804838142,0.8443365504547041
536,2.1279150065110652,0.009710623797181309,1.2750012223817864,0.8432031501920856
537,2.1280183694800554,0.009640540609288276,1.2767306061423556,0.8416472235504462
538,2.12748775555163,0.009687767639680177,1.2783611064054528,0.8394388772395193
539,2.127304671978464,0.009682811986731023,1.2781149757151702,0.839506882489944
540,2.126815915107727,0.009686564945862914,1.2761104946233788,0.841018868648276
541,2.1269024306414077,0.009628623329597165,1.2741667883736747,0.8431070136780642
542,2.1266268005176467,0.00966410173521358,1.273213920544605,0.8437487735432021
543,2.1262894443103244,0.009641301447563633,1.271619543129084,0.8450286038676087
544,2.1262618692553774,0.009598606384872478,1.2714693819989964,0.8451938835942016
545,2.1264499182603798,0.009439734894098068,1.2724725318198302,0.8445376671698629
546,2.126271959470243,0.009402223810439512,1.2734929420510117,0.8433767915988455
547,2.1262657897812978,0.009426913803861457,1.2745878757262716,0.8422510128240196
548,2.1260669267907435,0.009431950928529307,1.276685473870258,0.8399495050615194
549,2.126385672968261,0.009570787793823652,1.277467323809254,0.8393475656606713
550,2.126540179155311,0.00966134382297798,1.276316620257436,0.8405622131362254
551,2.1270179249802412,0.009675515753844259,1.2749997973442078,0.8423426093495622
552,2.127332866191864,0.009659401616271662,1.273864564846973,0.843808905810726
553,2.1271392179995168,0.009663494156521499,1.2722806024308106,0.8451951185659486
554,2.1271375624500974,0.009684916813762821,1.272184361608661,0.8452682832674104
555,2.127418977873666,0.009664200769015113,1.2731617354616827,0.8445930517449671
556,2.1276585642172368,0.009677122998032339,1.2748985929148537,0.8430828509890304
557,2.1272262079375133,0.009686799221006888,1.2757093918566802,0.8418300142701791
558,2.127147690374024,0.009682507353967853,1.2768198172656857,0.8406453734757949
559,2.12767340942305,0.009698770427126057,1.2782385464833708,0.8397360967130078
560,2.1274754550992228,0.009714858530431377,1.277955845302465,0.8398047387599945
561,2.127686490817946,0.00969296097945498,1.2764968707853435,0.8414966473165824
562,2.127756347461623,0.009695750471128493,1.2739353404969584,0.8441252507725541
563,2.127218888730419,0.009696803117475035,1.2726988524806744,0.8448232217710845
564,2.1274182480208728,0.009711725095629084,1.2728844491802915,0.8448220749898833
565,2.1273193529673984,0.009760209886661294,1.2732275809560503,0.8443315503548603
566,2.127349555492401,0.009677680608417307,1.2737098050360778,0.843962066939899
567,2.127984802333676,0.009713068585462717,1.2755985101874994,0.8426732262786554
568,2.127686544340484,0.009691244357132487,1.2770064199457363,0.8409888726107928
569,2.127409130943065,0.009699829041539711,1.2784448965471618,0.8392644077539444
570,2.127352696292254,0.009674017621698429,1.27798972141986,0.8396889558252023
571,2.1273103076584485,0.009697696897296272,1.2758938974263716,0.8417187129356423
572,2.1267369170578156,0.009656679298614666,1.2731613139716946,0.8439189350726654
573,2.1266562585928,0.009666871664361382,1.272059829867616,0.8449295461177826
574,2.126134659562792,0.009640707924239794,1.2720107995733922,0.8444831559852678
575,2.1262714473568662,0.009650427681793059,1.271941953775834,0.844679059422746
576,2.126123768942697,0.009500080691080312,1.272815467751756,0.8438082227901537
577,2.126051880875412,0.009393851728919817,1.2739839420026662,0.8426740859844246
578,2.1258868222333946,0.009366016331299836,1.2745893512453352,0.8419314513401109
579,2.1253992100151216,0.009365707464820268,1.2755265929261033,0.8405069124941923
580,2.1247997879981995,0.00944170249835113,1.2750047384476175,0.8403533459926138
581,2.125227020711315,0.00965286909165431,1.2744181131830021,0.8411560383986454
582,2.126529612103287,0.009736803483826165,1.2748537951586199,0.8419390113986268
583,2.127481611407533,0.009789784871307867,1.2748281615121024,0.842863667984398
584,2.127649625953363,0.009748488574345805,1.273088044657999,0.8448130880691567
585,2.1282521218669657,0.009724971068528841,1.2727237970245129,0.8458033514266111
586,2.1284277804043827,0.009723069616688453,1.2735786121718737,0.8451261067268799
587,2.1283978856339747,0.009677445340179364,1.2751727219747038,0.8435477258599534
588,2.128220026590386,0.009694457201439202,1.2764172450620301,0.8421083253865339
589,2.128257161500503,0.009702746713610023,1.2775787516516082,0.8409756558890246
590,2.1279710068994637,0.00967810224570638,1.2783863812076801,0.8399065215976871
591,2.128381602618159,0.009705684299827839,1.2788938338659248,0.8397820902114012
592,2.128298195040956,0.00968368094395466,1.2771323268510857,0.8414821934943296
593,2.1276954947685707,0.009687413138394453,1.2743190703343372,0.8436890065061803
594,2.1271888540715587,0.009675898622455341,1.2723820896781222,0.845130879660042
595,2.127159112570237,0.009666155006888569,1.2729394514949954,0.8445534995015787
596,2.1264269218152885,0.009676885838639371,1.272592804869827,0.8441572283603707
597,2.127228775802924,0.009689359108404237,1.2736576418487393,0.8438817773546491
598,2.1269765338119195,0.009678066988494627,1.2739771117969436,0.8433213535012031
599,2.1273946591785977,0.009682784127831762,1.2769090241315413,0.8408028529006608
600,2.1262831541956686,0.009686436523132178,1.2774157505862567,0.8391809740236827
601,2.1256791231583576,0.009697159837779343,1.2758381080870727,0.8401438581700228
602,2.12545865165944,0.009505606874139334,1.2741347630413211,0.8418182767167384
603,2.1257111478825004,0.009419650110245054,1.2735694421797383,0.8427220506935703
604,2.1254658893663056,0.009369820893304993,1.2724283343675185,0.8436677294726275
605,2.12522523135555,0.009332077463670653,1.2710654498363028,0.8448277036754452
606,2.1252131912173056,0.009356931930559934,1.270138214437329,0.8457180510978309
607,2.1254159187784,0.009567520348355174,1.2702503958526923,0.8455979933544081
608,2.1263503091675893,0.009838403259613077,1.2723206664834703,0.8441912331143204
609,2.127063347368824,0.00982421679346233,1.275110654684962,0.8421284820960493
610,2.1275217606096852,0.009775585799040844,1.2782472621421426,0.8394989094563893
611,2.127515808660157,0.009755150961442565,1.2781513534030136,0.8396092966503027
612,2.1277462852244473,0.009766689520709368,1.2775336662117316,0.8404459311645858
613,2.128079762264174,0.00971306583901145,1.2758506043833129,0.842516095054393
614,2.1285094047079283,0.009737377644193416,1.2752143412220234,0.8435576789233149
615,2.1284986564091275,0.009743833838372814,1.2740109009402139,0.8447439296513187
616,2.1285327672958374,0.00968504508444089,1.2737948511328017,0.8450528568759257
617,2.128227333633267,0.00968919278654669,1.2734213416673699,0.8451167886354485
618,2.128300822511011,0.009722119691420575,1.274821519243474,0.8437571799268528
619,2.1282108194974003,0.009696458404579637,1.2766322706426894,0.841882092308025
620,2.1275326402819887,0.009677631405125163,1.278190339706382,0.8396646733186683
621,2.127391373624607,0.00967549883798525,1.2779457137292745,0.8397701543812849
622,2.1274618202326248,0.00970282917842269,1.2773503825372579,0.8404086052763219
623,2.127360931464604,0.00968123709649912,1.2756132957886677,0.8420663916943024
624,2.127370086251473,0.009667415889360162,1.2735809537829186,0.8441217170686138
625,2.1269948093258604,0.00967363821228548,1.2724080815607188,0.8449131010138259
626,2.1264111569949558,0.009528842996995973,1.271400595806083,0.8454817077335046
627,2.1261773036450755,0.009631697183512911,1.2725000953187748,0.8440455104015312
628,2.1262137792548357,0.009672633928189777,1.2730915230147692,0.8434496099243358
629,2.1262024531559067,0.009478104500366109,1.275054786278277,0.8416695579582331
630,2.125618349532692,0.009426550474017859,1.2755463038172041,0.8406455063698243
631,2.125409268603033,0.009396539121980265,1.275592631831461,0.8404200934633916
632,2.125407036469907,0.009367897455599539,1.2752096123841343,0.8408295384475163
633,2.125606603768407,0.009445112654749227,1.2745999785102144,0.8415615102466272
634,2.125782385164378,0.00964318346992439,1.2729752392184979,0.8431639580094085
635,2.1263621242678896,0.009773360375238925,1.2722311184114339,0.8443576508030599
636,2.127176439275547,0.009820000092708031,1.2724346548927075,0.8449217938646978
637,2.1270924465996877,0.00976937412455374,1.2725207787387225,0.8448023023654003
638,2.127552696636745,0.009739900264432845,1.273800669884195,0.8440121220690864
639,2.1282123193448905,0.009743249466718763,1.2748896120762339,0.8435794552978204
640,2.1277728993065503,0.009745865333255152,1.2767657266587626,0.841261305067004
641,2.1281744083579706,0.00974463167771393,1.278763286313232,0.8396664927808606
642,2.127951502799988,0.009719564826512823,1.278784414335173,0.8394475147432211
643,2.1280113507290275,0.009752766675866989,1.2770857999519425,0.8411727857833006
644,2.1273023924049066,0.009709914124627806,1.2753864222643327,0.842206058149435
645,2.127744892422034,0.009726323249122622,1.2747248611888107,0.8432937124553992
646,2.1277218667828306,0.009729226385908467,1.2735228757469021,0.8444697586249332
647,2.12766171474846,0.009728460872013654,1.2723145071341067,0.8456187552335311
648,2.127514222446753,0.009728377922533117,1.2726152022274173,0.8451706380868445
649,2.1271141779666043,0.009707747549958984,1.274635799685303,0.8427706223969557
650,2.1268604531580086,0.009728870943796878,1.2759942193420566,0.8411373505178763
651,2.126147612017028,0.009727348122099529,1.2750573292070506,0.8413629385889793
652,2.1264930927023595,0.009711363623678988,1.275732843243346,0.8410488923593443
653,2.1265373716548996,0.009636073777148006,1.27666937270943,0.8402319152136238
654,2.1263966049466814,0.009573502128715721,1.2762338336633177,0.8405892614807401
655,2.1264873682236183,0.009481730780621268,1.2743050024217488,0.8427006404618828
656,2.1259885758769754,0.009453937914982741,1.271032368042031,0.8455022743770054
657,2.125114097887156,0.009505316805170506,1.26945733233374,0.8461514498506274
658,2.125219230749169,0.009578074309594778,1.2704117219058835,0.8452294395894421
659,2.1255770483795478,0.009673006998907243,1.272227230728889,0.8436768134029544
660,2.126339099845108,0.009723693436505844,1.2740230481235348,0.8425923591973831
661,2.127423659879334,0.009784976638169313,1.2759083947356866,0.8417302859680993
662,2.127565781680905,0.009787026963823912,1.2770626070548077,0.8407161676762055
663,2.1274911688298594,0.00976356382158642,1.277625558935866,0.8401020376049743
664,2.1278877805690377,0.009771685477118102,1.2776796185240453,0.840436480179125
665,2.1278406259964924,0.009752503867090052,1.27661353653791,0.8414745768722223
666,2.1284831993433895,0.00973639042325774,1.275376411116853,0.8433703938309027
667,2.1278835060645123,0.009692269767045366,1.2736356380034466,0.844555604214571
668,2.1276785123104953,0.00972077428667369,1.273135779463515,0.8448219621668056
669,2.1272414022562454,0.009713916374104363,1.2727713505832516,0.8447561358310738
670,2.127674271865767,0.00971729000935293,1.2734578282249218,0.8444991513174407
671,2.128086178886647,0.009717607979985828,1.2751951990078907,0.8431733652037017
672,2.1273861150352325,0.009715680783728555,1.276571820585095,0.8410986132767736
673,2.1269869317813797,0.009706398481693196,1.277507164648601,0.8397733633007322
674,2.1269752638680592,0.009701530643909866,1.2775518048782737,0.8397219284456603
675,2.126928136056783,0.009720105810889177,1.2761148634005566,0.8410931664461992
676,2.1264218408234266,0.009698709639321481,1.2743826198334596,0.8423405228828897
677,2.1267172426593546,0.009675224131087259,1.2727614300591605,0.8442805786522067
678,2.1262398264846025,0.009600858275341441,1.271209835397954,0.8454291327875487
679,2.125986605274434,0.009431629094808382,1.2711742471675485,0.8453807350324125
680,2.12563412895008,0.009371656620380829,1.2717038885671266,0.844558580189335
681,2.1253613294387352,0.009365899782931926,1.2726117214378045,0.8433836987432168
682,2.1252061846304913,0.009339973539570156,1.2745152505076662,0.8413509565348528
683,2.125053039618901,0.00955121935231193,1.2750288120337896,0.8404730068785804
684,2.1257776885616537,0.009774930903459994,1.2752978765234655,0.8407048841520232
685,2.1264799967104073,0.00979122700055643,1.275823402161501,0.840865355061025
686,2.128072969767512,0.009825535522469757,1.2762894156027813,0.8419580061216744
687,2.1282947586507213,0.009748292972846908,1.2764277452108812,0.842118714232834
688,2.1279019494445954,0.009755725934341247,1.2745301115269563,0.8436161227980439
689,2.128072769057994,0.00973089227966052,1.2727706937157377,0.8455711898146844
690,2.1286019001688277,0.009752350213120178,1.2726085958432178,0.8462409608218134
691,2.1283219213388405,0.009737659606854526,1.2740293400628226,0.8445549202816827
692,2.1281910149418577,0.009722120936351771,1.2762137967713025,0.8422550993914507
693,2.128065114118615,0.009705657201191905,1.27817344361422,0.8401860126427242
694,2.1279944157113833,0.009726098705349224,1.2788015421555967,0.8394667792076967
695,2.1279845408030917,0.009742243785639199,1.2778618141096465,0.8403804892179917
696,2.1277819713767694,0.009712336808253003,1.2766493491980495,0.8414202837311492
697,2.1281845691252728,0.009697947769938988,1.2755642545466521,0.842922359400866
698,2.127461398134426,0.009692058100232057,1.2738892551587553,0.8438800983891195
699,2.1269141301816825,0.009681699322346521,1.2730822636156667,0.8441501728125981
700,2.1268531582793413,0.009690993636542437,1.2727667446039161,0.8443954279836343
701,2.1272715804528217,0.009678902475125328,1.2728362424033028,0.8447564341584031
702,2.126898376309142,0.009614564221808496,1.2733918270286249,0.8438919846500669
703,2.126813133152164,0.00954436551665469,1.2750873900189692,0.842181385475762
704,2.126358280376512,0.00951631462714654,1.276395290481801,0.8404466716610656
705,2.125800537819765,0.009513461672491869,1.276117435523442,0.840169650863628
706,2.1260521119954636,0.009527951854338147,1.2762317134409535,0.8402924449468145
707,2.1265782482770024,0.009579854808291611,1.2759842051535237,0.8410141872508186
708,2.1270221970519243,0.009580785660453292,1.2749080439003146,0.8425333700617965
709,2.127102932151483,0.009637406837119132,1.2727535987386898,0.8447119377705515
710,2.126893843923296,0.00965886808722755,1.271027765103749,0.8462072136450787
711,2.1272666648942598,0.009662696944397628,1.2722145434545011,0.8453894300120217
712,2.1273905525402146,0.009748131740001999,1.2740885365982444,0.8435538982858464
713,2.1274974747579924,0.009749177102075547,1.2759344942715702,0.8418138033273269
714,2.127379467292708,0.009789641675710375,1.2771371840214243,0.8404526442897563
715,2.127618350544754,0.00975964458811344,1.2774261674102472,0.8404325374535152
716,2.1279420061987273,0.009759739858611506,1.2777129953004875,0.8404692770267019
717,2.127854185444968,0.009745205073066207,1.2773516117310038,0.8407573648253266
718,2.1277434971867777,0.00976963537003921,1.2757035043774818,0.8422703542271439
719,2.12819657520372,0.00973710570750492,1.2744455872749796,0.8440138831430551
720,2.128226196279331,0.00974520821865572,1.273137445960726,0.8453435548106019
721,2.127847281037545,0.009735573567830178,1.2727999735851676,0.845311734445241
722,2.1278752307502593,0.009740188974430975,1.2741574876162471,0.8439775604982765
723,2.1276791326853695,0.009746929611630586,1.2751932004276587,0.8427389984836384
724,2.1276499385736427,0.009762511574378123,1.2765488515094834,0.8413385602892661
725,2.1275815696132425,0.009757465212510861,1.2772243947398907,0.8405997050659997
726,2.127267764539135,0.009753483499647404,1.2780536723380187,0.8394606180337011
727,2.127269967478149,0.00973574347242865,1.276829301702733,0.8407049276390854
728,2.1269828993446973,0.009717265742697887,1.2753372344435479,0.8419284084621741
729,2.126675901364307,0.009697757680349204,1.273393638888184,0.8435844952354625
730,2.126206398010254,0.009704101431582655,1.271824142154382,0.8446781525806505
731,2.1264594306751174,0.009670740012459609,1.2710206794495484,0.845768010129734
732,2.1262516355027956,0.00969539346572544,1.2715738032545363,0.8449824266895956
733,2.1262401208585624,0.009530524115021132,1.2739156806955532,0.8427939186899029
734,2.1260772724540864,0.009436615956567076,1.2756244461147153,0.8410162059020023
735,2.1259923309695963,0.009426743775720194,1.2766162296947168,0.8399493709510687
736,2.125176568420566,0.009461778016494853,1.2756640430615873,0.8400507526738303
737,2.125729029275933,0.009549139409649129,1.2745787890589968,0.8416010950292859
738,2.12601085706633,0.009618140719070727,1.2732571180985899,0.8431355971462873
739,2.126206956347641,0.009733635637605069,1.2731066139376894,0.8433666968224
740,2.1273655502163633,0.009772554068465014,1.2735594754316368,0.8440335262186673
741,2.127265981265477,0.009771734732678351,1.2730722275315498,0.8444220150003627
742,2.127618123073967,0.009809090432767965,1.272898045121407,0.844910987481779
743,2.128184593453699,0.009792516402406047,1.2739833721092768,0.8444087046141527
744,2.1285854967273012,0.009732283262193811,1.2759674203639129,0.842885783436347
745,2.1285437029235217,0.009724044782698763,1.278599159449947,0.8402204945379373
746,2.1281644872256686,0.009734220275351283,1.2792931028774805,0.8391371630892461
747,2.1278147782598222,0.009719035702244359,1.278090635124518,0.8400051037267763
748,2.127706376873717,0.009698328419531487,1.276442558181529,0.8415654891607712
749,2.127684239222079,0.009725522549290742,1.2755616538378658,0.8423970639705658
750,2.127882198411591,0.009732496634847959,1.2747498714194005,0.8433998333556312
751,2.1277424474151765,0.009697708315501104,1.2738094986701498,0.8442352459746965
752,2.1278518596474005,0.00973049364508871,1.272600671466516,0.8455206934286623
753,2.127820528283411,0.009750482954122886,1.2727078734611978,0.8453621697060916
754,2.1274693985374604,0.009756544989780808,1.274125384432929,0.8435874782046493
755,2.1270731188813032,0.009714438898336827,1.2766876774174827,0.8406710025607323
756,2.127166355142788,0.009719015802351795,1.2775790995481062,0.83986825419932
757,2.1267010314123973,0.009660031351888058,1.2774856522375224,0.8395553419784624
758,2.1265023764298885,0.009642966386234882,1.275666013055918,0.8411933946974424
759,2.1265717866469402,0.009696963005604185,1.274124099892013,0.8427507150538114
760,2.1260621632848467,0.009643198314065836,1.2727148757905375,0.8437040852648872
761,2.126237823038685,0.009481100897703851,1.271918350336503,0.8448383771643346
762,2.125821496759142,0.009451968657156947,1.270948156410334,0.845421374148252
763,2.1256542777528566,0.009455230310369206,1.271229858301124,0.8449691780367676
764,2.125380058677829,0.009483857023320635,1.272001743924861,0.8438944533771399
765,2.125303196663759,0.009601808566486045,1.2736511510245654,0.8420502275836711
766,2.1259645187124914,0.009701098591013223,1.2755473535888049,0.8407160673214464
767,2.12658199120541,0.009760298751940837,1.2768818213015187,0.8399398667471749
768,2.127343414997568,0.009856879787177456,1.2774157645751019,0.8400707710154203
769,2.1279412666145636,0.009806656696814664,1.2761335080983687,0.8420011054496376
770,2.1278911208619875,0.00980709813421174,1.274973301254973,0.843110705212671
771,2.127769555364336,0.009771877068227955,1.2738866994575577,0.8441109696821291
772,2.127686860610028,0.009736736813484102,1.2737654642182954,0.8441846671761298
773,2.1279569085763423,0.009736836864137831,1.2738467424499744,0.8443733207425292
774,2.128190974799954,0.009718251053471955,1.2737757788628947,0.8446969481147065
775,2.1285410766698876,0.009748209329626086,1.2753421256736832,0.8434507415002707
776,2.1284136820812614,0.00973512397660893,1.2768624291128041,0.841816130645421
777,2.127767582328952,0.009759704501615191,1.2778988006163616,0.840109071257163
778,2.127744589533125,0.009739120215253562,1.2785397883580656,0.8394656677027138
779,2.1277924326001383,0.009765967180268193,1.2775643954471665,0.840462082198688
780,2.127986845921497,0.00973582508669672,1.27661402432286,0.8416369858444953
781,2.127853191628748,0.00974430304438788,1.27511072645382,0.8429981570462791
782,2.1277061712985135,0.009740537227302486,1.2736596544178165,0.8443059823950942
783,2.12755918867734,0.009763048966510259,1.2723186946645075,0.8454774380946646
784,2.127431517961074,0.009767907049164784,1.2724620626897227,0.8452015503936884
785,2.1275535894899953,0.009755651746895544,1.273998414375344,0.8437995116929619
786,2.12679894967955,0.009777395420574717,1.2751061946761852,0.8419153729871828
787,2.1268406984757404,0.009740908587427467,1.276502897544783,0.840596896045062
788,2.126686839424834,0.009738679984774517,1.2765989966538487,0.8403491605909503
789,2.126396421267062,0.009713718277991426,1.2759504816970046,0.840732222308918
790,2.1265977815705903,0.009687387531775296,1.2758804194781246,0.841029976095472
791,2.126604582582201,0.009544867537535575,1.275306488786425,0.8417532252413886
792,2.1265305098222225,0.009439577600367519,1.2744104108031915,0.8426805318010097
793,2.125910600837396,0.009490714512993487,1.27163373754949,0.8447861415999276
794,2.125802127682433,0.009505102102055537,1.2703425209132992,0.8459545072852349
795,2.125816902335809,0.009572271599757428,1.2703428438731603,0.8459017739004019
796,2.1261460951396396,0.00963370494867618,1.2722997945182177,0.844212601075367
797,2.1271069195805765,0.009741891612659911,1.275570088503312,0.8417949418024141
798,2.1270744119371687,0.009797320378069975,1.2773130195481437,0.839964078397167
799,2.127101624498562,0.009803697471601926,1.2776305602521312,0.8396673597851578
800,2.127609443907835,0.009760231117014679,1.2771993285539198,0.8406498818373194
801,2.12764527116503,0.009818347617603687,1.2761855253151484,0.8416414017579994
802,2.127979447647017,0.009782385399413049,1.2749650989259993,0.8432319626516226
803,2.127892424865645,0.009767882682725179,1.2735825314813731,0.8445420070570342
804,2.1275073326363856,0.009744004821594881,1.273023967232023,0.8447393589482015
805,2.1278355632509505,0.0097564270301741,1.273598747594016,0.8444803904513923
806,2.1277186055572663,0.009745761766383539,1.2742980049580943,0.8436748418880968
807,2.127908324708744,0.009763527690071841,1.2749917136163127,0.8431530710385771
808,2.1280272542213905,0.009753846378084652,1.2763418828954503,0.8419315221966529
809,2.1277886580447762,0.009783382066620551,1.2776033519482126,0.840401930468423
810,2.1274735830268083,0.009794817116035491,1.277941814490727,0.8397369439504585
811,2.127664478457704,0.009777389557043813,1.2779573895493332,0.8399297059798727
812,2.1272083739845122,0.00975930323938326,1.2757480351292356,0.8417010334681492
813,2.127099614970538,0.009760645355991259,1.2747546951381528,0.8425842669545388
814,2.127180671205326,0.009739480689358043,1.2733774014881678,0.8440637989920012
815,2.127196737698146,0.009776769557549638,1.272051642135698,0.845368323277454
816,2.127138309332789,0.009735359206833705,1.2716976775198567,0.8457052808026878
817,2.126984575573279,0.009727574210157809,1.273368898094917,0.8438881009208913
818,2.126630371930648,0.009716938216505306,1.2751893577527027,0.8417240855645161
819,2.1265347648640067,0.009689083004522384,1.276455132328734,0.8403905526715882
820,2.1261477068978913,0.009619379268807113,1.276078215058969,0.8404501147416173
821,2.126305485258297,0.009586149741116226,1.2758758621556419,0.8408434634305992
822,2.1266317647330615,0.009574279949373128,1.2757617077048944,0.8412957921320078
823,2.1263789984644674,0.009600256859533945,1.2749702334403992,0.8418084997303632
824,2.1268900851814116,0.00960578619768577,1.2737020594733102,0.8435822418149637
825,2.126767956480688,0.0096438083398555,1.271781372172492,0.8453427826871678
826,2.1268362743513927,0.009744613773512597,1.2715820408597285,0.8455096100057874
827,2.1269496472514406,0.009738211002086803,1.2726276735870206,0.8445837555491195
828,2.1273749349068622,0.009818320965622457,1.2741678113840065,0.8433888019347677
829,2.12749646026261,0.009810495684493561,1.2762667767855587,0.841419188647854
830,2.127718395116378,0.009768308563233942,1.277820564046198,0.8401295320720089
831,2.1275763463000863,0.009818214832862117,1.2775935238721419,0.840164595416614
832,2.127832433398889,0.009781421623097695,1.277266039532058,0.8407849708990175
833,2.1279878348720316,0.00977859918351228,1.2768307966845376,0.8413784400540956
834,2.1277816770028095,0.009781185794165549,1.2755569608844057,0.8424435425169614
835,2.127556417669569,0.009754042511767879,1.2740042544141108,0.8437981167618109
836,2.1280399183837737,0.009760014665294059,1.274306455437018,0.8439734465613657
837,2.128347929643125,0.009746964531475487,1.273806823759663,0.8447941413947514
838,2.127641484445455,0.00975068859109769,1.2731589157970584,0.8447318858638102
839,2.1274271510085283,0.009771578270485816,1.273797935977274,0.8438576332160405
840,2.1273132015247733,0.00975024156101352,1.2757492643229815,0.8418136974986719
841,2.1272871348322653,0.009748907574471466,1.2775365418317366,0.8400016928813896
842,2.126675481698951,0.00974205393838335,1.2773323156395737,0.8396011122635433
843,2.126687939069709,0.00970796169237975,1.276587103702584,0.8403928729952598
844,2.1262714473568662,0.009602857397261019,1.2745619659521141,0.8421066233089992
845,2.1260931187746475,0.009491240396639523,1.2730231856813237,0.8435786795251223
846,2.1258072573311475,0.009449659594885853,1.2713823853706827,0.8449752224343163
847,2.1254731915435014,0.009453190880238401,1.2708596179679947,0.8451603824386791
848,2.1252929081722183,0.00946122949600828,1.271401820742354,0.84442986608768
849,2.1258906296321323,0.009546319478932691,1.2722378817139839,0.8441064263484916
850,2.1260240965959976,0.009702252913076354,1.2732147988007994,0.8431070510830198
851,2.127156534973456,0.009890307572537236,1.2753369321628494,0.8419293031400564
852,2.128115643043907,0.009839053831196256,1.2783083404813493,0.839968236733456
853,2.127866978548011,0.009825076879363279,1.279156322990145,0.8388855880012318
854,2.1281062765997283,0.00979504576523085,1.277160384217087,0.8411508442796006
855,2.1283054899196236,0.009765412839015528,1.2744791544213587,0.8440609303664188
856,2.1273050369048607,0.00977393550019027,1.2729793501143554,0.8445517591067723
857,2.1277180910110474,0.009742372284396266,1.273667188323274,0.8443085307977638
858,2.127690545150212,0.009762066573246705,1.2736554942568954,0.8442729738902073
859,2.1277993503881962,0.009757534239669236,1.274270281499746,0.8437715254876078
860,2.128337417330061,0.009789330119799291,1.2747900340021874,0.8437580417613594
861,2.1280755291179734,0.009802766301079976,1.276694759422419,0.8415780043115422
862,2.127528020313808,0.009761270221170723,1.2783189567984368,0.8394478042514957
863,2.1276060038683364,0.009756370651896815,1.2784343209801887,0.8394153172872505
864,2.1272209712437222,0.009770074279560727,1.276589712318109,0.8408611803030481
865,2.1272595622101607,0.009733101557370047,1.2746688979012626,0.8428575618534672
866,2.126779075787992,0.009740300120177622,1.273090389918308,0.8439483815918163
867,2.126236251422337,0.009695055847037204,1.2717998727243773,0.8447413316794804
868,2.126531883161895,0.009614843746875318,1.2718466879153738,0.8450703529679046
869,2.1262531718429254,0.009508804256590654,1.272566659109933,0.8441777119831163
870,2.126242846858745,0.009491121044800597,1.2734496660378514,0.8433020607549317
871,2.1258348019755617,0.009477000236891362,1.2742685651292607,0.842089235478518
872,2.125391823904855,0.009483550651455107,1.2749373730348081,0.8409709069801836
873,2.1255647917183076,0.00960073731744624,1.2755145655602824,0.8404494882846365
874,2.1261082583544204,0.009709383950245624,1.2764830418995448,0.839915819009956
875,2.126907846149133,0.009768392838423654,1.275420485710611,0.8417189641266453
876,2.1273553310608375,0.009820884811140749,1.2739760699320812,0.843558381102523
877,2.1275559116382987,0.00981634893283552,1.273461403287187,0.84427815706146
878,2.1277188719535363,0.009799689330084592,1.273283907345363,0.8446352755536839
879,2.127655031729718,0.009798754149173595,1.2731386879268958,0.8447175923050666
880,2.12781591683018,0.009776887075253288,1.2738063311090275,0.8442326987884483
881,2.128156859047559,0.009781251205321478,1.2751193308100408,0.843256273135847
882,2.1278415650737528,0.00978289403458487,1.2764916499050296,0.8415670075586864
883,2.1279686944825307,0.009736178095965666,1.2787500601641986,0.8394824670893806
884,2.1280202172240434,0.009750847148766019,1.279137030547979,0.8391323418033366
885,2.128180424777829,0.009744754407973009,1.2773103920780882,0.841125275711624
886,2.12774812810275,0.009725286620574035,1.2753788476087609,0.8426439889839717
887,2.127439478222205,0.009733896574233564,1.2737839939642925,0.8439215835259886
888,2.1276520636616922,0.009719652195023944,1.2731422940079047,0.8447901089580692
889,2.127375523654782,0.009740053010838372,1.2721719638425477,0.8454635055089483
890,2.1274167700689666,0.00974465637676874,1.2730152947562081,0.8446568052987663
891,2.127495387379004,0.009756480011024646,1.2745509555145187,0.8431879476625093
892,2.127036153053751,0.009762236781950508,1.2764816612613445,0.8407922514847347
893,2.126164156563428,0.009717720180597841,1.2769421971574122,0.8395042376858848
894,2.1262797530816524,0.009708262799421743,1.2762543394857524,0.8403171522884952
895,2.126109832403611,0.009557885236619991,1.2755756791757078,0.8409762698776868
896,2.1263167201256263,0.009513592100417127,1.274764054283804,0.8420390796904661
897,2.1261311745157045,0.009553437358794771,1.2734321836306124,0.8431455568999661
898,2.1262747912990805,0.009575881158971056,1.2718831635251338,0.8448157526400625
899,2.126454235339651,0.009617556043311345,1.2709566756170623,0.8458800118188469
900,2.1268872825466856,0.009761943766961292,1.2718808444178835,0.8452444949320385
901,2.1271218779135723,0.009780431190049467,1.2738067641550181,0.8435346906890675
902,2.127748338543639,0.009790024886439954,1.2758604105637998,0.8420979036968581
903,2.127778554449276,0.009857870837939637,1.2772444675163346,0.840676204890621
904,2.127725835965604,0.00980150964282149,1.2780476705152162,0.8398766590624439
905,2.128044703785254,0.009800376256509704,1.2783916623008496,0.8398526599820779
906,2.128298971117759,0.009795144224083242,1.276929492244915,0.8415743383217831
907,2.128048842050591,0.009755577483423511,1.274745410802413,0.8435478578416669
908,2.1279620102473666,0.00978221211639442,1.2733318008938614,0.8448479963200433
909,2.127563729578135,0.009766963985273424,1.2728651834993947,0.844931576324969
910,2.1278294093754826,0.009748189629302646,1.2736682855353063,0.8444129398890904
911,2.1281027903362197,0.009763641810348752,1.27404670143614,0.8442924527489409
912,2.1283901054031995,0.009784478404350122,1.2754129876895828,0.8431926454816546
913,2.1277959626548144,0.009764182067723299,1.277633707742302,0.8403980738046218
914,2.1273606018144258,0.009787746866670798,1.2783697904372702,0.8392030614979413
915,2.1274591161280263,0.00976700217425063,1.2782008228253345,0.8394913013492312
916,2.126987942627498,0.009768450138520221,1.275258867108092,0.8419606265973072
917,2.12696083589476,0.00972308230358271,1.2738390862941742,0.8433986777553752
918,2.1266284280893752,0.009748095560970962,1.2732887109931634,0.8435916356286224
919,2.1265461359705244,0.009714059094537278,1.272535538795043,0.8442965472231105
920,2.1266375719284523,0.009700267361857149,1.2720921513985615,0.8448451386422527
921,2.126556402566482,0.009611334409374667,1.2727104267295526,0.844234647495406
922,2.126543496336256,0.009480450478173336,1.2737335556623888,0.8433295068692188
923,2.125835204611019,0.009508445882713613,1.2743756917058204,0.8419510719119286
924,2.1255939177104404,0.009478382167539426,1.2748281688106304,0.8412873720636174
925,2.1254313539485543,0.009555685984883077,1.2755543273322436,0.8403213601939532
926,2.1257699959132137,0.009647555825091442,1.2755961710092973,0.8405262621081605
927,2.1261938104824143,0.00971043128900382,1.2751225652743359,0.8413608180625098
928,2.1275426708922094,0.009856602552403905,1.2748898328567038,0.8427962362766266
929,2.1277692853188026,0.009842264760589721,1.273546533316982,0.8443804790779036
930,2.127776471935973,0.009828512870459532,1.2728875103045483,0.845060435788972
931,2.127709731763723,0.009794949625181605,1.2728471634339313,0.8450676160199302
932,2.1283006291000213,0.00978636259346136,1.2742231196286726,0.8442911435754932
933,2.127644496304648,0.009785378271029616,1.2752042345854702,0.8426548899436483
934,2.1281831897034937,0.00978997453324953,1.2766546339404827,0.8417385840902523
935,2.1276822722688014,0.009797455700190395,1.2779578457073288,0.8399269808920062
936,2.12774488877277,0.009765076398735448,1.2777682104889228,0.8402116049309166
937,2.128038125378745,0.009765740849875979,1.277779153415135,0.8404932280584257
938,2.1276294029488856,0.009765346947943374,1.2767126955548111,0.8411513542642399
939,2.1277013640014495,0.009780306226516865,1.2750261949033153,0.8428948637174101
940,2.1276644553456987,0.009781904162230844,1.2731563290771173,0.8447262212938192
941,2.127974653730587,0.009817227336330985,1.2724246394877532,0.8457327850010931
942,2.1280021618823617,0.00979964300153815,1.272734982018568,0.8454675294306814
943,2.1280706549177366,0.009787027111124932,1.2749071735508588,0.8433764437023474
944,2.127499879622946,0.009788493768369056,1.2760057960237776,0.8417055999137917
945,2.127289720943996,0.009789046104427199,1.2773859926632471,0.840114696293461
946,2.127195807135835,0.00976125683103289,1.2775104879116526,0.8399240605685175
947,2.127578136872272,0.009756199207765107,1.2774064504370397,0.840415499344164
948,2.127134379075498,0.009758996487386068,1.2758820738111223,0.8414933149303708
949,2.127021459900603,0.009728509362558929,1.2739787582232027,0.8433141957740394
950,2.126622517498172,0.00969191490938621,1.2725572348857412,0.8443733697034874
951,2.12661163904229,0.009703689140780849,1.272077590227127,0.8448303615560337
952,2.126423643559826,0.009593087391053535,1.2720228749878553,0.8448076655670088
953,2.1267207885275083,0.009529644114972681,1.2727868514401572,0.8444042956950714
954,2.1263474968014933,0.009578122077889892,1.2734884005420062,0.8432809698338412
955,2.1261460209379393,0.00955582071779942,1.2752442889067592,0.841345912339736
956,2.126517562233672,0.009609068952956977,1.2770787477493286,0.8398297429084778
957,2.126729644074732,0.009692879417455015,1.2773828567290793,0.8396539061653371
958,2.1272002190959696,0.009735478026488302,1.276755236849493,0.8407094998627292
959,2.12759931720033,0.009759311155625144,1.275192105648469,0.8426479043401017
960,2.1275164837739906,0.009837583234837773,1.2731798796021208,0.84449902176857
961,2.1278926912619145,0.009813550080419804,1.2737749796740863,0.8443041522892154
962,2.1276933246729324,0.00978975634242655,1.2737166340253792,0.8441869446209499
963,2.1275574783889617,0.00979963610690011,1.274203146598777,0.8435546847022309
964,2.1280610938461457,0.00978758599495097,1.2748940951970158,0.8433794202853222
965,2.1280931587121925,0.009798763918557338,1.2747884636022606,0.8435059238453301
966,2.128031180829418,0.009780683545205665,1.2758763614965944,0.8423741429435964
967,2.128207345398105,0.00976290606076316,1.278096551797828,0.8403478885183528
968,2.1276958000903226,0.009753992405663036,1.2791555019057528,0.8387863000436705
969,2.127281051509234,0.009762623979310905,1.277854098957412,0.8396643388028048
970,2.127354630402156,0.009754497125478727,1.2750000594830027,0.8426000697880375
971,2.1267511406723334,0.009759959945341155,1.2733092070842276,0.8436819774155714
972,2.1271735283793234,0.009739773010606972,1.2726718308974285,0.844761921130881
973,2.127099489679142,0.009738074696375703,1.2723626001757018,0.8449988167504875
974,2.127194640587787,0.009708833381799715,1.2735160394590728,0.8439697711443415
975,2.1271493349756514,0.009756961903933967,1.2739685001421948,0.8434238804846393
976,2.1269675103985533,0.00972036466154517,1.2756669101666431,0.8415802589484623
977,2.126951047352382,0.009708189443514054,1.2767062314919062,0.8405366284506661
978,2.1265485055592594,0.009656095345105444,1.2774898117902327,0.8394026011228561
979,2.1265248412988624,0.00964652251794326,1.2762953158544035,0.840583006946408
980,2.126507871005,0.009591692973080337,1.2750976408014492,0.8418185519320625
981,2.1268389419633515,0.00968207596630162,1.273720961444232,0.8434359038970909
982,2.126663962189032,0.009661840360459625,1.2731267390202503,0.8438753856688129
983,2.126946248570267,0.009732104177415674,1.272562328650027,0.844651820404189
984,2.127269836104646,0.009761861696535227,1.272863465912488,0.8446445027176215
985,2.1277878515574398,0.009791524372804833,1.273888812381394,0.8441075150455747
986,2.128115883895329,0.009823557174745567,1.2754558008544299,0.8428365220220722
987,2.1278680234539267,0.009813727202768229,1.2774095888040504,0.8406447035317518
988,2.1282478120862223,0.009825024996142911,1.2789859875124328,0.8394368074986399
989,2.128209616456713,0.009781881672691325,1.2786741408766533,0.8397535964542505
990,2.127694092234787,0.009811938493227472,1.2767702833730348,0.8411118713568668
991,2.1280977592176322,0.009766538247314036,1.276290933696591,0.8420402784736789
992,2.128164217180135,0.009773225224177753,1.2751645226867832,0.8432264553040875
993,2.1284433639779383,0.009765716906332848,1.2739197021844435,0.8447579385674729
994,2.1281698054196885,0.009750764232547003,1.272717259368118,0.8457017896734939
995,2.1282600590160916,0.00975894469444697,1.2734840287237752,0.8450170810125313
996,2.128033242663559,0.009774588447596346,1.2758118181812519,0.8424468350653745
997,2.12767808413019,0.009772943180738663,1.2773386896873007,0.8405664490193737
998,2.1275497735763085,0.009792818934941779,1.2777903858496218,0.8399665766224569
999,2.1275672644984964,0.009789242599235505,1.2773034955774034,0.8404745167615463
1000,2.1276957246722006,0.009821577700881325,1.2770546474018876,0.8408194978018196
1001,2.1277914144554915,0.009788856936656699,1.2762316459295702,0.8417709138320417
1002,2.127520566083947,0.00979136125355655,1.2742844534163573,0.8434447597484199
1003,2.127494146629256,0.009781562789742435,1.2730494226728166,0.8446631641412268
1004,2.126939531491727,0.009749357512562859,1.2723299283154157,0.8448602429458073
1005,2.126830973187271,0.00976645078377,1.272761267666914,0.8443032609564918
1006,2.1268996973426972,0.009753593015579544,1.2740738939265817,0.8430722130804645
1007,2.127041624516857,0.009685659443731514,1.2747285852626877,0.8426273754056619
1008,2.1266404962053103,0.009646363009945775,1.2755273440662696,0.8414667945127098
1009,2.126806547447127,0.009635095902699597,1.2771343838195413,0.8400370676298531
1010,2.126658168374276,0.009630020722100625,1.2770865729876928,0.8399415770355536
1011,2.1270383438285516,0.009608995972429308,1.276811645347245,0.8406177050605113
1012,2.12710148461011,0.009630348609418285,1.2750272033165913,0.8424439442401029
1013,2.1268098755758635,0.009628380753327998,1.2726042033458242,0.8445772957436892
1014,2.1269656066991844,0.009701874140383942,1.2715661519644212,0.8456975896747745
1015,2.127423342393369,0.009752914456802667,1.2721776372315932,0.8454927896358528
1016,2.127726530542179,0.009803011253172038,1.2737505557585735,0.8441729554716422
1017,2.1279323989031265,0.00985060127128904,1.275703215477418,0.8423785789280521
1018,2.127547497652015,0.009821278565772334,1.2770285886161181,0.8406976224208365
1019,2.127604693782573,0.009806587783695787,1.2778094283172063,0.839988683863562
1020,2.12812894217822,0.009765897221787244,1.2782578419665902,0.8401051942183047
1021,2.127803407153305,0.009769834487755992,1.277685713403079,0.8403478623652945
1022,2.1281758595486076,0.009819617651745069,1.2762530823143161,0.8421031473850717
1023,2.1279972937642313,0.009789824528543621,1.2744585634494314,0.8437488930565971
1024,2.1279085278511047,0.009828022001691314,1.2731688095598805,0.8449117094278336
1025,2.127982105527605,0.009808835435696706,1.2731009806905473,0.8450722989379144
1026,2.128018313524674,0.009758903934829394,1.2737329462353064,0.8445264566309598
1027,2.1278016518573373,0.009812143925881507,1.274318092939805,0.8436714100594424
1028,2.127543791216247,0.009764422139875134,1.2754947610047398,0.8422846109891424
1029,2.1279796191624234,0.009748426769689029,1.2776315577176152,0.8405996360340897
1030,2.127189568110875,0.009762895288782157,1.2780309167443489,0.8393957651391322
1031,2.1273414370964985,0.009784443156641662,1.2774165588982251,0.8401404391137921
1032,2.126886179252547,0.009757254353477334,1.2755642648862333,0.8415646580409031
1033,2.1263177698972275,0.009649200844863544,1.2735976570723009,0.8430709084685968
1034,2.126464545726776,0.009563379730953246,1.27231984722371,0.8445813290926875
1035,2.1260130101320693,0.009549157736746937,1.271130275361392,0.8453335801557619
1036,2.1257678318996818,0.009509622394962579,1.2707673937690502,0.8454908044362555
1037,2.1256049129427694,0.009517263849170841,1.2713464571505178,0.8447411902705018
1038,2.125344152353248,0.00956319622239288,1.2736627082435452,0.8421182507763103
1039,2.125007148908109,0.009603669030629858,1.2750800665544004,0.8403234232445153
1040,2.1258777197526424,0.00965420816245736,1.2757649117586565,0.8404585919818099
1041,2.1267211145284226,0.009902354149261907,1.2762795376534364,0.8405392291594525
1042,2.127488695845312,0.009867398225113141,1.2763122776333167,0.8413090167605147
1043,2.127802305075587,0.009821901359234234,1.2764428659361235,0.8415375354946876
1044,2.128188271911777,0.009856358094483006,1.2753264259318917,0.8430054865929545
1045,2.1281560902692833,0.00983599701668231,1.2739808851358843,0.8443392086393979
1046,2.128228489233523,0.009820032940835369,1.272490179660369,0.8459182612749995
1047,2.1280213752571417,0.009798034778511037,1.2726028756219514,0.8456204752532803
1048,2.128390764703556,0.0098031456249633,1.2749554472310203,0.8436321737814922
1049,2.127616440763279,0.009761451368163131,1.2763544278485435,0.841500562368607
1050,2.1273467504248327,0.009770305380605313,1.2772890007009312,0.8402874427182334
1051,2.1278105244344596,0.009778812033485393,1.2775261572429113,0.8405055504064171
1052,2.127864657616129,0.009771276393677203,1.2777895848361813,0.8403038060178563
1053,2.127663972426434,0.009795220744587024,1.2767222365554498,0.8411465208141171
1054,2.1276181437531294,0.009768109958694905,1.275454146521432,0.8423958940773594
1055,2.1273546535141614,0.009770356669869959,1.2736077770894887,0.8439765113348864
1056,2.1271634053210824,0.009748451140880281,1.2730945433889116,0.8443204082396566
1057,2.126946799609126,0.009769697065408133,1.2722932592946656,0.8448838342209252
1058,2.126657399596,0.009736384673766335,1.2722661288417116,0.8446548860900256
1059,2.126930364540645,0.009734258806446985,1.2725860531232795,0.8446100421097814
1060,2.1269452328584633,0.009666651173741842,1.2748014026758623,0.8424771805198825
1061,2.1261685514936643,0.009546018067785367,1.276478466938953,0.8401440464112223
1062,2.126573905652883,0.009491845342919839,1.2780498704131769,0.8390321956605328
1063,2.125365462838387,0.009472423128555623,1.2755142426004216,0.8403788056908822
1064,2.124868777333474,0.009508838340145896,1.2723500807674564,0.8430098556742376
1065,2.125040431411899,0.009554508251461143,1.2711873504580284,0.8442985731728223
1066,2.125354616009459,0.00969063845101972,1.2714412844910914,0.8442226979805498
1067,2.1271034625111795,0.009856944328782206,1.272529814316302,0.8447167076626603
1068,2.12765754607259,0.009844597281736076,1.2731934469573352,0.8446195058676661
1069,2.1281222263161017,0.0098730606140987,1.2735040151343053,0.8447451439439034
1070,2.1279850918419507,0.009843602149310161,1.2755766693426638,0.8425648258048661
1071,2.12817566857046,0.009819918345393879,1.2783586705217556,0.8399970789953154
1072,2.1278828078386733,0.009789710493796334,1.2786376239085684,0.8394554750043519
1073,2.1277052626317863,0.009803147083718558,1.2781618322644914,0.8397402888049885
1074,2.128400746656924,0.00978349918043431,1.277236358243592,0.8413808954005338
1075,2.1278849572551493,0.009800550865237507,1.275378585469966,0.8427058135976597
1076,2.1282607268313973,0.00977735875687581,1.2743271461554937,0.8441562135608829
1077,2.1281043035643443,0.009785749740442452,1.2729572799741005,0.8453612722912613
1078,2.1280967556700414,0.009818740949338796,1.272450437351149,0.8458275816270283
1079,2.12791935400087,0.009796517972397258,1.2738925845039135,0.8442302516528538
1080,2.1281106824777565,0.009803556148152875,1.2760701854618228,0.842236941870378
1081,2.128214097752863,0.01001647129483825,1.2776780986056036,0.8405195283038276
1082,2.128155896858293,0.009822000469062097,1.2786284149909506,0.8397054760431757
1083,2.127764437879835,0.009809985666592814,1.2774508887407732,0.8405035725053476
1084,2.1275973174036764,0.00981211300692236,1.2767145664108044,0.8410706352822634
1085,2.1276162412701822,0.009816675100057405,1.2748805856218144,0.8429189856563296
1086,2.1268514516402264,0.009778350643927649,1.2733871596200126,0.8436859444696077
1087,2.1269849940222136,0.009809128346149715,1.2721198195097398,0.8450560475490532
1088,2.1264793276786804,0.009741097802714425,1.2718096211248515,0.8449286173801033
1089,2.1263146801870696,0.009760705141198575,1.2722098419860917,0.8443441314964878
1090,2.1263333680678387,0.009651202109775372,1.2735078876115837,0.8431742814730625
1091,2.1257118607053953,0.009513907319847114,1.2742819700922285,0.8419159793732117
1092,2.125607907772064,0.009494445652567915,1.2741894509111131,0.8419239968061447
1093,2.1248863607036825,0.009454386821966998,1.27485860792958,0.8405733677197476
1094,2.1247945561700936,0.00946071117698234,1.274914989666063,0.8404188518013272
1095,2.125498507704054,0.009501426898855336,1.275106740241148,0.8408903446124525
1096,2.126042509565548,0.00976443448940254,1.2728991386841755,0.8433789446645853
1097,2.126473536296767,0.00985116597588117,1.27095159401699,0.8456707773159962
1098,2.1270633996749413,0.009803687160530565,1.2715069706342659,0.8457527531653034
1099,2.127781490890347,0.009888809331103551,1.2732382824226303,0.8446543958722329
1100,2.1274557551559137,0.009839560195081393,1.2743379011446117,0.8432782958356702
1101,2.1279227113237185,0.009818295064401262,1.2759234278785938,0.8421809834485151
1102,2.128290974363989,0.009824583340170128,1.2774774462592846,0.8409889395139656
1103,2.1277101185857035,0.009787758028286755,1.2785173630227848,0.839404997168755
1104,2.127756723335811,0.00983012106497677,1.278267640848549,0.8396589661739311
1105,2.127847214134372,0.009819996514718751,1.2771287019155464,0.8408985055831014
1106,2.1284633400488873,0.0097952452013079,1.275965886456626,0.8427022011304388
1107,2.1283055397928976,0.009786796271420864,1.2745754171390922,0.8439433279694343
1108,2.1279511281422208,0.009804444197489291,1.2734084737544158,0.8447382185532122
1109,2.128136621446026,0.009789047059508003,1.2735173653583138,0.8448302073746311
1110,2.12823432075734,0.009794334401091447,1.2743312418460846,0.844108736332582
1111,2.1283973114831105,0.009821478705092961,1.2746896646460708,0.8438861680274107
1112,2.1284788628013764,0.009824774489376922,1.2761029874791905,0.8425511076134078
1113,2.1279730273752797,0.009828475403732486,1.277814080520552,0.8403304693650226
1114,2.1275990216099485,0.009796968314378542,1.2787004119279433,0.8391016426743293
1115,2.127442168946169,0.009804863872348654,1.2777988004441163,0.8398385057035758
1116,2.12688431447866,0.009809922255879762,1.2751944393527752,0.8418799532311303
1117,2.1269664873882217,0.009760700313526452,1.2736568633390932,0.8435489206897969
1118,2.1265333684123293,0.00977740709536842,1.2723449030700995,0.8444110580853054
1119,2.1262927505434774,0.009694052518022304,1.2722681736459538,0.844330513051578
1120,2.1266159366588204,0.009597221251615152,1.2719640804796803,0.8450546337633716
1121,2.1266358409609114,0.009524691783423935,1.2733417037798433,0.8437694399332514
1122,2.1261556112036413,0.009495222679700474,1.274104439482397,0.8425559410635306
1123,2.125965669447062,0.009489285773882757,1.274614110284922,0.841862286536061
1124,2.1258572960386473,0.009577658131946715,1.2750593314365464,0.8412202940303453
1125,2.1259900501796176,0.009670740235786962,1.2760516198313967,0.8402676859072277
1126,2.1269510862778644,0.009819531053000567,1.2766332261416378,0.8404983117872354
1127,2.127857661977106,0.0098420173946616,1.276412776538304,0.8416028591443081
1128,2.1280803351986166,0.009823171146290034,1.274965953461978,0.8432912108849506
1129,2.1279526194747613,0.009838333914094433,1.2732453072557643,0.8448689832371108
1130,2.128066497189658,0.009832188776903311,1.2724432787116693,0.845791042155149
1131,2.128147074154445,0.009847200394855166,1.2730739025437101,0.8452259715722532
1132,2.12800408382805,0.009801788673717149,1.274874974270256,0.8433273212642086
1133,2.1280271021687254,0.009807464970769932,1.2766431746434193,0.8415764588482526
1134,2.1276708269605833,0.009799096586030662,1.2780898091744404,0.8397819186959948
1135,2.127578336365369,0.009790883489827417,1.2786244786515528,0.8391629828482258
1136,2.1276387389825313,0.009823107745080275,1.2773263399698296,0.840489290806712
1137,2.12778101526961,0.009812041960314525,1.275631141905882,0.8423378275973457
1138,2.1273341568148867,0.009775038984395107,1.2740774033020954,0.8434817106748114
1139,2.1274615732990965,0.009795802502835892,1.273200443812779,0.8444653357170067
1140,2.127172970041937,0.00979783599340946,1.272673977272851,0.8447011517626899
1141,2.1273940850277335,0.009776042322913299,1.2732872914294808,0.8443307584645797
1142,2.127060059381991,0.009776489875678505,1.2736014145977643,0.8436821516679258
1143,2.1273591275117836,0.009755333419889212,1.2757336314843626,0.8418701488752754
1144,2.127244310719626,0.009761182173174255,1.27641203695414,0.8410710956977339
1145,2.126822066550352,0.009765919720830053,1.2763220163024203,0.8407341266164974
1146,2.1267228041376387,0.009736379541988884,1.2767812372470388,0.8402051782729675
1147,2.1270225096722037,0.00968552461103061,1.2768026164599828,0.8405343695562713
1148,2.127039534705026,0.009659441753423639,1.2758769143600852,0.8415031788908706
1149,2.127126648717997,0.009740219356454149,1.2732212105575873,0.8441652144704547
1150,2.1272663705203,0.009796988470859977,1.2716687692671407,0.8458006017062129
1151,2.1270494898971246,0.00978977136237889,1.2717134472058744,0.8455462750731683
1152,2.127733965309299,0.00982079754241419,1.273624491326663,0.844288669982735
1153,2.1273747877198823,0.009812919161643605,1.2753888502412913,0.8421730152806457
1154,2.1276411000563176,0.009833978930944386,1.276699811220169,0.8411073043030135
1155,2.1278958296289248,0.009852798351523827,1.2773441307398739,0.8406988981426978
1156,2.1282615126395714,0.009825470002025974,1.2784197178422188,0.8400163279504193
1157,2.1280031094745713,0.00983862742325481,1.2775486981382176,0.8406157891969291
1158,2.128078493536735,0.009787844156618325,1.277007130943999,0.8412835138792895
1159,2.1284389447192757,0.009817291231711909,1.2763213211176347,0.8423003353634659
1160,2.127838966797809,0.009798364865840698,1.2745068340885395,0.8435337564774922
1161,2.1281821533125274,0.009804816821552053,1.2731709011963435,0.8452064410156134
1162,2.128305268530943,0.009800200773479074,1.272774340546861,0.8457307362434815
1163,2.1284356871429755,0.009830282530652322,1.2738671369698582,0.8447382623443798
1164,2.1286182476549733,0.009820049115437634,1.2761369335408113,0.8426612728104299
1165,2.1279710251457837,0.009796693227348887,1.2782989563990612,0.8398753726968959
1166,2.1278623975053126,0.009809350680407822,1.278501453448315,0.8395515874940522
1167,2.1275133320263455,0.009804139887838036,1.2777878198088433,0.8399213880908732
1168,2.1274733348768584,0.009812684686930508,1.2762873628918006,0.8413732839482171
1169,2.1278295735923614,0.009803515117691487,1.2757586605694828,0.8422673892001716
1170,2.1278159435914485,0.009790896442813836,1.2742548755237035,0.8437701728270979
1171,2.1274140039268805,0.009789320127088197,1.2723816694045553,0.845243010289815
1172,2.1267694283504874,0.009765631229407629,1.2713942874451072,0.8456095183382228
1173,2.127103483190342,0.009745184564962983,1.2727757692337036,0.8445825263553736
1174,2.1271712390743955,0.009739634115248919,1.2747568196179915,0.8426747915087914
1175,2.12602286557762,0.00964986029252106,1.275683585478335,0.8406894064071228
1176,2.1264670515546995,0.009592471763073486,1.2764594518408483,0.8404151201248169
1177,2.1260706976968415,0.009569465249244655,1.2760670811546093,0.8404341470830294
1178,2.1262780172484264,0.009566113471566719,1.275693240822578,0.8410186779742338
1179,2.126443715728059,0.009562352064008616,1.2749048763391924,0.8419764957257679
1180,2.1267814964664224,0.009591296310441531,1.2745326246534074,0.8426575709362419
1181,2.127290831536663,0.009805442005091784,1.2739749082497187,0.8435104729569688
1182,2.127930062157767,0.009812162267234253,1.2723685977410297,0.8457492979205384
1183,2.127746652583687,0.009867702691568708,1.2717806861108663,0.8460982669981159
1184,2.1279385564278583,0.009850601314053851,1.2734156506402152,0.8446723201445171
1185,2.1281524835800636,0.00983266616050078,1.276305143930474,0.8420146801033799
1186,2.127699749810355,0.009863402347593588,1.2780261173540233,0.8398102272529991
1187,2.1278859024145165,0.009786255724195923,1.278615569581791,0.8394840773271055
1188,2.1278235681202946,0.009774805160657483,1.2778610483724244,0.8401877174572069
1189,2.127532962633639,0.009794132788760625,1.2764075246392463,0.8413313174126099
1190,2.128077980206937,0.00979999398660599,1.2751587276556053,0.8431192499642469
1191,2.12786542274514,0.00982267201440979,1.273404987490907,0.8446377543162327
1192,2.1278876078372098,0.009785317882363285,1.2729701478870548,0.8451321483874807
1193,2.1275351607069677,0.00981510577400272,1.2725304474636001,0.8451896011829376
1194,2.1271719227031785,0.009791906514414112,1.2735832199758412,0.8437968048514152
1195,2.1273288593000297,0.009807338900103862,1.2752615675634267,0.8422599513919986
1196,2.127227462067896,0.009777460879247104,1.2765997368462232,0.8408502610970516
1197,2.1270179103831857,0.009783660527318716,1.277170226282003,0.84006402139761
1198,2.127445433820997,0.009783321906033218,1.2775210336763032,0.8401410692200368
1199,2.126919835197682,0.009765627062214273,1.2765877502305167,0.8405664620959029
1200,2.127440649635938,0.00973287271335721,1.2758371337335936,0.8418706448710694
1201,2.127136140453572,0.009672264482978046,1.2739450572704782,0.843518817303132
1202,2.1267689782745984,0.009710344276866135,1.2715452635774807,0.8455133781749375
1203,2.1261374123242436,0.00968998682932282,1.270482874038268,0.8459645473227209
1204,2.126257228608034,0.00957767026765006,1.2721331338493191,0.844546413543273
1205,2.1263486402375356,0.009551056280580103,1.2732307357447488,0.8435668556057677
1206,2.1258852725126305,0.009496321436017752,1.2753282420489254,0.8410607150622776
1207,2.125609826068489,0.009536446190952343,1.2761737284611683,0.8398996488172181
1208,2.125664343639296,0.00959664566100252,1.276521612186821,0.8395460807547277
1209,2.1261727724756514,0.009805555464889931,1.2751185297966003,0.8412486792218928
1210,2.1268899647557005,0.009833374607129668,1.2735299230838308,0.8435266723438185
1211,2.127907777319149,0.009896265238295404,1.2734278063384854,0.8445837090210039
1212,2.12764333827155,0.00988601939752698,1.2732490288967988,0.8445082863374632
1213,2.1278387077000676,0.00983578837191572,1.273803089954415,0.8441998274350653
1214,2.127858749457768,0.009805680466435698,1.2739990396159036,0.8440540314328914
1215,2.1285904937860916,0.00981360836410705,1.2750359378298934,0.8437409397898888
1216,2.1285961939364064,0.00980344682703821,1.2763253474722103,0.8424673855912929
1217,2.1281797350669396,0.009813761828011093,1.2780336451773742,0.8403323289691186
1218,2.128080151518997,0.009821190270690285,1.2792603963491869,0.8389985804655113
1219,2.1281345000072402,0.009806035723233101,1.2788685140561085,0.8394599599497659
1220,2.127991642270769,0.009811392030203524,1.27625216574085,0.8419280836776811
1221,2.1279413979880664,0.009807636776026718,1.2744198003593756,0.8437139656470747
1222,2.1278180881422393,0.009795842863315222,1.2729468862621152,0.8450753548923804
1223,2.127594322574382,0.009819800661382626,1.2727900068370663,0.8449845128521627
1224,2.1275112276174584,0.00982496601871538,1.272981846210908,0.844704405689726
1225,2.127789393979676,0.009797737971708482,1.274924361584138,0.8430672938726387
1226,2.1276644529128563,0.00982996631337672,1.2761708425015819,0.8416636373315539
1227,2.1275524618674297,0.009804764843298768,1.2772554828196157,0.8404922099137793
1228,2.1273799915702973,0.009803122023538667,1.2775101667764235,0.8400667112092582
1229,2.1273927822404977,0.009808640447160115,1.2776381543704443,0.8399459786561071
1230,2.127428028048301,0.00979605900142722,1.2767679995420027,0.8408639768556673
1231,2.1274527518116697,0.009774033412603396,1.2744826425094993,0.8431960821759944
1232,2.1272331877630584,0.00981083703322374,1.272425843136651,0.8449965031171331
1233,2.1270607174659264,0.009779652290768465,1.271956851287764,0.8453242051966336
1234,2.1270105230564975,0.009791784093012007,1.2723215471725076,0.8448971877900922
1235,2.1274093888243852,0.009771816090357547,1.2736940754919637,0.8439435089121059
1236,2.1271389151106077,0.009788475246453772,1.2748887916000522,0.8424616513811812
1237,2.127010620370203,0.009806529775603997,1.276353904787375,0.8408501865912457
1238,2.1266592631534653,0.009757475010404477,1.2770446295640907,0.8398571543547572
1239,2.1267361762572308,0.009733882081713907,1.2773017573113343,0.8397005312905019
1240,2.1265366138244164,0.009728237867773491,1.2756255524499076,0.841182813352468
1241,2.127153215359668,0.009731966949885294,1.2747956702903824,0.8426255930443199
1242,2.1272849513559926,0.009639126842613427,1.2726864553227717,0.8449593712480701
1243,2.126828157171911,0.0097570479039711,1.271777213227992,0.8452938861992895
1244,2.1267284021085624,0.009758476310466625,1.2721917489353491,0.8447781834675341
1245,2.12702356430949,0.009796961538531646,1.273616158232397,0.8436104530582622
1246,2.1274411289059385,0.009848352597684277,1.2748061193495381,0.8427866533094522
1247,2.1280075761736654,0.009864689516169685,1.2764654573129148,0.8416774321575554
1248,2.1279850030431944,0.009869189020626399,1.2769651333896481,0.8411506694190356
1249,2.1283596510789833,0.009856028434801467,1.2784101245354633,0.8400935004560315
1250,2.128274383593579,0.009845385071346345,1.2787735790622479,0.8396554233468309
1251,2.127820222961659,0.009847245188620018,1.2768637975867914,0.8411091894519572
1252,2.1287752864312153,0.009830648279083627,1.2760203906467982,0.842924236643071
1253,2.1280641604442985,0.009832070218589234,1.2742484181511158,0.8439836641963647
1254,2.1284028303866482,0.009806933950594798,1.2737967560485917,0.844799135716594
1255,2.1282305352541866,0.00981285076645412,1.2736244457108634,0.8447932366813932
1256,2.128596479795417,0.009806203636891988,1.274555156425554,0.8442351200750896
1257,2.12853809765407,0.009816580874921411,1.275480329990387,0.8432411858621909
1258,2.1282273774244347,0.00983197312821083,1.27694137607302,0.8414540430720971
1259,2.127771352018629,0.009813749283666209,1.2777056566306524,0.8402519508892176
1260,2.127393519391819,0.009843045028344708,1.2780062756976303,0.8395442068576813
1261,2.127812853881291,0.009819131301791996,1.2776390752013849,0.8403546420895324
1262,2.127683628578575,0.009842664630589436,1.2758135041412042,0.8420274656037895
1263,2.127229486192976,0.009799496161428337,1.2736726877640705,0.8437573021771957
1264,2.127249997489306,0.00980478840195859,1.27281290414382,0.8446322977542877
1265,2.1272081489465675,0.00981058096703218,1.2720813410622733,0.8453162209111817
1266,2.127169126150559,0.009772177842654745,1.272441333045765,0.8449556134185012
1267,2.127187407746607,0.009782862764003933,1.273497602161096,0.8439069405502203
1268,2.1269886469354433,0.009744722187062916,1.2752891578236405,0.8419547850380138
1269,2.1263545751571655,0.009703498252914573,1.2768296179722767,0.839821462424434
1270,2.126036826445132,0.009599987802342797,1.2767161532324187,0.8397206898246493
1271,2.1264139316519914,0.009581181349004713,1.276315258473766,0.8405175002253785
1272,2.1266751897578335,0.009551684343617181,1.2749962113341506,0.8421272906113644
1273,2.1268992034756407,0.009648107909312358,1.2737008406191457,0.8435502453726165
1274,2.1268909670868696,0.0097300743598643,1.2726860934374284,0.8444748012995233
1275,2.1272562730069065,0.009829313912409909,1.2722367133413042,0.845190241932869
1276,2.1279059076795774,0.009885423983048116,1.2732447683811188,0.8447757116994079
1277,2.127949217144324,0.009842801715570445,1.2739871582206415,0.8441192574647008
1278,2.1282414879117693,0.009864875053682802,1.276069473247139,0.8423071409366569
1279,2.1282782578954893,0.009867292710066753,1.2779299495171528,0.840481026744356
1280,2.1279377791346334,0.009851742616607522,1.2788857702089815,0.8392002600796369
1281,2.1281620191068065,0.009822686563949195,1.2782884276643092,0.840050894082809
1282,2.1283661662315834,0.00981265714163987,1.2770408087847185,0.8415127037739267
1283,2.1280288854423834,0.009814509166860762,1.2757055607377266,0.8425088114276225
1284,2.128398986495271,0.00980777689255774,1.2752940028297657,0.8432971981106973
1285,2.128262833673127,0.00982456025192324,1.2733776843061253,0.8450606042633251
1286,2.1284458965671305,0.009834738106143718,1.2730742163804112,0.8455369515078408
1287,2.128187452043806,0.009825173176216836,1.2736203968524933,0.8447418860634979
1288,2.1283630862527962,0.009882938183311905,1.2754094466871144,0.8430707062385521
1289,2.1283337510361964,0.00985436130562151,1.277732557788187,0.8407468312248891
1290,2.1279225896815865,0.00983894665782549,1.2786457684575294,0.8394378858561419
1291,2.1272784702631893,0.00982982350741418,1.2778059542179108,0.83964269197717
1292,2.1274153821322384,0.00983182441120093,1.27648129815958,0.8411022683187407
1293,2.1275490802161547,0.009830339436362289,1.2752715391772134,0.8424471942137699
1294,2.12717568752717,0.009804401708272646,1.2732247284480505,0.8441465609535879
1295,2.1274556481108373,0.009792497923255575,1.2722497953444112,0.8454133512414231
1296,2.1271151900291443,0.00980155913121238,1.271358241232074,0.8459553955769052
1297,2.12672942146963,0.009808114330683435,1.2724463550411924,0.8444749573055579
1298,2.1270942213583965,0.00972733514535488,1.2745976375073802,0.8427692423669659
1299,2.1267598052414094,0.009652011495615755,1.2767069041728973,0.8404009010718794
1300,2.126599310612192,0.009586713547647303,1.2774495677072175,0.8395630203339518
1301,2.1265647460003287,0.00962422586198212,1.2770524529778227,0.8398880596671786
1302,2.1271911129659538,0.009759411985548784,1.275597023720644,0.8418346847198448
1303,2.127427660689062,0.009817094090679775,1.2744678496098032,0.8431427141233366
1304,2.1276966795629386,0.00990243047969986,1.2731111414578495,0.8446831018949041
1305,2.128003561983303,0.009885961056819983,1.2729280913362697,0.8451895063020745
1306,2.1276361613857504,0.009869319111184806,1.2726981773668407,0.8450686752187963
1307,2.1281096716316377,0.009864515534659125,1.274209816845096,0.8440353316920144
1308,2.1278213396364327,0.009828412705766303,1.2760485045763912,0.8419444238652989
1309,2.1280573326714185,0.009855532225183383,1.2777462115093154,0.8404556029305166
1310,2.127881385842148,0.009818152006601497,1.2782105535876995,0.839852684006399
1311,2.1276737524538625,0.00984173643459775,1.2772627034965827,0.8405693006150576
1312,2.127898009455934,0.00988325287530921,1.2771619454938539,0.8408528064586678
1313,2.127671235678147,0.00983549776601092,1.2767108088853407,0.8411249317684952
1314,2.12815491885555,0.009851922067262384,1.2760442537920815,0.8422587410527833
1315,2.1286597495176354,0.009833854665903717,1.2745240476666664,0.8443018438256517
1316,2.1278009718778184,0.00983627307779935,1.2719552072943474,0.8460094852715122
1317,2.127342995332212,0.009830686387282853,1.2718691278477103,0.8456431910091516
1318,2.127495235326339,0.009804310457666918,1.2744292908785295,0.8432616284307168
1319,2.1270942128434474,0.009810312299475986,1.2756392894958963,0.8416446152390266
1320,2.127051871650073,0.009761678325772589,1.27653661917667,0.8407535647251168
1321,2.1266529000535304,0.009751288576659804,1.276273291938159,0.8406283183365452
1322,2.1264121946023433,0.009768927256025526,1.276105286515489,0.8405379856727562
1323,2.1266437610801385,0.009622798619639814,1.276582159558121,0.8404387983740592
1324,2.1262878763432407,0.0095285457007739,1.2750437344823564,0.8417155937272676
1325,2.1263050485630424,0.009504277111810386,1.2729352232144804,0.8438655436038971
1326,2.1248823744910106,0.009484560955886026,1.2701108850994889,0.8452869395212251
1327,2.1254436349382204,0.00953164209649727,1.2696345953308805,0.846277399330723
1328,2.125489913687414,0.009602155678962566,1.270068734884262,0.8458190174127111
1329,2.1260604931383718,0.00980561907042046,1.272759629755604,0.84349524974823
1330,2.1266337706118215,0.009876319535114631,1.2749185349260057,0.8418389193865717
1331,2.127357330857491,0.009923884811412011,1.2774068208373324,0.8400266435073347
1332,2.127925534637607,0.00990010500524421,1.2785623815594886,0.8394630374957104
1333,2.128188511546777,0.009894334877442037,1.2778526076248713,0.840441571510568
1334,2.127957594637968,0.009865115862339735,1.2765564809040146,0.8415359958093993
1335,2.128722982747214,0.009835092141768155,1.2749782253284843,0.8439096638134548
1336,2.1280609320621102,0.009881266777650739,1.2729376968072386,0.8452419659921101
1337,2.128018610331477,0.009838408396142174,1.272633537346003,0.8455466676731499
1338,2.1284380664630813,0.009853343925990013,1.2740276905955101,0.8445570368547829
1339,2.12843037259822,0.0098599556747976,1.2758240201035325,0.8427463909801172
1340,2.1280128542257817,0.009830008009068516,1.2773614270346505,0.8408214191392976
1341,2.12803132071787,0.009817167589136836,1.2778020513300994,0.8404121006629905
1342,2.1278805903026035,0.009826011395043865,1.2775291155795663,0.8405254480181908
1343,2.127679558432832,0.009858840249706896,1.277059522818546,0.8407611910785947
1344,2.1278835109301975,0.00985283740054892,1.2771091254390017,0.8409215436906231
1345,2.1276849739405574,0.009814902137470792,1.2760261418868084,0.8418439240479956
1346,2.127748428558817,0.00983960199055775,1.2741751877629026,0.8437336339634292
1347,2.1270637122952207,0.00981370610070928,1.271849087914642,0.8454009251935142
1348,2.126905453448393,0.009809279614793403,1.2712872758203624,0.8458088983078392
1349,2.126684917479145,0.00973312599508434,1.2720754712211841,0.8448763234274728
1350,2.126686069430137,0.00959111822350901,1.2739473885419417,0.8431475585212513
1351,2.1264722067482618,0.009557936934526173,1.2753607223228531,0.8415535366048619
1352,2.1259340887167015,0.009518299688946227,1.276252802537412,0.8401629927815223
1353,2.1251987498633715,0.009552968623192638,1.2755233079803234,0.8401224801735002
1354,2.12580698363635,0.009582977048216425,1.2754725284722386,0.8407514870774989
1355,2.1264821960001576,0.009699344297642914,1.2745503552105961,0.8422324940258142
1356,2.127162055093415,0.009920272120863808,1.27388154852147,0.8433602315430738
1357,2.127477322305952,0.009846552313134378,1.272430104260542,0.845200663014334
1358,2.1280251108870214,0.009876713745904212,1.2723890062497587,0.8457593853984561
1359,2.1280178257397244,0.009876013861741034,1.2730512740660687,0.8450905352222676
1360,2.1280756836034813,0.00986993780397639,1.2748812747244933,0.8433244587207327
1361,2.1283102692389977,0.009876488075990762,1.276837455374854,0.8415963312192839
1362,2.1280207658300596,0.009841408200409948,1.2780622481083384,0.8401171136267331
1363,2.1282938670138924,0.009806215202397838,1.2786490418473069,0.8398386087952828
1364,2.1283191442489624,0.009857400952439224,1.2783509456381505,0.8401107909728069
1365,2.128316909682994,0.009848417909055645,1.2768246993726613,0.8416437956751609
1366,2.128309030922092,0.00982861941186141,1.2754797819925814,0.843000631247248
1367,2.127866567397604,0.00982935282838892,1.273908515973967,0.844128703280371
1368,2.1279453927156875,0.00982413171524448,1.273460473941297,0.844660791207333
1369,2.1276812529077334,0.009831364893791626,1.2728275346512696,0.8450223517661192
1370,2.1272431770149542,0.009802466591021844,1.273274236187643,0.8441664701213643
1371,2.1277006669920318,0.009816639790577548,1.2751119933566268,0.8427720465222184
1372,2.1271776690775033,0.009796363448876202,1.2762229929164963,0.8411583112818855
1373,2.126706547883092,0.009774666526639948,1.276717557590835,0.8402143230243605
1374,2.126672707041916,0.009684524603416117,1.2766284182363627,0.8403597632232978
1375,2.126399607074504,0.009633737606737686,1.276361879037351,0.840403998080565
1376,2.126329221287552,0.00961714944973284,1.2748792378269895,0.841832829981434
1377,2.126386250768389,0.009615888229894395,1.2733972431445608,0.8433731210475065
1378,2.126224776920007,0.009625307726198616,1.2723433874091323,0.8442560887458374
1379,2.126572820605064,0.009769163598135417,1.2718792515141624,0.8449244018720121
1380,2.1277786627107735,0.009932268244613494,1.272444911757294,0.8454014826185849
1381,2.127805396002166,0.009846924433522686,1.2736152580806188,0.844343229824183
1382,2.1282813196279564,0.009899672662497175,1.2755238833476086,0.842857764083512
1383,2.1282103621229833,0.009903538506478071,1.278035815881223,0.8402710106908059
1384,2.1278340998961003,0.009866849552573902,1.2790895943738976,0.838877664536846
1385,2.127524661774538,0.00986964446587526,1.2777470581385555,0.8399079645774803
1386,2.1275503550257002,0.009863033116205918,1.2759312896095976,0.8417560059805306
1387,2.1273882729666576,0.009859736985051814,1.2745931203268013,0.8429354176837571
1388,2.127448167119707,0.00984624904409355,1.27415795958772,0.8434439559980315
1389,2.127623114050651,0.009871003607630121,1.2739386461219009,0.8438134573552073
1390,2.1280443437245427,0.009800541666051259,1.2734539879828084,0.844789807893792
1391,2.127978891742473,0.009821860984499966,1.2731789064650634,0.8449781159965359
1392,2.1279234241466134,0.009828418569297207,1.273844681832255,0.8442503247334032
1393,2.1280881543548738,0.009811072496279162,1.2767558584407883,0.8415212293668669
1394,2.1273313651279526,0.009796722564009987,1.2786138294910898,0.8389208307679819
1395,2.1269789070499185,0.009810059953823077,1.2782907929955696,0.8388780613943022
1396,2.1268564584303875,0.009803934673759706,1.2759238968090134,0.8411286348591045
1397,2.126791162150247,0.009742357891661172,1.274213817046613,0.8428349856819425
1398,2.1266193134444102,0.00979420353126313,1.2729007030019954,0.8439243995413488
1399,2.1268674500134526,0.009693792983129317,1.2729284976209914,0.844245159504365
1400,2.1269034354054197,0.009699652536905237,1.2726443148389155,0.8445594806452187
1401,2.1270918250083923,0.009667901469546616,1.2729408540287797,0.8444830772219872
1402,2.1271444303648814,0.009736383942012884,1.2736487528499292,0.8437592794700545
1403,2.12767284865282,0.009740510945949627,1.2757943047552693,0.8421380376937438
1404,2.127625607714361,0.009889388072057342,1.2768303466086486,0.8409058777045231
1405,2.1282651266273187,0.00987312099326174,1.2781799271398662,0.8402120689956509
1406,2.1280168258413976,0.00989176224613068,1.2783716138528318,0.8397534526124293
1407,2.128277990282798,0.009855077701753803,1.2778366998750337,0.840586202789326
1408,2.1286811159581553,0.009812649139868361,1.2766401135191625,0.8422283563686876
1409,2.128166626910774,0.009823718089230207,1.2742052674293518,0.8441376461058246
1410,2.128442774013597,0.009814740120604331,1.2733588784324879,0.8452691402362318
1411,2.1279042788914273,0.009832792031597726,1.2724972105756098,0.8455742767878941
1412,2.1279699279337514,0.009828616247265314,1.273519587760069,0.8446217194503668
1413,2.1282388166505464,0.009829057594381121,1.2758296947089993,0.8425800581367648
1414,2.1278698480859095,0.0098183230040785,1.2779367426220252,0.8401147793142163
1415,2.127564935051665,0.009833709379582077,1.2781812694607948,0.8395499587059021
1416,2.127046819852323,0.009835201833511189,1.2775483952493083,0.8396632321635071
1417,2.1272908497829826,0.009861130790062705,1.2761400804227712,0.8412896339990654
1418,2.1275779033193785,0.009857194156062846,1.2753460090987536,0.8423747034097204
1419,2.12764066092822,0.009817941484934822,1.2742990936551775,0.8435236249043017
1420,2.1276622925485884,0.009851501632139695,1.2736744850265735,0.8441362949658413
1421,2.127283446642817,0.009816799103757557,1.2722124384374034,0.8452542083603996
1422,2.127609375788241,0.009821295961547566,1.2721457286756865,0.8456423452922276
1423,2.1276839351167482,0.009820681958630378,1.2738752365112305,0.8439880238503826
1424,2.1272547196368783,0.00980238202598174,1.2760398059475178,0.8414125302616431
1425,2.1263707195009505,0.009806797735164968,1.277389834121782,0.8391740896872112
1426,2.1270758996204453,0.009797534354183138,1.277731227023261,0.8395471417782258
1427,2.126895712346447,0.009732850908054685,1.276274665886042,0.8408881824235527
1428,2.1272107472225112,0.009643144031264345,1.2751742850761025,0.8423933164805782
1429,2.126860752397654,0.009682650939200302,1.2733192887841438,0.8438588119283015
1430,2.1273409724235535,0.00966946162492493,1.2721667028203303,0.8455048081826191
1431,2.1271349690398393,0.009777275351237277,1.2716680302911876,0.8456896735089166
1432,2.1280600720522354,0.009873618979995348,1.2732423750721678,0.8449440768786839
1433,2.128166883575673,0.009891199237876097,1.2754302024841309,0.8428454870472148
1434,2.128173522803248,0.009880992560172263,1.2774192477975572,0.8408732900814134
1435,2.128035285034958,0.009869380644997773,1.278479312147413,0.8396866005294177
1436,2.1281692957391543,0.009837027800706576,1.2787649576761284,0.8395673176463769
1437,2.1283862396162383,0.009889599330229114,1.2775586064980955,0.8409380334980634
1438,2.1284789443016052,0.009849409952911795,1.2759106925555639,0.8427188375166484
1439,2.128393107531022,0.009805953538767537,1.2743779810107485,0.8442091649892379
1440,2.1283037139444936,0.009811710765851396,1.2735719376680803,0.8449200568150501
1441,2.127934391401252,0.009843973352630831,1.2726524484400847,0.8454379719130847
1442,2.1283030643755074,0.009851132158418091,1.273926778715484,0.8445251541478294
1443,2.1285442089547915,0.009843297169676848,1.2759451337006626,0.8427557881389346
1444,2.1282593972828923,0.00983694356353003,1.2772582690326535,0.8411641735203412
1445,2.1282555473094082,0.009863954545854002,1.2782967954265827,0.84009479199137
1446,2.1276070049830844,0.009841918964319083,1.2779936358636739,0.8397714550397835
1447,2.127724187714713,0.009846821650672627,1.27722174415783,0.8406556145269044
1448,2.1278638523452136,0.009858051234172011,1.2762532167288723,0.8417525863160893
1449,2.127931637423379,0.009829367339915159,1.2749071632112776,0.8431951053896729
1450,2.1277874416234543,0.009829818964840807,1.273288451895422,0.8446691644435026
1451,2.127365710783978,0.009838568251009802,1.2721872980497322,0.8453398517199925
1452,2.1271840321774387,0.00981379593057292,1.2722308550562178,0.8451393888312944
1453,2.1275202084560783,0.009764484795076507,1.2738167953734496,0.8439389223955116
1454,2.1271288261121635,0.009818036703164784,1.275264566650196,0.8420462368094191
1455,2.1266137130406437,0.009779118956541833,1.2758738197842423,0.8409607671961492
1456,2.1267413728091182,0.009747682604938745,1.277107653569202,0.839886028243571
1457,2.126868701710993,0.009775934636364786,1.2769621069333992,0.8401306718587875
1458,2.1271422103959687,0.009800039711693416,1.2767490069476926,0.8405931664972889
1459,2.1275596594323916,0.009770468727932597,1.2753884749753135,0.8424007056318984
1460,2.1276170209962495,0.009754804148319729,1.2732416062938923,0.8446206082494891
1461,2.1265982365121645,0.009717114488309135,1.270800521787332,0.8460805884429387
1462,2.1270613463557497,0.009804951255114712,1.2720392942428589,0.8452171102470282
1463,2.127403815181888,0.009785593762917787,1.2741848698684148,0.8434333673545292
1464,2.1276708257441617,0.009835189099100475,1.2756498042418032,0.8421858421393803
1465,2.127832044144066,0.009870196711652133,1.276230121145443,0.8417317240822072
1466,2.1278701400270266,0.009882913888146987,1.2773414911056051,0.8406457432678768
1467,2.127888640578912,0.00986684830289106,1.2779345597539629,0.8400872234179049
1468,2.128272230527839,0.009882465807949098,1.278489623750959,0.8399001201804803
1469,2.1283920164010963,0.009846062138106446,1.2769753069293743,0.8415706522610723
1470,2.128216270281344,0.009860013749412432,1.2743467785874192,0.8440094803060804
1471,2.1283001437479134,0.009833810532617629,1.2731857518760525,0.8452805879772926
1472,2.1282438356049207,0.00983608267935259,1.2736172785564346,0.8447904741885711
1473,2.1282415085909316,0.009843908383377961,1.2737979268541142,0.8445996730303278
1474,2.1280656907023214,0.009892976933101915,1.2745382171504351,0.8436344974503225
1475,2.128069136823927,0.009840381949455763,1.2758176241602217,0.8424111334036808
1476,2.127945390282845,0.009841540438712252,1.2780988380617024,0.8400050140157038
1477,2.127549741949354,0.009840823130263967,1.2785359961645943,0.8391729222268475
1478,2.127902377624901,0.009841626391232925,1.2782266097409385,0.8398341493947166
1479,2.1274651970182146,0.009858528546494792,1.2753007144344097,0.8423059509724987
1480,2.1277098838163884,0.009857508715014068,1.273855566370244,0.8439967939440085
1481,2.1273045904782353,0.009846105064474503,1.2733274509712142,0.8441310509735224
1482,2.1275190236617108,0.00983186865377487,1.273568712326945,0.8441184512814697
1483,2.127702922237163,0.009838863551540643,1.2732434789745175,0.8446205802717988
1484,2.1277368518770956,0.009840805772501899,1.274186679295131,0.8437093721360577
1485,2.1280937146167367,0.009827094295119144,1.275605401822499,0.8426612162468384
1486,2.1277653806063594,0.009862182334027424,1.2767549163224745,0.841148283712718
1487,2.1274877944771124,0.009824870472621858,1.2781214422109175,0.8395414778164455
1488,2.127402424812317,0.009822200332787268,1.2780114704248857,0.8395687566728008
1489,2.127303715871305,0.009867704036284466,1.2765622327522355,0.8408737827320488
1490,2.127321002434711,0.009833361521097166,1.275531718925554,0.8419559157016326
1491,2.1276831079502494,0.009801362679168885,1.2739281125214634,0.8439536486961403
1492,2.1271567563621367,0.00979461526612238,1.2719735740398874,0.8453885611830926
1493,2.1268882228403676,0.009789112865050532,1.2719724099246823,0.8451266948665891
1494,2.1271392630071055,0.009807655449994668,1.2726473504183244,0.84468426661832
1495,2.1274713241324132,0.00986419556358335,1.274162355126167,0.8434447652223159
1496,2.127842819204136,0.009821278166634088,1.2773206422523575,0.8407009003721938
1497,2.127432640717954,0.009795114868415557,1.2786156997388722,0.8390218214112886
1498,2.1272248248664702,0.009828140464972476,1.2776905669241536,0.8397061234834243
1499,2.1272991810526167,0.009838442223108545,1.2761521229938584,0.8413086086511612
1500,2.1280394220838743,0.00987778280443531,1.2754373003025443,0.8427243320917597
1501,2.127628963820788,0.009887204044593536,1.2740032362694642,0.8437385218484061
1502,2.128292988757698,0.009892522718529312,1.2734149986383867,0.8449854701757431
1503,2.1280696294745622,0.009897152175746706,1.2737318478068527,0.8444406390190125
1504,2.128270576194841,0.009857400458268061,1.274415163969507,0.8439980240500703
1505,2.128510916719631,0.009880940049734652,1.275123616262358,0.8435063654062699
1506,2.1288170254960352,0.009865573593130221,1.2769933963308528,0.8419580575154753
1507,2.1280022664945952,0.00985203028124358,1.2781476992733625,0.8400025303874697
1508,2.127550565466589,0.009836032839339912,1.2784998860894417,0.8392146463905062
1509,2.127657856260027,0.009863100831910056,1.277753278308985,0.8400414856720944
1510,2.127560097344068,0.00983541109599173,1.2755754881975603,0.8421492044414792
1511,2.127469093215709,0.009849721447051483,1.273143118741561,0.844476254923003
1512,2.1274204010866127,0.00985174465031192,1.271865352075927,0.8457033071590929
1513,2.127148661078239,0.009859079803929341,1.2728741856253878,0.8444153915862648
1514,2.1274064645475272,0.00984413037551757,1.274350146249849,0.8432122006708261
1515,2.127713677834491,0.009854272321550821,1.2752319367564455,0.8426274788014743
1516,2.127300738071909,0.009853970910403497,1.2749689780935949,0.8424777917715968
1517,2.1274438901823394,0.009846099908938822,1.2760561303216584,0.8415416625081277
1518,2.1275439846272373,0.009819234673846133,1.277570122966961,0.8401546271479859
1519,2.12755293140606,0.009830640548155928,1.2785128890251627,0.8392094100008205
1520,2.1280039877307657,0.00983311310980697,1.2773890331083415,0.8407818410469561
1521,2.127668574148295,0.009815448396173971,1.2743478897882967,0.8435052347426512
1522,2.1273562689216767,0.009811663857604168,1.2730601959082546,0.8444844116361774
1523,2.127036762480833,0.009837911331227847,1.2726308654765695,0.8445679858631018
1524,2.127345169077114,0.009818832841416707,1.2730982881419513,0.8444280444967504
1525,2.127809002691386,0.009880413139733125,1.2734083435973342,0.844520243759058
1526,2.1278947968872224,0.009852096642728667,1.274310893550211,0.8437318108519729
1527,2.1282778649914023,0.009856291566690316,1.2771873845129598,0.8412341882987898
1528,2.1279778565679277,0.009843913714724536,1.2793666604830294,0.8387672782552485
1529,2.1278172013710956,0.009845185193366237,1.2787218215514202,0.8392501798819523
1530,2.127645379426528,0.009885603576252351,1.2768763662601004,0.8408834177012346
1531,2.1279240323572743,0.009848050488045022,1.2754159983323545,0.8426599891818299
1532,2.127853127158418,0.00989427400885948,1.2743621571939818,0.8435966877304778
1533,2.1282020746445167,0.009828951475875718,1.2736006847449712,0.8447724407424733
1534,2.128278905031632,0.009870736541378558,1.2724759055643666,0.8459322525530445
1535,2.128278054753128,0.009905597560905985,1.2733923957055928,0.8449800716979163
1536,2.128039318688062,0.009866472827840825,1.2757791061790622,0.8423937407075143
1537,2.127755953341114,0.009875051582194105,1.2780883689315952,0.8397925304515022
1538,2.1275295274598256,0.009875626507576327,1.2783841575895036,0.839269753621549
1539,2.127462233815874,0.009892257529177837,1.2773763750280653,0.8401936043281945
1540,2.127591310715189,0.00983599048316935,1.2765022954162286,0.8412530291445401
1541,2.1278014462821337,0.009866275425468172,1.275361679038223,0.842573493719101
1542,2.127463143699023,0.009848295402123916,1.2735233428526898,0.8440914966013967
1543,2.1273263121137815,0.0098447771125226,1.272252271370012,0.8452292665535089
1544,2.1278111873840797,0.009851461860864443,1.2725329289630967,0.8454267960421893
1545,2.1277622981947295,0.009862397840170532,1.2741030107955544,0.843796892129645
1546,2.1276726674060433,0.00986441650560924,1.2751972042784399,0.8426110349139389
1547,2.127674540694879,0.00987054226083719,1.2766657277029387,0.8411382634420784
1548,2.1274322453810246,0.009842391862362927,1.2771677806669353,0.8404220750137251
1549,2.1277089715003967,0.009830595616593349,1.2781102584332835,0.8397681193084133
1550,2.127858688636702,0.009870867819848413,1.277727696360374,0.8402601386211357
1551,2.128033202521655,0.009873719296741242,1.275883701382851,0.8422757818990824
1552,2.1277845866826115,0.009856998036634557,1.2732111349397777,0.8447164579921839
1553,2.1274838192122325,0.009857859334205183,1.2726701090530472,0.8449558442344471
1554,2.127428428250916,0.009856379576673617,1.273242241874033,0.8443298084395272
1555,2.127965805481891,0.009857214331550866,1.2742441582436463,0.8438644470000753
1556,2.1276924853422203,0.00985842064612222,1.2750125746337735,0.8428214831011636
1557,2.1277241828490276,0.00987568471523724,1.2757600375584193,0.8420884633550838
1558,2.127965901579176,0.00987404602465733,1.276846999416546,0.84124484871115
1559,2.128073672859036,0.009901615002249576,1.2779073952412119,0.8402646716151919
1560,2.1278783691172696,0.009875748035669023,1.2786597633848384,0.8393428511157328
1561,2.1279992704488793,0.00986342838661251,1.2776112325337468,0.8405246059505307
1562,2.1278712250748457,0.009879476918211701,1.2755665736539024,0.842425170905736
1563,2.1278284216413694,0.009817712165757405,1.2733589495931352,0.8446517586708069
1564,2.1273577103809433,0.009820001123815167,1.2721966632774897,0.8453410343856228
1565,2.12721911985047,0.009824693383534953,1.2723940635214046,0.8450003622137771
1566,2.1273625967453937,0.00986385937038885,1.2734457661910934,0.8440529807489745
1567,2.127801779581576,0.009856261080130935,1.2747943705442,0.8431511466600456
1568,2.127526622645709,0.00983446522387771,1.2765957031931197,0.8410964574740858
1569,2.1275123467250747,0.009820342809912197,1.2783656929220473,0.8393263153883875
1570,2.127479989917911,0.009790759291309787,1.278300973225613,0.8393882680304197
1571,2.1273104463304793,0.009818072060161099,1.2764029369062306,0.8410894405476901
1572,2.126925154608123,0.009801117038088185,1.2742718214891395,0.8428522217638639
1573,2.127346460916558,0.009814759873195874,1.2732477984866317,0.8442838912715718
1574,2.1268768870100683,0.009772371638528243,1.2726911951084525,0.8444133093770669
1575,2.1276822138805778,0.009802571051202866,1.272559357540948,0.8453202785886064
1576,2.1277637530346305,0.009825356851084804,1.2732199837966842,0.8447184109566163
1577,2.1278882123986067,0.009892801236247226,1.274620706937751,0.8433746969213292
1578,2.127689529438408,0.009845093301288327,1.2766419040913484,0.841202517857357
1579,2.1276895537668343,0.009862977208341566,1.2784087384233669,0.8394178273726483
1580,2.1277623432023183,0.009886151844901698,1.2783457831460603,0.8395304099029425
1581,2.1281233028489717,0.00985948663033849,1.277770493711744,0.8404933259803422
1582,2.128102328096117,0.009846357842527178,1.2757315197769477,0.8425244436580308
1583,2.128169886919917,0.009868470148886649,1.274688471336754,0.8436129406398657
1584,2.12803787236311,0.009869599244462289,1.273359743308048,0.8448085216235142
1585,2.128593090845614,0.009860575992652044,1.273168254263547,0.8455642577336759
1586,2.1287083236538633,0.009864212051794236,1.2740848611812203,0.8447592437875514
1587,2.1287869823222256,0.009873271230798291,1.2763807700604808,0.8425329503964405
1588,2.128528419806033,0.009835780522196877,1.2783236667817952,0.8403689742696528
1589,2.1280738322102293,0.009840164385850027,1.2786447424061445,0.8395889249383187
1590,2.1280732957684263,0.00988121546937951,1.2779477512349888,0.8402443348753209
1591,2.1280774632278754,0.009843620923062672,1.2772019079753332,0.8410319457856976
1592,2.128126674768876,0.009869202363247774,1.276151869370013,0.8421055960411928
1593,2.127326090725101,0.009874341923895538,1.274102223770959,0.8433495303805993
1594,2.1274947426757036,0.009861040375746635,1.273213611573589,0.8444200875807781
1595,2.1268735479335397,0.00985957158501355,1.2718987148635241,0.8451152671964801
1596,2.126967504316447,0.009834303154743143,1.272709468189551,0.8444237499212732
1597,2.1267998826747037,0.009692510024511389,1.2739477723228687,0.8431596017005493
1598,2.1264149935878054,0.009627115613381778,1.2744118194190823,0.8423760469470706
1599,2.126806299297177,0.009616827421194437,1.2753709901352317,0.8418184886781537
1600,2.126623729053809,0.009660572436048972,1.275547860836496,0.8414152811984627
1601,2.126813675676073,0.009651434108881014,1.2772336450158333,0.8399285978200485
1602,2.127541112656496,0.009699978898944599,1.278069640300712,0.8397714918365284
1603,2.1282142911638533,0.009814314211585693,1.2770096890780391,0.8413902852608233
1604,2.1279317639311968,0.009907845274678298,1.2736902595782766,0.8443336724018564
1605,2.127922468039454,0.009979250199370543,1.2724687834175266,0.845474432317578
1606,2.127777477916406,0.009879962151528013,1.2727672038029652,0.8451303088543366
1607,2.1283466815948486,0.009915406530608937,1.2738046177795954,0.8446266608578819
1608,2.1283100101412558,0.009903147303480275,1.2748989821696768,0.8435078816754478
1609,2.128370519803495,0.009889785390423268,1.2769203563125766,0.8415603969170122
1610,2.128183958481769,0.009886032991985582,1.2790852943245246,0.8392126271311118
1611,2.1278836617664414,0.00988025069521854,1.2788850908376732,0.8391183265009705
1612,2.1280324836166535,0.009888184922082084,1.2773630904908082,0.8407811926943916
1613,2.127948798695389,0.009866934602281876,1.2755601667627996,0.8425216966745804
1614,2.127601588258938,0.009884646518764143,1.2737355505933567,0.8439813885761767
1615,2.1277467280018088,0.009871089640928775,1.2732700559557701,0.8446055805804779
1616,2.127696711189893,0.009899375252235604,1.2723338397181765,0.8454634936488404
1617,2.127540152900073,0.009850621318482623,1.2734011344763698,0.8442884078439401
1618,2.1274618567252648,0.009874071189373428,1.2749432459169505,0.8426445479295692
1619,2.1273909150337684,0.009836167515236504,1.2767739746035363,0.8407807766782994
1620,2.1268913612073783,0.00983408014099969,1.2765753628039846,0.8404819265920289
1621,2.1272120098678435,0.009852792316933676,1.2764206674634193,0.8409385501730199
1622,2.126593397588146,0.009710751473903656,1.2765059592772503,0.8403766866849394
1623,2.1268258021802318,0.009727032218432548,1.276056421654565,0.8410423425387363
1624,2.1273183141435896,0.009734773542732,1.2756811568931656,0.8419023864731496
1625,2.1272424106695214,0.00966827138517128,1.2734219018293886,0.8441522361672654
1626,2.127386424006248,0.009720600252895027,1.2715849858157489,0.8460808350723616
1627,2.1275214017653954,0.009783454434185917,1.2727239466443354,0.8450139976885854
1628,2.1275328701856187,0.009837616933509707,1.2737961034385525,0.8438991408567039
1629,2.1276726163163477,0.009899027384247402,1.2747675600100536,0.8430060330702334
1630,2.1274425533353067,0.009888693856607591,1.2756000185499385,0.841953841095068
1631,2.128094826425825,0.009876622314735944,1.27740728794312,0.8408109217273946
1632,2.1284612976774877,0.009883731156967732,1.2791467454968666,0.8394308020265735
1633,2.1281807373981088,0.009896106105677935,1.2788627482190424,0.8394218792720717
1634,2.1279907627981536,0.009859114989866408,1.2762032309357,0.8419284118073327
1635,2.1281000765002505,0.009857950043123292,1.2741025102381804,0.8441396127549969
1636,2.127852280529178,0.009865697497045812,1.2731459536114518,0.8448406211575683
1637,2.128014464767612,0.009904491886192439,1.2732519951401924,0.8448579749282525
1638,2.128126315924586,0.0098706668204799,1.2733778132467855,0.8448778375679132
1639,2.1280112412511087,0.009854084807353057,1.274740767722227,0.8434163791184522
1640,2.12806199034866,0.009890589939088238,1.276597374556016,0.8415740333041366
1641,2.1281713819017214,0.009892843540149684,1.2785480210975724,0.8397305157719827
1642,2.127673720826908,0.009866269390878021,1.2785293350414353,0.8392781107401361
1643,2.127890963943637,0.009858860672280496,1.277506210366074,0.8405258801518655
1644,2.1278404106899185,0.009899560547414787,1.2760797495744667,0.8418610974842188
1645,2.1276312433943456,0.009866095913041915,1.274660811740525,0.8431043171760987
1646,2.1274077162450675,0.009856924585693953,1.2735274318529635,0.8440233569364158
1647,2.127659638317264,0.009883717904627626,1.2732572804908364,0.8445186359541756
1648,2.127938300979381,0.00988845595595788,1.2732056598274075,0.8448441928746749
1649,2.1281744825596713,0.009888848860044869,1.273542516693777,0.8447431225557717
1650,2.1277603032637615,0.0098532994268272,1.2750451102548717,0.8428618914010574
1651,2.1279318880061715,0.009845006602759264,1.2771587317087212,0.8409281534199812
1652,2.127412280257867,0.009871969788278244,1.2780841327443415,0.839456168972716
1653,2.1275055481463063,0.009821376934343455,1.2780433637755257,0.8396408053076997
1654,2.1273104621439565,0.009792240189236343,1.276823523093243,0.8406946941906092
1655,2.1272610316471177,0.009774261092463014,1.2746838239990934,0.842802951226429
1656,2.127283429612919,0.009835750211448389,1.273065980599851,0.8443817052305961
1657,2.126874169524835,0.009803998559637338,1.2725172231391984,0.8445529384272439
1658,2.126714530039807,0.009720929964844669,1.27194266781515,0.8450509404041329
1659,2.1274417419822846,0.009802508429263015,1.2732705400914561,0.8443687004702431
1660,2.127103615780266,0.009767485644706354,1.2738395509671192,0.8434965771679975
1661,2.127417738340339,0.009826927132220293,1.2761316269027942,0.8414591900548156
1662,2.1274055972391244,0.009818027090585353,1.2777197427895604,0.8398678366627012
1663,2.127718143317164,0.009819235605168708,1.2785611961569106,0.8393377029165929
1664,2.127899019085631,0.009841432519333095,1.2774607624326433,0.8405968264049414
1665,2.127777892716077,0.009882410783890863,1.275088125953869,0.8428073616660371
1666,2.1277088109327824,0.00985428363997109,1.273905272386512,0.8439492467714815
1667,2.1274950492138767,0.00989916317202911,1.273250858394467,0.8443450298236341
1668,2.1281850106862126,0.009875383764999558,1.2737519771468884,0.8445576478023918
1669,2.1284064103145988,0.00987668885678357,1.2740375904404386,0.8444921362156771
1670,2.1283785688633823,0.009889198452880492,1.274407954240332,0.8440814063865312
1671,2.1284954961465328,0.009883440959704469,1.2764168697960523,0.8421951945947141
1672,2.128108300724808,0.009885882906501695,1.278860174271525,0.8393622381346566
1673,2.1275568981559907,0.00987877560380314,1.2789660959827656,0.8387120217084885
1674,2.1280893622612465,0.009870129518629032,1.2777429137911116,0.8404763204102613
1675,2.1274211722977308,0.00983547599872156,1.2756624525907088,0.841923249011137
1676,2.1275295408404604,0.009837697654468368,1.2746125325864675,0.8430793087701408
1677,2.1275972456348184,0.009812579666055282,1.2739750335411149,0.8438096335347818
1678,2.127455413341522,0.009844013912679285,1.2736286794652745,0.843982711130259
1679,2.1278314566125673,0.009812112460483094,1.2733926998109233,0.8446266474772472
1680,2.1277221027685673,0.009819017946530057,1.2733259456498283,0.8445771385212334
1681,2.127399927499343,0.009840391072615678,1.2738070554879246,0.8437524723763369
1682,2.1273215242794583,0.009824911156213102,1.2758486240494007,0.8416479920246163
1683,2.127157396199752,0.009798509824298779,1.2777590611759497,0.8395998243774686
1684,2.12685020359195,0.009752025804007235,1.2777267773540653,0.8393713917051043
1685,2.126747289482428,0.009776251713688277,1.276634825735676,0.840336195972501
1686,2.126827827521733,0.009740552437320655,1.2747079948989712,0.8423792859729455
1687,2.1268039698503456,0.009680916498206099,1.2732606822130632,0.8438623748263534
1688,2.1270298094165567,0.009598829032739207,1.2717440900753956,0.8456868955067226
1689,2.1266361450662417,0.009665473677902197,1.2711844450357008,0.8457862205651342
1690,2.127242106564191,0.009727881893477574,1.272721805134598,0.8447924323227941
1691,2.127721891111257,0.009850870770383246,1.2751913301798763,0.8426796906456655
1692,2.127812389208346,0.009962564224985485,1.2777975748996346,0.8400522424858443
1693,2.1278017345739872,0.00990179392072011,1.2780846466823501,0.8398152921272783
1694,2.1279274602325593,0.00989343501551419,1.2777765709526685,0.8402574548915941
1695,2.1279749760822373,0.009890965841786593,1.277431603597135,0.8406524089526157
1696,2.128502853062688,0.009867935256120198,1.276409001982942,0.8422259180521479
1697,2.12858560620522,0.009850149936213786,1.2749073700029023,0.843828093336553
1698,2.128102888866347,0.009872236536169539,1.2728610300287908,0.8453696166374245
1699,2.127836370954708,0.009860589325770127,1.2727370858192444,0.8452387023337034
1700,2.127816990930207,0.009887426977559012,1.2736021852006718,0.8443273755968833
1701,2.127724895671922,0.009873631305764524,1.2754343243277804,0.8424169478975997
1702,2.1280634099123428,0.009870047077574596,1.277186813403149,0.8410065411304941
1703,2.127658123872718,0.009885012376483301,1.2768426014452565,0.8409305017213432
1704,2.127595210561947,0.009886122142363871,1.2774865396168766,0.8402225454242862
1705,2.1280380280650393,0.00982633560933933,1.2779692198548998,0.8402424594577478
1706,2.1283395326867396,0.009856377999127214,1.2774261436900314,0.841057009842931
1707,2.127992032742014,0.009872024536741023,1.275347348378629,0.842772654428774
1708,2.12777779418595,0.009849422022092099,1.2732651744570052,0.8446631927271279
1709,2.1277251839637756,0.009864876279607415,1.2722916061780891,0.8455686943263424
1710,2.1276511963532894,0.009870050731590209,1.2727540670608988,0.8450270653987417
1711,2.127743261201041,0.009903568280290584,1.2739408989341892,0.8438987972176805
1712,2.127653014903166,0.009870519362656134,1.2753929836409432,0.8423895227665804
1713,2.127887932621703,0.009870779961917778,1.2774410193063774,0.8405761299084644
1714,2.1274578924081764,0.00988528752528435,1.2782916286770178,0.8392809748041387
1715,2.1281045468486086,0.009889759370410929,1.2786153919842778,0.8395994068408499
1716,2.128108957592322,0.009902827916856932,1.276897806902321,0.8413083237044665
1717,2.1282047434728972,0.009873715552444361,1.2749368858580687,0.8433941471941617
1718,2.1280631045905913,0.009848541613402111,1.27398289648854,0.8442316818602231
1719,2.12776490255278,0.009872187760525517,1.2731911120366077,0.8447016021426843
1720,2.1280385657232634,0.009858145511576108,1.2733252030246112,0.8448552169970104
1721,2.1277951476525288,0.009870597793321525,1.2734572242717355,0.8444673254781839
1722,2.1277892188150056,0.009895012310078862,1.2748790346846288,0.8430151668738346
1723,2.12746938880609,0.009854196518545553,1.276716265751391,0.8408989200786668
1724,2.1273066109540513,0.009829896687510975,1.278249862850929,0.8392268610852105
1725,2.127462076897524,0.009822634652218953,1.278158038854599,0.8394814063699878
1726,2.126841633903737,0.00980034925765833,1.2762253916993433,0.840815899323444
1727,2.127413721717134,0.009765511663744644,1.2746618189373795,0.8429863918192533
1728,2.1272515654563904,0.009693341130124671,1.2735787289483207,0.8439794985615477
1729,2.127352797255224,0.009746791433771046,1.2725188142182875,0.8450871800281563
1730,2.1276395588505026,0.009795136298338065,1.2718125733794,0.8460318488734109
1731,2.1275505447874266,0.009837371325690528,1.2728817724451726,0.8448314064619492
1732,2.1278417888952763,0.0098243802120643,1.2758420456428916,0.8421753663189557
1733,2.127440163067409,0.009867411486956537,1.2774484504242332,0.8401243139286431
1734,2.127304741314479,0.009879332515696178,1.2777063755356535,0.8397190324505981
1735,2.127356480578987,0.009871646709626123,1.2772780151999727,0.8402068122309081
1736,2.127925746294917,0.009881016389675895,1.2769253077555676,0.8411194250291708
1737,2.12800496694993,0.009892525963903385,1.276215143349706,0.8418972905801267
1738,2.1282737230768007,0.009886689683688539,1.2760246809648008,0.8423623555168813
1739,2.128624227582192,0.009901874546645855,1.2748330071264384,0.8438893517061156
1740,2.1283382019218133,0.009875007216077375,1.2728843190232102,0.8455788733399644
1741,2.1283115841904463,0.00986522575840354,1.2724405636592788,0.8460057861342722
1742,2.128307876538257,0.009860295488746191,1.274102852052572,0.8443447314963048
1743,2.128313838219156,0.009884221916448097,1.276697604631891,0.8417320081165859
1744,2.1279771522599824,0.009860552880646927,1.2781332354156338,0.8399833577628039
1745,2.127794943293747,0.009851317235021567,1.2780259282005078,0.8399176986850038
1746,2.127961200110766,0.009872826970923615,1.2779299002520892,0.8401584561382022
1747,2.1279115968821,0.009854592378156222,1.2771137995379311,0.8409432172775269
1748,2.1281953709466115,0.009881382484977342,1.2759500474345928,0.8423639423384959
1749,2.127981423115244,0.009870615402920817,1.2736428075907182,0.8444679981591751
1750,2.1278137211896935,0.00985325819679669,1.271988220969025,0.845972232672633
1751,2.1275365401287467,0.009841921734528579,1.272183466322568,0.8455111445212851
1752,2.1275836423951753,0.009843685398144382,1.2738549447789485,0.843885006040943
1753,2.127537576519713,0.009805543918390664,1.2761310813378315,0.841600947842306
1754,2.127148675675295,0.009790011762394284,1.2770104992146394,0.840348162821361
1755,2.127158889965135,0.009845050265632418,1.277561999705373,0.8397518381172296
1756,2.1272799251030903,0.009824934553316966,1.2773421741261775,0.840112817226624
1757,2.127196200039922,0.009868349295527655,1.276527735651756,0.8408000940571025
1758,2.1277034209699046,0.009820924943541082,1.2746649122968012,0.8432175790777012
1759,2.127407887760474,0.009840171589345043,1.2734791356690076,0.8440885668506428
1760,2.1277265281093363,0.009822379027930449,1.272748821243948,0.8451553275998758
1761,2.127532898163309,0.009842726986437124,1.2726675916691215,0.8450225731547998
1762,2.127693931667172,0.009850102329474628,1.2733062177288288,0.8445376084775341
1763,2.128130697474188,0.009864332396727132,1.275390382932157,0.8428759863790201
1764,2.1278555332397926,0.00987787623129481,1.2774134953411258,0.8405641597144458
1765,2.127737818932047,0.00987326167523861,1.2786679584152845,0.8391965858790339
1766,2.1283193838839627,0.009859901981200186,1.2789024321400388,0.8395570419272598
1767,2.127791412022649,0.009873476283320663,1.2764845879710451,0.8414333401894083
1768,2.127775309037189,0.009858229496915425,1.2749258389278335,0.8429912346966413
1769,2.127710592990019,0.009886316408650304,1.2740481550596199,0.8437761162616768
1770,2.1282110566995582,0.00989462395806854,1.273980781740072,0.8443356612507178
1771,2.128048939364297,0.0098995569789288,1.2733423095576617,0.8448070865504596
1772,2.128374396538248,0.009886001184468671,1.2737608843920183,0.8447274991444179
1773,2.128480620530187,0.009879700483146066,1.27501929779442,0.8435816199195628
1774,2.1283453727255064,0.009894433564373426,1.2773040709446888,0.841146860195666
1775,2.1280144489541346,0.00987948345172466,1.2784927304910154,0.8396422276083304
1776,2.12786141950257,0.009891413969500941,1.278524404277607,0.839445602528903
1777,2.1275775225795046,0.00985419847147197,1.277503447265041,0.8402198814615911
1778,2.127935200321431,0.009855278881684857,1.2756503504149768,0.8424295731345002
1779,2.1275554457489325,0.009875304155926011,1.2738295817861751,0.843850560334264
1780,2.127257468749066,0.009849331992659338,1.2727698890530332,0.8446382417970774
1781,2.1272199859424514,0.009814822742221306,1.2724935874647023,0.8449115774461201
1782,2.1273319879356696,0.0098189186608913,1.2729535966503376,0.8445594733466908
1783,2.1272293718493716,0.009814730132644882,1.274268117486214,0.8431465184810211
1784,2.126803626819533,0.009811411298127199,1.2750679868824628,0.8419242309672492
1785,2.1266805152503814,0.009749775077691493,1.2758319584690794,0.8410987753649147
1786,2.12733095762681,0.009706277039130124,1.2770023425014652,0.8406223393216425
1787,2.126579115585405,0.009627850156049339,1.2771936728029836,0.8397575863161866
1788,2.1274215907466654,0.009640637723424909,1.2768674444179147,0.8409135140934769
1789,2.127558787258304,0.00966084341290502,1.2753176281646805,0.842580316930401
1790,2.1276333137434356,0.009824178438177523,1.2732544273746258,0.8445547150105847
1791,2.1278837031247666,0.009891536039281256,1.2721436893453404,0.8458484782248127
1792,2.1278594549821346,0.009886278176908287,1.2726841185774123,0.845289059439484
1793,2.127769396013143,0.009906863741462633,1.2740374998170503,0.8438250358615603
1794,2.128329553166214,0.009920367956807723,1.275672826839953,0.8427363552001058
1795,2.1283742712468516,0.009907878213086906,1.276780139426796,0.8416862524285609
1796,2.1285855551155244,0.009868510309796857,1.279076201575143,0.8396408317648635
1797,2.1281159228208115,0.009831487999430724,1.2791523306953663,0.8391320991272829
1798,2.1281833818980624,0.009879452385464492,1.277889105130215,0.8404148284878049
1799,2.1281935475310503,0.009872393891671482,1.275337343313256,0.8429838175676307
1800,2.128139618708163,0.009871418554601925,1.2737333160273883,0.8445348964661968
1801,2.128080072451611,0.00990111733862788,1.2727048220683117,0.8454741330779328
1802,2.1278507721667386,0.009903431470905031,1.2730235822346745,0.8449237516948155
1803,2.1280557209131667,0.009877308210053918,1.2740586022941434,0.8441198136733503
1804,2.1283688265450147,0.009883426642995708,1.2758127025195531,0.842672698655907
1805,2.1282598254631977,0.009876048301669712,1.2776944406178532,0.8406893373752127
1806,2.127400985785893,0.009873806731775403,1.2781563273497991,0.8393708555674066
1807,2.1273838658722077,0.009826445277324137,1.277783873738075,0.8397735554953011
1808,2.127067800687284,0.009829242319362809,1.2761458140246722,0.8410927330961033
1809,2.127038208805785,0.009834538841125916,1.274643399277512,0.8425602587510128
1810,2.127076204942197,0.009796591394827987,1.2742223660556637,0.8430572507940993
1811,2.126877556041795,0.00969516150938461,1.273440917535704,0.8437414783604291
1812,2.127315179425843,0.00975958658002165,1.273206037526228,0.8443495451795812
1813,2.1273572019168308,0.00969442947083438,1.273560255765915,0.8441025119046776
1814,2.127465145928519,0.00972922224247334,1.2735943477980944,0.8441415854862758
1815,2.1279250261734943,0.00985221324336468,1.274012493843935,0.8440603157695459
1816,2.128361161874265,0.009892935455985824,1.2763299266902768,0.8421383098680146
1817,2.1279307324059156,0.009932542751942362,1.2779647787006534,0.840033409850938
1818,2.1278751383022385,0.009884244634066614,1.2789325841835566,0.839058306752419
1819,2.1278578407910405,0.009890059023449312,1.2780600694977506,0.8399077136905826
1820,2.128057387410378,0.00988707718040262,1.2757386328006277,0.8424316757187551
1821,2.127862659035897,0.009874989554209977,1.2740293431038758,0.8439583313100192
1822,2.1278380094742286,0.009850795043404309,1.2732022678365513,0.8447849397756615
1823,2.12808596966218,0.009874924261845192,1.2729842693221813,0.8452267759308523
1824,2.12784992675392,0.00988867762023393,1.273242554494313,0.8447186989443642
1825,2.128219259028532,0.009863475332872905,1.2753467498993387,0.8430090339816346
1826,2.127967652009458,0.009852250710091725,1.276975811136012,0.8411395902536354
1827,2.1276390844461868,0.009854106289543668,1.2782344471435159,0.8395505316403448
1828,2.1277860512538833,0.00986028480229481,1.2782476136879044,0.8396781576531274
1829,2.127771654907538,0.009880245112034738,1.27728171190437,0.8406096964466329
1830,2.127921768597194,0.009880584588616478,1.276162518530476,0.8418786592629491
1831,2.1278049848517595,0.009876458520753955,1.274496774284207,0.843431754075751
1832,2.128200956753322,0.00987082731681971,1.2736312783494288,0.8446988439073368
1833,2.127716684827999,0.009875947077359472,1.272834460954277,0.8450062721967697
1834,2.128026243375272,0.009858829872112493,1.2733619942957042,0.8448054179245111
1835,2.128207519346354,0.009890998324037207,1.2743476744817228,0.8439688393656088
1836,2.1284132782293828,0.009897989448996223,1.2760624003653624,0.8424528831121872
1837,2.1279298845602543,0.009835606996844314,1.278159858012686,0.839934415659126
1838,2.1278489013107453,0.009855095311353097,1.2786878840047486,0.8393059163069239
1839,2.127371915749141,0.00986328710592827,1.2774726991750756,0.8400359348374971
1840,2.1277456198419844,0.009880124567532721,1.2762695003528983,0.8415959933582617
1841,2.127522073229965,0.00987004667843635,1.2746324301982412,0.8430195937351305
1842,2.127675954176455,0.009821408808383406,1.2742477837873964,0.8436067533128115
1843,2.127672640644774,0.009864402003586292,1.2733469757498528,0.8444612558398928
1844,2.1275544677461897,0.009885327001957565,1.2727228105068207,0.8449463348607628
1845,2.127873937694394,0.009890100234473238,1.2732679241774034,0.8447159069533251
1846,2.1281331376153596,0.009864266496151686,1.2750384546056086,0.8432304074569624
1847,2.127747893333435,0.009872307559019146,1.2774717734784495,0.8404038113598921
1848,2.1273209367479597,0.00987073712583099,1.2780135894308284,0.8394366125671231
1849,2.127013789147747,0.009849726250965377,1.2775371695051387,0.8396268918806192
1850,2.127368593702511,0.00981607827433974,1.276548583288582,0.8410039106193854
1851,2.1274247802033717,0.009793335666918025,1.2757545089235112,0.8418769435006745
1852,2.1274864223538614,0.009814730612561107,1.2737119173517033,0.843959776722655
1853,2.1270634714437993,0.00980717060631331,1.2722293631154664,0.8450269440607149
1854,2.1272843212497476,0.009735460331359384,1.271288356610707,0.8462605169233011
1855,2.1270377891404286,0.009784536298402414,1.2723589162437283,0.8448943453175681
1856,2.126920257295881,0.009702595905875978,1.2750752805447092,0.8421423666331233
1857,2.1265494993754794,0.009659912408690671,1.2763171883261935,0.8405723869800568
1858,2.126966474007587,0.009675875600731495,1.2768904305234248,0.8404001742601395
1859,2.1269813921986795,0.009767693282124035,1.2765744979284248,0.8406391919267421
1860,2.1279710251457837,0.009881744322804163,1.277409007962869,0.8406802671296256
1861,2.1279772361930536,0.009892085757182568,1.2764164689852266,0.8416686793979333
1862,2.128327503496287,0.009891111992907767,1.2754423125666015,0.8429940744322173
1863,2.128474956872512,0.009904190655607653,1.2737992345070352,0.844771530555219
1864,2.128446711569416,0.009874419342460377,1.2724971448888585,0.8460751607710001
1865,2.12841366261852,0.009905359308634485,1.2730897738009084,0.8454185231607787
1866,2.128665408309625,0.009846922043444855,1.2757065715838452,0.8431119155518862
1867,2.1283970037285163,0.009849117969029717,1.2773557937875086,0.8411920919102065
1868,2.1281383390329323,0.009872348803304593,1.2787240238822237,0.8395419722917129
1869,2.1282699959618703,0.009857687072790399,1.2787257068011226,0.8396866126936309
1870,2.128117084503174,0.009844088698832356,1.277834336368405,0.8404386706498205
1871,2.1285820214115843,0.009850547173801733,1.276672865663256,0.8420586041649993
1872,2.128016656758834,0.009859768250881105,1.2740463687449086,0.8441105171733972
1873,2.1282374956169905,0.00987539458449702,1.272962223510353,0.8453998602166468
1874,2.127876325529449,0.009880660928557721,1.2727064928229974,0.8452891683091923
1875,2.1276528993431403,0.009869499141540455,1.273422895037398,0.8443604987494799
1876,2.127866192739837,0.009882171410230957,1.275186942548168,0.8427970710457587
1877,2.1273485872210287,0.009860655620732173,1.2765581504422792,0.8409297907230805
1878,2.127309980441113,0.009817874339428179,1.2773352168044265,0.8401568839136435
1879,2.127089783853414,0.009845594671193739,1.2777243724891119,0.839519814569123
1880,2.1274571832345455,0.0098106276567037,1.2772331602719365,0.8404133915901184
1881,2.1269113007856877,0.009802435325192553,1.2748655640349096,0.8422432988882065
1882,2.12702485249967,0.009727182551002016,1.2730496848116115,0.8442479858593065
1883,2.1270626394116148,0.009684627942208732,1.2722122815190529,0.8451657176625972
1884,2.126652094782615,0.00964998326986572,1.2719760926402346,0.8450260271831435
1885,2.127158428941454,0.009742678713281544,1.2731782994708236,0.8442374376618133
1886,2.1278448737397486,0.00983557182041054,1.274978403534208,0.8430309082780566
1887,2.127799456216851,0.00986766002654117,1.276031924753773,0.8418998693933293
1888,2.128187199028171,0.009863616656321956,1.2771251189465425,0.8411984480157191
1889,2.128232769820155,0.009936395519394048,1.278125664409326,0.8401707006352288
1890,2.127904951572418,0.009926467554225606,1.2786059403906063,0.8393725281467244
1891,2.128352932784022,0.009832114470666465,1.277861398701765,0.8406594231420633
1892,2.128483359911004,0.009865269383263528,1.2759950118405479,0.8426230765727102
1893,2.128178101413104,0.009876769701285022,1.2737370790267477,0.8445642541865913
1894,2.128022240132702,0.009854814816950535,1.2730186070714677,0.8451488136636968
1895,2.1282330520299015,0.009887248738573827,1.273293478148324,0.84505231800128
1896,2.1282525622114843,0.009871120997039335,1.2738846893213234,0.8444967549674365
1897,2.128002302987235,0.009902972138809914,1.2760435269803416,0.8420558057877482
1898,2.1279381805536697,0.009863155931994622,1.277566667722196,0.840508366117672
1899,2.1273942772223027,0.009886737775095567,1.2778055777355117,0.8397019569362912
1900,2.1275729670816537,0.009875173395385548,1.277877603866616,0.8398201973462591
1901,2.127613256172258,0.009813580543220955,1.277123717020969,0.840675953699618
1902,2.1281399872838236,0.009846533929016821,1.2758111862503752,0.8424822636404816
1903,2.127466098386414,0.009846973337461146,1.2730661308278843,0.8445529965113621
1904,2.1275055408477783,0.009845438413321972,1.2725137843161214,0.8451463242574614
1905,2.127429108230435,0.009866748865199636,1.272697821563604,0.8448645265734925
1906,2.1278446122091643,0.009831243517751597,1.2740195819309779,0.8439937912079752
1907,2.1277682793383694,0.009865933858162286,1.2751756219231352,0.8427267393895558
1908,2.127264274626362,0.009895751210005611,1.2760084405237315,0.841360080302978
1909,2.127647204058511,0.009869466849355673,1.2775194717913259,0.8402582781047238
1910,2.1277770704152634,0.009875217153291618,1.2781991867386564,0.8397026782741353
1911,2.1276787434305464,0.009886295610696686,1.2776191769814005,0.8401732648513756
1912,2.1282900365031496,0.009863423259586704,1.2764619309075025,0.8419646766720986
1913,2.128405825215943,0.009883054061697759,1.2748169236037197,0.8437058451224346
1914,2.128170907497406,0.009899356326430428,1.2728480398654938,0.8454235028855654
1915,2.1279256733096377,0.00989403887366762,1.2725352584099283,0.8454963826403326
1916,2.1280167431247476,0.009879290563415508,1.2739874939529263,0.8441499638922361
1917,2.1281594804355075,0.00991199245410306,1.2748866190715713,0.8433608604328973
1918,2.128153167208847,0.009885779990605553,1.2767380810513789,0.8415293009305487
1919,2.128183923205551,0.009886806683462798,1.2783578001722997,0.8399392974619962
1920,2.1282927345256417,0.009918842963608248,1.2788441911035655,0.8395296973841531
1921,2.1279572552564194,0.00984702778657024,1.2783224801627957,0.8397877526526548
1922,2.127954819980933,0.00983908068274661,1.2760383170478198,0.8420774301095885
1923,2.127757837577742,0.009860915621286449,1.2741847780286049,0.8437121352370904
1924,2.1275734974413503,0.009845500313011664,1.272465429743942,0.8452625694323559
1925,2.127776014561556,0.00984719906914599,1.2724322147515355,0.8454966037249079
1926,2.127428627744013,0.009846083012086396,1.2732372484645065,0.8443453013896942
1927,2.1270021662420158,0.009832083684753398,1.2745512663101664,0.8426188200103993
1928,2.127397388828044,0.009873053001962145,1.276643652088788,0.8408806856189456
1929,2.1272986555586058,0.009825578695923393,1.2772877283242283,0.8401853354001532
1930,2.127419337934377,0.009836858599351682,1.277265982360256,0.8403165021112987
1931,2.127220400742122,0.009826899753237257,1.2768963149615697,0.8404971792989847
1932,2.1272281517787857,0.009787094009545992,1.276639083210303,0.8408019655213064
1933,2.1276847355219783,0.00976218225681508,1.2750392848131609,0.8428832651401053
1934,2.12738415294764,0.009886761633109073,1.2734877862492386,0.8440096034687392
1935,2.127429228656146,0.009860870091016499,1.2715405815718126,0.8460277726455611
1936,2.127321237204026,0.00991838079002895,1.2715912327474477,0.8458116179218098
1937,2.1278577459101773,0.00986900365417253,1.274381354147074,0.8436073855477937
1938,2.127683253920808,0.009931904838743563,1.276099069994323,0.841652264096299
1939,2.128195198214784,0.009893631553087307,1.2776775043837878,0.8406240626865503
1940,2.1279684134892056,0.009905101835955771,1.2782497114064741,0.8398136055591156
1941,2.1283848127540277,0.009890545601481381,1.2782776246265488,0.8402166333125562
1942,2.12821603672845,0.009844117403524567,1.2774114663503608,0.8409604399788136
1943,2.1283560748002968,0.009880413386818707,1.2754076737530378,0.8430679957477414
1944,2.1282912638722635,0.009905585339673015,1.2735235441704185,0.8448621521190721
1945,2.127939353183824,0.009873861413715141,1.2724019094389312,0.8456635791428235
1946,2.1278343176355166,0.009883535322638191,1.272932956413347,0.8450178212049057
1947,2.1281271479567705,0.009872020934993515,1.2751835171057253,0.8430716051739089
1948,2.127870950163627,0.009892415431119045,1.2766937576994604,0.8412847847354655
1949,2.1279160611483516,0.00990314112634075,1.2778086327776617,0.8402042994085623
1950,2.127487693514143,0.00989532563360218,1.277568366454572,0.8400239907965368
1951,2.1277068658750884,0.009870373501385353,1.2772069007766491,0.8406295794613508
1952,2.1276936008005727,0.009867009530984322,1.2767481335571833,0.8410784684273661
1953,2.127660405879118,0.009828198644123515,1.2760212640373074,0.8418109340935337
1954,2.1276873532606633,0.009832192540206775,1.274218169402103,0.8436369819908726
1955,2.1272001011031016,0.009871124280426575,1.2720316539005356,0.8452973171156279
1956,2.12721947869476,0.00981937077998811,1.2716801057056504,0.845719998284262
1957,2.12733408626245,0.0098432248971444,1.27254111243754,0.8449497454020442
1958,2.1272617858283374,0.009819524785579771,1.2750601944874744,0.8423820718818781
1959,2.1273808941549186,0.009754684378335975,1.2768979157720293,0.840728300566576
1960,2.127491853675064,0.009861715527593481,1.2781375141776339,0.8394926324182627
1961,2.1277696733572045,0.009876277791906377,1.2782253647337154,0.8396680272963583
1962,2.1279494020403646,0.00990022049399511,1.2766908680906102,0.84135830615248
1963,2.127910388975727,0.009914269784883576,1.2753482819819937,0.8426478346999811
1964,2.128098192263623,0.00989974435057719,1.2738527880639445,0.8443456702694601
1965,2.127720854720291,0.009898522754712981,1.272264122354741,0.8455582115114951
1966,2.1281078068577512,0.009881734287328258,1.2734815843251286,0.8447444752162817
1967,2.128174266036676,0.009908893568517298,1.2744753299927225,0.8437900385078119
1968,2.1284689745124505,0.009853964063281916,1.2760780928086262,0.8425369101519488
1969,2.1280646105201875,0.009903595435946268,1.2765161170034993,0.8416449093088811
1970,2.1280925578000596,0.009898930659745725,1.2773252105226323,0.8408684052374898
1971,2.128286287492635,0.009907806068848895,1.2786296186398487,0.8397488648794136
1972,2.128182523104609,0.009894100930161622,1.2786470031251713,0.8396414244661525
1973,2.128002956205485,0.009880092147053505,1.2766488839168937,0.8414739732231412
1974,2.127787183742134,0.009881484094170891,1.274249293366257,0.8436563960751708
1975,2.1277825309305776,0.009860551844788144,1.2730848539848716,0.844837126075005
1976,2.127489155652572,0.0098551395396721,1.272535816747315,0.8450981989807013
1977,2.1274471331615836,0.009865708763197976,1.273113413732879,0.8444680109315988
1978,2.128015097306699,0.009854317395662775,1.2744594721161588,0.8437013042216398
1979,2.127677480785214,0.00985805495946231,1.275089478614379,0.842729948309003
1980,2.127548692177753,0.009879878413274276,1.2777738157583742,0.8398949738059726
1981,2.1274422054388085,0.009848656926342115,1.2784896012471647,0.8391039417106279
1982,2.1277253883225575,0.009881446166534205,1.2779318854516866,0.839912052665438
1983,2.1273455923917344,0.009852540831328655,1.2757237425872259,0.8417693142380033
1984,2.1276784794671193,0.009846066348064614,1.2745338702688411,0.8432985547245765
1985,2.1273975420971305,0.009883515085378776,1.2736674899957618,0.8438465361084256
1986,2.1276944243178075,0.009837810258970273,1.2730027388553231,0.8448538670734483
1987,2.127827922908627,0.009882264832338812,1.2728103472262013,0.8451353098664965
1988,2.127652182870982,0.00988018813980173,1.2736430782444623,0.8441289289265262
1989,2.1282901070555864,0.009901595430220572,1.2752481267160298,0.8431403755533452
1990,2.1285290900541813,0.009926157119702928,1.2774433511860517,0.8411595912612214
1991,2.1280200067831547,0.009889723462223703,1.2786944289596713,0.8394358486545329
1992,2.1277842351368497,0.009868956498839721,1.2788537752871612,0.8390615028994424
1993,2.1280879670259902,0.009870697031443824,1.2771733835035441,0.8410438810076032
1994,2.127677029492904,0.00988986939476917,1.2748547549150429,0.8429324018711947
1995,2.127804511663865,0.00987375556605355,1.2738758009307238,0.8440549580418334
1996,2.128097007469255,0.009858273155036934,1.2728194314606336,0.8454193022786355
1997,2.127827162645301,0.0098727471575293,1.2726907997715229,0.8452636155546928
1998,2.127928474727942,0.009861748779610711,1.2749738942603677,0.8430928292931342
1999,2.1279473195270615,0.009907931284218723,1.2763467917636948,0.8416926030601773
2000,2.12796650370773,0.009907119489293926,1.277089652358269,0.8409697176242361
2001,2.127690088992216,0.00992154803279103,1.2771795732634408,0.8405889774463615
2002,2.128087395307969,0.009884191867040128,1.2781663749899184,0.840036829211274
2003,2.128092795002217,0.009876225205442431,1.2775354239405419,0.8406811435611881
2004,2.1280957642866642,0.009906253582626885,1.276160830137681,0.8420286786799528
2005,2.127879561210165,0.009885282949449457,1.273980164406251,0.8440141236903717
2006,2.127556320355863,0.00987418291482086,1.2726477068297717,0.8450344262682662
2007,2.1278780723104673,0.00985213349174176,1.273046804325921,0.8449791417438157
2008,2.1276338197747053,0.009907121884123403,1.273389681261413,0.8443370133030171
2009,2.128034603839018,0.00993048084177533,1.274398301937142,0.8437058229227455
2010,2.127912292675096,0.009898144176838045,1.276328715742851,0.8416854389468018
2011,2.128113710150427,0.009876602871001375,1.2783892525702107,0.8398478526850136
2012,2.1276373984862347,0.009863204631612313,1.2785732697467416,0.839200921812836
2013,2.1277261777799956,0.00988086096334214,1.2777639846412503,0.8400813383715493
2014,2.1278742284190897,0.009854472769728425,1.2759402023286235,0.8420795649290085
2015,2.1278081195695058,0.009881778658196633,1.274043773510018,0.8438825826255643
2016,2.1280004163177644,0.00988474907828685,1.2725800847520634,0.8455355763435364
2017,2.127886281937969,0.009868299906921327,1.2724897076888961,0.8455282668678128
2018,2.1279071557278537,0.00989943030955536,1.2732322234280256,0.8447754860532527
2019,2.1278452021735057,0.00986878460805331,1.2757264679791975,0.8422499487594682
2020,2.1283210564632804,0.009882198808220576,1.2782099429441958,0.8402289191679079
2021,2.1275883706248537,0.00990984833096059,1.2786681518262746,0.8390103608978038
2022,2.1278325076005897,0.009914189966737616,1.27797517362906,0.8399431495642176
2023,2.128023080679835,0.0099097702946818,1.2768069913192672,0.8413063132641266
2024,2.12815928945736,0.009896021939776078,1.2750946429311012,0.8431686305878113
2025,2.128037225226967,0.00987676999588706,1.2736771337840023,0.8444833110789863
2026,2.127902811887313,0.009893688263979798,1.2722692294996611,0.8457398904221398
2027,2.127639976083016,0.009908016305416822,1.272671035357884,0.8450609272231862
2028,2.1279809864199892,0.009878414607017624,1.2741551040386667,0.8439474717086676
2029,2.127568289941671,0.009873200497799078,1.2764448122102388,0.8412502821610899
2030,2.127796368939536,0.009889864039664365,1.277959141196037,0.839947371762626
2031,2.1277024259372634,0.009878308407734243,1.2782136743166008,0.8396104549875065
2032,2.1275056016688443,0.009854225764925383,1.2775353369664173,0.8401160419595485
2033,2.127864650317601,0.00989504717765566,1.2762821432279081,0.8416874661129348
2034,2.128185749053955,0.009873538035709334,1.2752951152470646,0.8430170988549992
2035,2.127745048123963,0.00987354968674481,1.2728406203036406,0.845030876142638
2036,2.1276870576702818,0.009930648916990173,1.2723876931229416,0.8453687082748024
2037,2.1281923773337383,0.009880809688332434,1.2732747069426946,0.8450368581985941
2038,2.1280338910161234,0.009907944831160866,1.2746266442902234,0.8434992967819681
2039,2.128216856596421,0.009892317841817834,1.2766972895787687,0.8416272429179172
2040,2.1280648793492998,0.009921239128298297,1.2787846758657573,0.8393589483231915
2041,2.1280937778706455,0.009891119576534447,1.2786886436598641,0.8395140070696266
2042,2.1276449475969588,0.009900371168683074,1.2774212177918882,0.8403233502592359
2043,2.1280463070285562,0.00991556292627843,1.2760890314773636,0.8420417032071522
2044,2.1281623402420355,0.009891973689616638,1.2749330760264883,0.8433372901410473
2045,2.1276055379789702,0.009888947718035506,1.2728512153333547,0.8448653817176819
2046,2.127512302933907,0.009870936965797933,1.272842284368009,0.8447990785447919
2047,2.1273798601967946,0.009886442864199683,1.2735939293491596,0.8438994945312033
2048,2.127979411154377,0.009835330237235342,1.2742871325843188,0.8438569410723082
2049,2.127740645895199,0.009865722162839102,1.274861099768658,0.8430138263775377
2050,2.127796173095703,0.009889290796364752,1.276018711985374,0.8418881701571601
2051,2.1278497004995542,0.00986119115021916,1.2780826760798085,0.8399058291498496
2052,2.1279616185597012,0.009886124817540452,1.279115218897255,0.8389602762703993
2053,2.1275370948168697,0.009897420833799608,1.2771435410392529,0.8404961404751758
2054,2.1279772629543228,0.009910411168155926,1.2754879928365046,0.8425788578330254
2055,2.1279776096343994,0.009919057490912323,1.2737924036931019,0.8442661528076444
2056,2.128064739460848,0.009920349088022294,1.2729306798808429,0.8452137255546998
2057,2.1282144286194624,0.00990792542068782,1.2727636670579716,0.8455428368583018
2058,2.1280970877530625,0.009904123837964572,1.2738512973396146,0.8443416718925748
2059,2.1282647921114553,0.009911728756768363,1.2758081749993928,0.8425448901799261
2060,2.1278624668413277,0.009855971671640873,1.2775573560169764,0.8404491364347692
2061,2.1281654688776754,0.009915953207456944,1.2784813350560713,0.8397681789130581
2062,2.127772750903149,0.00989843306264707,1.2779367566108704,0.8399375558507686
2063,2.12767931758141,0.009910089771586413,1.2767072174013878,0.8410620111591962
2064,2.1278972370283946,0.009862759806291789,1.2762528147016252,0.8417816694293704
2065,2.12799847977502,0.009852384098292309,1.274992362577088,0.8431537254732482
2066,2.127952974669787,0.009857812696801764,1.273563834477444,0.8445313296147755
2067,2.1280110295937984,0.00986146247394535,1.2731249600040668,0.8450246146138833
2068,2.12790007615576,0.009858201367172355,1.2725786451174288,0.8454632375921521
2069,2.1280553304419225,0.009889774889286076,1.2748939717302517,0.8432715744996557
2070,2.1278318726286596,0.009852049002727988,1.2766556125514361,0.8413242065176672
2071,2.12757571497742,0.00987456179204948,1.2775113977948014,0.8401897510095518
2072,2.127261675133997,0.009874587389165345,1.2776580556314818,0.8397290262640739
2073,2.1274237851707305,0.009868452382483045,1.2775385142589102,0.8400168309406358
2074,2.127536783413011,0.009868929775583804,1.2766833329687313,0.8409845178224602
2075,2.128045048032488,0.009904679690240597,1.275229433361365,0.8429109320348623
2076,2.1278372650243798,0.009863323679345906,1.2742890703434846,0.8436848813173722
2077,2.127741283299972,0.009861919306674781,1.2735730172420034,0.8443063488420175
2078,2.1280207512330036,0.00987570374082698,1.272853039357127,0.8452920092611896
2079,2.1284305416807836,0.009879748584056387,1.2733323793022,0.8452184136424746
2080,2.127886281937969,0.009901600352925609,1.2748444804123469,0.8431402116405721
2081,2.127854842312482,0.009871471849061092,1.2770207122880586,0.8409626590354102
2082,2.1277129114890587,0.009898953467645511,1.277958764105427,0.8398551943959022
2083,2.127855077081797,0.009921448262484402,1.2788123166074559,0.83912130277984
2084,2.12789156485577,0.009880292281622485,1.2776507139205933,0.8403605545053676
2085,2.1281498828712775,0.009861491587279099,1.2760017733184659,0.8422866189966396
2086,2.128030240535736,0.00989311327682618,1.2732646751160523,0.844872458856933
2087,2.1278553240153255,0.009932756267145884,1.272491076771094,0.8454314816971215
2088,2.127800532749721,0.009895742823350795,1.2729288613309666,0.8449759386023696
2089,2.127933702906784,0.009901365873460867,1.2743149466660557,0.8437173956510972
2090,2.1280136509817473,0.009931152505914167,1.2753470217695042,0.8427354903245459
2091,2.1285934338764267,0.009929308867348092,1.277207760178313,0.8414563573136622
2092,2.128221185839906,0.009904447966730413,1.278837927141968,0.8394788068776228
2093,2.12805708573789,0.009882862670157028,1.2789645730232706,0.8392096551097169
2094,2.128027145959893,0.009905439611448318,1.2772499249905955,0.8408717847600276
2095,2.1280848773158327,0.009894139247433263,1.2755843376626774,0.8426064067349142
2096,2.1276084294124527,0.009909435821583077,1.2736557539628477,0.8440432290033418
2097,2.12799258134803,0.009872589806779002,1.2732686953885215,0.844851302249091
2098,2.1281726579276885,0.009874845873944613,1.2729944605000165,0.8453033517818062
2099,2.1281039191752065,0.009899081153871149,1.2733791634744527,0.8448256737723643
2100,2.1279400952008305,0.009883687584375848,1.2756248706457567,0.8424315242743006
2101,2.127762810308106,0.009864165642469818,1.2775489992024947,0.8403496474635844
2102,2.1275646345955983,0.009864524220667628,1.2785496109602403,0.8391505078393586
2103,2.1272735778166325,0.00989088136702776,1.2777218155714931,0.8396608835580398
2104,2.127535490357146,0.009886323346053156,1.276337442957625,0.841311728771852
2105,2.12804520616726,0.00985668601031054,1.2752209530801188,0.8429675707403494
2106,2.1277830369618473,0.009835009406111678,1.2738182739335664,0.8441297418000747
2107,2.127389378693639,0.009895048683927375,1.272617287173563,0.8448770666609005
2108,2.1278666172708784,0.009858366173254897,1.2726415918797862,0.8453666695526668
2109,2.1277753795896257,0.009882030371880653,1.2732498402498207,0.8446435003864522
2110,2.127980525396308,0.009860388986880377,1.2755988398376776,0.8425212949514389
2111,2.127686560153961,0.00989548505607004,1.2774536116999022,0.8403374640917292
2112,2.12806752019999,0.009903608118088878,1.2790444894712798,0.8391194243212136
2113,2.127855723001519,0.009888884544904743,1.27819859190863,0.8397682388218082
2114,2.1280035230578207,0.00989537059842628,1.276423108212802,0.8416850390482922
2115,2.128131091594696,0.009913676541906839,1.275155440276983,0.8430619711170391
2116,2.1277395644966437,0.00990559241962524,1.2737927284775947,0.8440412404585858
2117,2.127728121621268,0.009895461402377305,1.2730845346742747,0.8447481220474049
2118,2.1277347985579045,0.009898199747335546,1.2731859130518777,0.8446507000801514
2119,2.1280998283503005,0.00988730968793436,1.2734953201546961,0.8447172085241396
2120,2.127977191185465,0.009866596323114877,1.2754051089286804,0.8427054775612695
2121,2.1276572723777925,0.009836617971257287,1.277321172612054,0.8404994917159178
2122,2.1273211094797873,0.0098344933868823,1.2781071687231258,0.8393794456306769
2123,2.127595980556644,0.009849518803613526,1.2781704098594433,0.8395760555048378
2124,2.127734592982701,0.0098498937844926,1.2767975281695931,0.8410871710096087
2125,2.1275395909134223,0.009884304005880746,1.274762295946783,0.8428929852587836
2126,2.127510727668295,0.009839633940624036,1.273951220269106,0.8437198789752259
2127,2.127941811571316,0.009871242354072782,1.2732750554474033,0.844795501962
2128,2.128034064964372,0.009895077032246152,1.2730170865448154,0.8451218969967901
2129,2.128286287492635,0.009883194240000176,1.2736292663885622,0.8447738229012003
2130,2.1281578285353526,0.009884927022669996,1.2754316281299203,0.8428412715391237
2131,2.1282542700670204,0.00993611607985685,1.2777286999079647,0.8405894561081516
2132,2.127840359600223,0.009905406117097152,1.2788915913932177,0.8390433590631096
2133,2.128227254565881,0.009898128239818069,1.2786931024522197,0.8396360147364286
2134,2.1278996674381956,0.009896792124538702,1.2772889459619716,0.8407139379759224
2135,2.1282920046728484,0.009891335258488449,1.2755286876036196,0.8428719788789749
2136,2.128046373931729,0.00989491248750413,1.2734229376121444,0.8447285248916976
2137,2.127895845442402,0.00990020996434804,1.2726934533946368,0.8453021703325972
2138,2.127583770119414,0.009897332705025162,1.272655651885636,0.8450307706180884
2139,2.1276974215799447,0.009870934699262892,1.274138401357495,0.8436880951025048
2140,2.1281590875314205,0.009860399088879325,1.275946749716389,0.8423519402134175
2141,2.127517686814678,0.009876146565704626,1.2770653020362466,0.8405762460767007
2142,2.127517900904831,0.009856887741432506,1.277834757858393,0.8398262514751784
2143,2.127415658259878,0.009853834005985029,1.2776134026293853,0.839948411498751
2144,2.127581941838167,0.009881246302809035,1.2766676113313558,0.8410330849642657
2145,2.1277718337214724,0.009905985371228688,1.2756111238683974,0.8422547049668371
2146,2.1280214871679033,0.009886240197003496,1.274355676709389,0.8437795736351792
2147,2.1277419304361147,0.009887097911833197,1.273211763829601,0.8446430761595162
2148,2.1277215006400128,0.009885602274301405,1.2731498060177784,0.8446860833435642
2149,2.1282300523349216,0.009908593711158147,1.2739095426335627,0.8444119177910746
2150,2.128063442755719,0.0098909327180638,1.27421273747269,0.8439597688159164
2151,2.1280217559970156,0.009884030182788871,1.275529804886604,0.8426079187466173
2152,2.128433086434189,0.009889172736973482,1.2782546105433483,0.8402892998894866
2153,2.127588904633814,0.009854381428841425,1.2789887469642016,0.8387457731426978
2154,2.127627752265152,0.00984066603610254,1.2781108362334115,0.8396762390525974
2155,2.127621647046537,0.009864575766521146,1.276186733221521,0.8415703369038445
2156,2.12747160634216,0.009881395613774657,1.2742681491131684,0.8433220605460965
2157,2.1279864481517246,0.009877919894167963,1.273626174245562,0.8444823467609833
2158,2.1280426735780678,0.009883416878363612,1.2733002858502525,0.8448589778676325
2159,2.1283566002943077,0.009932186216952242,1.2738045107345193,0.8446198975553318
2160,2.128543061869485,0.00991705309466592,1.2747035701664127,0.8439224292429126
2161,2.128405001698708,0.009931548693388397,1.2759170635622374,0.8425563874901557
2162,2.128291036401476,0.00991651445285094,1.2778071365794357,0.840567376844737
2163,2.127721153959936,0.009918935478151756,1.2783316227854515,0.839470599987069
2164,2.1279992972101485,0.009872770858738495,1.2787158653444173,0.8394106547443234
2165,2.128006999589959,0.009894521203728355,1.2771298447433783,0.8409826442295191
2166,2.127870711745048,0.009890607026006495,1.274600632336675,0.8433794674216485
2167,2.1277957327511845,0.009864470123180322,1.273373386081384,0.8445578874373922
2168,2.1272030716039696,0.009872979693570915,1.2724966783912814,0.8448334226802904
2169,2.1274096977954007,0.009844499236276867,1.2728299589789644,0.8447352401456054
2170,2.127410291409006,0.009847131215644126,1.2732400669127095,0.8443230843665649
2171,2.127206865622073,0.009778584040017153,1.2746315683637346,0.8427967009495716
2172,2.1268489847377854,0.009749319589677818,1.2767096143596026,0.840390048160845
2173,2.1265492147328904,0.009667734225869787,1.2774254843896748,0.8394559840766751
2174,2.1268323148999895,0.009595190127361186,1.2775829330999025,0.839654204188561
2175,2.1264714683805193,0.009622104356673603,1.2752660038519879,0.8415833611269387
2176,2.1265758920689017,0.00965257866631205,1.2736457434235786,0.8432775757142476
2177,2.1273884542134343,0.009676620121855212,1.2735099792480469,0.8442018357466679
2178,2.12778923219564,0.00991804281496728,1.2734829765193316,0.8443882139969845
2179,2.128166434716205,0.00996743468567729,1.2730809170372632,0.8451180716558379
2180,2.1286958249247805,0.009925951036073419,1.2734513380089585,0.8453185315034828
2181,2.1284272841044833,0.009923713139201306,1.2751304288299716,0.843373140814353
2182,2.12836990794357,0.009936716207968337,1.2782890352667595,0.8401441598425106
2183,2.1281792022744,0.0099123248222227,1.2793109860955452,0.8389558928961657
2184,2.1282239179221953,0.009910284256448552,1.2787762953310597,0.8395373298197376
2185,2.1280845221208065,0.009916497983646636,1.2766849191821352,0.8414830991200039
2186,2.1283672950705705,0.009882193966293517,1.2760072593786278,0.8424778592829801
2187,2.128414066470399,0.009892891569785317,1.2748572424966462,0.8436639290683123
2188,2.128133771370868,0.009876835231232096,1.2736580846261005,0.8445988531623568
2189,2.1282181837120833,0.009873362044252607,1.2727866622866417,0.8455581500822184
2190,2.1284476944378445,0.009881138811078,1.2735019788450124,0.8450645816569425
2191,2.1281593210843144,0.00987883261880096,1.2757249334637,0.8425555560661822
2192,2.1274257095492617,0.009876910563824432,1.2776331858975547,0.8399156040074874
2193,2.126996175367005,0.009869529932205166,1.2779519831647679,0.8391746547149153
2194,2.127258759372088,0.00984402345398403,1.2772519959478963,0.840162740374098
2195,2.1270495434196626,0.009850834976235519,1.2758101972998406,0.8413885235786438
2196,2.1269072099607818,0.009704819600078829,1.2748313065694303,0.8423710842521823
2197,2.1275810635819727,0.00965504369185287,1.2736323104829204,0.8442937108326931
2198,2.127282129258526,0.009680411060891894,1.2714548019730314,0.8461469092539379
2199,2.1268066301637765,0.009760727920588486,1.2711242431280565,0.845921666342385
2200,2.127567878791264,0.009822497396178695,1.273761335076118,0.8439840479772918
2201,2.1278650602515863,0.009909783580283426,1.2764243544364462,0.8415309154257482
2202,2.127686934811728,0.009912140905020796,1.2778921632134184,0.8398826447676639
2203,2.1280742421442147,0.009985704179283003,1.2779983032722861,0.8400902364935193
2204,2.1278424932032216,0.009934405663183756,1.2778143755027227,0.8400937060312349
2205,2.128390658874901,0.009862727034190784,1.2776959836483002,0.8408319439206805
2206,2.128480024483739,0.009922545388987174,1.2752432421762117,0.8433142419980497
2207,2.128230167894947,0.009908300805456785,1.2744869036333901,0.843834961555442
2208,2.127941363928269,0.009912411183384913,1.2725474627650515,0.8454814985090372
2209,2.127904016144422,0.009934145719649233,1.272652797553004,0.8453170702773698
2210,2.128364839115921,0.009910931886762989,1.274390466359197,0.84406344349287
2211,2.1282631341291935,0.00989586949747588,1.2762969914747744,0.8420702778563207
2212,2.127857575611192,0.009886191430862765,1.2778076864018733,0.8401636955689411
2213,2.1280704955665435,0.01014658520758456,1.277761353521931,0.8401625536534251
2214,2.12807251725878,0.00989178350499394,1.2779202655870088,0.8402604713123671
2215,2.127700230296777,0.0098534946862076,1.2777025419838575,0.8401441935982022
2216,2.1277669996631388,0.009881315510529948,1.2757965636496642,0.8420891135322804
2217,2.1281412414142062,0.009864486003180548,1.274856062567964,0.8434207010634092
2218,2.128090017912339,0.009886415371177147,1.2728101221882566,0.845393493771553
2219,2.127581752076441,0.009916030569002032,1.271608094171602,0.8460576242330123
2220,2.127737970984712,0.009872938986221443,1.2734888244648368,0.8443762127842221
2221,2.1282366696669133,0.009912927734798618,1.2763091234528288,0.8420145995154673
2222,2.128086874679643,0.009890554943217002,1.2771998601300376,0.8409964579100512
2223,2.127567242602913,0.009895096613778447,1.2776606715455348,0.8400114753416607
2224,2.1277598531878725,0.009871874798127279,1.278023019737127,0.8398649437086922
2225,2.1281413776533946,0.00987875523824929,1.277478080623004,0.8407845433269229
2226,2.1282721575425594,0.009924907189774878,1.276800974291198,0.8415462821722031
2227,2.1281986978589273,0.009941439956844765,1.2738439811735738,0.8444132911307471
2228,2.128128953126012,0.009901970121249253,1.2725895174912043,0.8456374619688306
2229,2.1275433922300535,0.009908364596301499,1.2726193173807494,0.8450157146672813
2230,2.1281402257024027,0.009925058201829694,1.2738905244944048,0.8443246371283823
2231,2.1277898963616817,0.009880391082593374,1.2755734944830135,0.8423360093515746
2232,2.1280670932361057,0.009899969749646832,1.2773439695640487,0.8408231546684187
2233,2.1280046251355387,0.009886366158381713,1.278015125770958,0.8401031366416386
2234,2.12805138072189,0.009906269291567862,1.2786017327892536,0.8395433723926544
2235,2.127638566250704,0.009915876553907079,1.27717125415802,0.8405514392925768
2236,2.12791660245584,0.009900746924080411,1.2757585431848253,0.8422573020263594
2237,2.128288318916243,0.009916969418183577,1.2750872957463166,0.8432840482921017
2238,2.1282423199439537,0.009917928419094913,1.2741057209822597,0.8442186719300796
2239,2.1278224100871963,0.009896171640376655,1.2728145104281756,0.8451117213283267
2240,2.12801562280071,0.00988668855279684,1.2729166654907926,0.8452122661532188
2241,2.1280913377294737,0.009886872175396706,1.2741805844160976,0.844023875131899
2242,2.1280084106386923,0.009898642154068363,1.2766888019989948,0.8414209664476161
2243,2.1280669934895573,0.009851826521168863,1.2786279825531706,0.8395871918420402
2244,2.127128953836402,0.009879696249429668,1.2778457585646181,0.8394034942802118
2245,2.127815132238427,0.009911819023783413,1.2773877662055346,0.8405155448281035
2246,2.1280617190867055,0.009943159577455752,1.2764351361868334,0.8416834275941459
2247,2.12808772739099,0.009894292046106895,1.2752839588389104,0.8429094720251706
2248,2.1284104816767635,0.009926215883306399,1.2737092576464828,0.8447750070873572
2249,2.1280076734873714,0.009966710568120589,1.2724909374908524,0.8455500292534731
2250,2.128464808269423,0.00990280118884937,1.2735493998138272,0.8450126033656451
2251,2.1284829670069167,0.009902502595427997,1.2749430068901606,0.8436374494007656
2252,2.128066755070978,0.009911882410738237,1.276540248369684,0.8416146319739672
2253,2.1274814119144363,0.009912961371699157,1.2774948064161806,0.8400736542380586
2254,2.127660871768484,0.009871127221695319,1.2780175975390844,0.8397721520492009
2255,2.1278220366458505,0.009872741579097144,1.2778332628765885,0.8401160282748086
2256,2.1280720148767744,0.009899825332876372,1.2772291533801021,0.8409430436333831
2257,2.128317038623654,0.009895537747070193,1.2754395725775738,0.8429819181257364
2258,2.1281282184075336,0.009914918465311734,1.2730106991164538,0.8452025867846548
2259,2.1278263561579647,0.00992753210344485,1.2715062894383256,0.8463925424278999
2260,2.1277287346976146,0.009928755333875211,1.273467324826182,0.8443326609475272
2261,2.127831269283684,0.00990826008860402,1.2747979699348917,0.843125042562582
2262,2.128115392461115,0.009930066312948356,1.2766199154513223,0.841565415263176
2263,2.1280497896428012,0.009920371202181796,1.2776625053006776,0.8404669007476495
2264,2.128381444483387,0.009900210396747808,1.278698288664526,0.8397829435309585
2265,2.1279765452657426,0.009888725279241192,1.278277253009835,0.8398105623770733
2266,2.1283043598642153,0.009927877638374969,1.2766057210309165,0.8417707553931645
2267,2.127973247547539,0.009905707879866265,1.2738438169566952,0.8442237200785656
2268,2.1276425451648477,0.009878645736572086,1.2729458741995754,0.8448180185288799
2269,2.127739838191441,0.009883818815329246,1.2732898155037238,0.8445661946827051
2270,2.1278160263080985,0.009897119360880889,1.273264471365481,0.8446544320607672
2271,2.1278258537759585,0.009905433681394373,1.2745232648995457,0.8433971514507216
2272,2.1279987510369747,0.009876335681207021,1.276013701545949,0.8421087097756716
2273,2.1281058301731033,0.009872345020994544,1.2777869774370778,0.8404465053154497
2274,2.127417897691532,0.009865291673233923,1.2785719742580337,0.8389806315606955
2275,2.1271078233816185,0.009886847618891269,1.2769426417594054,0.8402783244240041
2276,2.127309863664666,0.009876585784083118,1.276072341568616,0.8413609418333793
2277,2.1278079735989475,0.00984210748111411,1.2753757883091361,0.8425900720211924
2278,2.127597452426443,0.009846497232056394,1.2744858246676776,0.8432651326364401
2279,2.127732201498382,0.009859341377278372,1.273728304371542,0.8441445556830387
2280,2.128354168668085,0.009886353846867474,1.27268192658619,0.8457858854410599
2281,2.128243931702205,0.009902738989805994,1.27294288788523,0.8453982958988268
2282,2.128386926894285,0.0099078766973119,1.2750810494228286,0.843397993822487
2283,2.1279646267696304,0.009905727442391977,1.2779084754233458,0.840150418330212
2284,2.1281737904159392,0.009924415613011437,1.278992924763232,0.8392564453640763
2285,2.1279289673785775,0.009907981680173959,1.278158607531567,0.8398623776679136
2286,2.128206968307495,0.009898569662960209,1.2774353197642736,0.8408730811610514
2287,2.127859482959825,0.009901880310392198,1.2750295072185749,0.8429281079039281
2288,2.1281506759779796,0.009885256577815329,1.2745009356615495,0.8437644778465738
2289,2.128086635044643,0.009928861913290255,1.2739145999052086,0.8442431785622422
2290,2.1282454169526392,0.009898401682778281,1.2740653126823658,0.8442817041460349
2291,2.1281441510940087,0.009913647476089547,1.2734445224002915,0.8447859819446292
2292,2.127922410867652,0.009913972887799752,1.2744062323959506,0.8436022005519088
2293,2.1280824627195085,0.009887918630348784,1.2758303448861958,0.8423641980910788
2294,2.127689918693231,0.009907614368451188,1.2774207008128264,0.8403615975866512
2295,2.1279658371088455,0.009885287862651202,1.2791259300952056,0.8389546229523055
2296,2.1276803661365897,0.009881623103568445,1.277947732988669,0.8398510178132933
2297,2.1276843401850485,0.00985264480209016,1.2759583555922216,0.8418733453264042
2298,2.1272414703758393,0.009845067252766113,1.2738736819247811,0.8435227153252582
2299,2.127371901152085,0.009782493808211721,1.2726221224483178,0.8449672889344546
2300,2.1271849688218563,0.009839373811775324,1.2720304770129067,0.8453151291730453
2301,2.127551575096286,0.00986997822147547,1.2732854607153912,0.8443961374613703
2302,2.12792201309788,0.009892228026209133,1.274445543483812,0.8435842422198276
2303,2.1278908885255152,0.009913101892120071,1.2759573642088442,0.842020430431074
2304,2.127766588512732,0.009851891081780195,1.2775420126866321,0.8403726682371023
2305,2.127903868957442,0.009886313985310952,1.2785698187594512,0.8394477397811656
2306,2.1283869414913412,0.009904510640938367,1.2784931179212065,0.8399893002850669
2307,2.128006250274425,0.009946190562023192,1.2763878855170037,0.8416721677901794
2308,2.128128386273676,0.00993968312134396,1.2741597386039034,0.8440289536909181
2309,2.127862403587419,0.009930669111484776,1.2735785537836504,0.8443531877532298
2310,2.1285003484511864,0.009907105476690494,1.27329924398539,0.8452939996305777
2311,2.1283022213955314,0.00992356155219735,1.2740265416855714,0.8443521136532024
2312,2.128210678392527,0.009920964516433222,1.2747401582951448,0.8435495717793094
2313,2.128197511848138,0.009899660830899161,1.2760235204988597,0.8422743370946573
2314,2.128551502617038,0.009891709764202943,1.2785389198332417,0.8401208647659847
2315,2.128259528656395,0.00989883262378981,1.2793685714809262,0.8389921282627144
2316,2.128078051975795,0.009875283994692929,1.2782865032857778,0.8399162639160546
2317,2.128127645473091,0.009910893878348323,1.2767443644757173,0.8414723894425801
2318,2.127665578102579,0.009890584208603417,1.2748853862285614,0.8428896136429845
2319,2.1281274338157807,0.009872965566927985,1.2743704106126512,0.8438840599692597
2320,2.1279656996532363,0.00991903783810534,1.2728917355440101,0.8451549225315755
2321,2.1276808904141795,0.009953831526811938,1.272713152729735,0.8450139113226716
2322,2.127849819708844,0.009895252149400055,1.274135834100295,0.8438187381442712
2323,2.127995646729761,0.009867080758154696,1.2760801351800257,0.8420484424853811
2324,2.127609969401846,0.009899521945044398,1.277435993661686,0.8402744574206216
2325,2.127711545447914,0.009856481969888722,1.2778767481142161,0.839978316304635
2326,2.1273761780894533,0.009865152991699929,1.2775336747266808,0.839977356548212
2327,2.1276404529201742,0.009827658728867466,1.2769840615136283,0.840828748685973
2328,2.1274652760856005,0.00980917361983079,1.275491465111168,0.84216464569374
2329,2.128139158900903,0.009855623318984801,1.2744857261375504,0.8437978190426924
2330,2.127638275526008,0.009862659902939079,1.2721532443348242,0.8456223716541212
2331,2.127788724947949,0.009899598950216052,1.2715875774013752,0.8463015574581769
2332,2.127982780641439,0.0098881275269526,1.2737530086721693,0.8443416451313057
2333,2.1279299392992135,0.009888276239210854,1.275888333515245,0.8421533335836566
2334,2.127912315787101,0.009892540304370376,1.2776190249287351,0.8404007459781608
2335,2.1282289551228892,0.009920942231214471,1.2787645678130948,0.8395434411204591
2336,2.1279952927511565,0.009958883467111357,1.2778995219542055,0.8401368832101628
2337,2.128101087346369,0.009927904817788881,1.2775222166460387,0.8406509732713505
2338,2.1283135949348915,0.009919339363292163,1.2760453424891647,0.8423489131489579
2339,2.128470097269331,0.009898535588908255,1.2747414507427994,0.8438301022563662
2340,2.1281767195584824,0.00987278465276622,1.2729416161167377,0.8453623126355969
2341,2.1282414392549165,0.009902952899396116,1.2730464010822529,0.845292079509521
2342,2.127953743448063,0.009897899538354606,1.273503459837972,0.8445523770488038
2343,2.1279887678671856,0.009874727985612591,1.2753745025517988,0.842739540095232
2344,2.1280962958627816,0.009859000912354308,1.2777323351830852,0.8405049534476533
2345,2.1276021830889644,0.00990693185155337,1.2783188272495658,0.8393764310345357
2346,2.1274836987865213,0.009882433306691902,1.2781283654728715,0.8394729163573713
2347,2.127138180392129,0.009849794242264969,1.276309690305165,0.8409786853863268
2348,2.127304105126128,0.009828621730664554,1.2751168876278156,0.8423585958626806
2349,2.1277059718054168,0.009823467610974093,1.27396809081642,0.8439144203249289
2350,2.127154713990737,0.009789875404415081,1.2720815588016898,0.8452832796135727
2351,2.1274058563368663,0.009841748323215514,1.2713270862491763,0.8462370223536784
2352,2.126901377220543,0.009802722524167324,1.272744011514041,0.8443546319494442
2353,2.126689401208138,0.009777323532925576,1.2742449750705642,0.84266710220551
2354,2.1265993835974712,0.009682145288062036,1.2763770861285073,0.8405401548560785
2355,2.12670422695121,0.009600970224116226,1.2773124052553761,0.8397908508777618
2356,2.1264335354980157,0.009569627114058453,1.2768299543127721,0.8400339630185342
2357,2.1265576627789713,0.009608049435084877,1.275803307489473,0.8411462948638566
2358,2.126810969138632,0.009704670051530915,1.273983655535445,0.8431226507741578
2359,2.1272834746205076,0.009979848612137899,1.2731667288712092,0.8441369004395544
2360,2.1279239678869444,0.00987678544348752,1.272588773649566,0.8454584135692946
2361,2.128053472966564,0.009949679272629472,1.2730529022460082,0.8450508899226481
2362,2.128412018016893,0.009911302439108188,1.274631302575676,0.8438694060456996
2363,2.1281783118539925,0.009918717529662714,1.2754236800330025,0.8428359186770965
2364,2.1283706815875307,0.009912581553644672,1.2765336079256875,0.8419244797254095
2365,2.1285375052568862,0.00991473141202361,1.2783551629708738,0.8402676019741564
2366,2.128377227150664,0.009902825906910762,1.2792109488224497,0.8392634507344694
2367,2.128412792877275,0.0098873271882458,1.2785340894241721,0.8399913812778435
2368,2.128503374907435,0.009925809655604618,1.2762737669506852,0.8423037985149695
2369,2.128414829166568,0.009869247085737939,1.2743122145837666,0.8442333702530179
2370,2.128096580505371,0.009907766373599974,1.2731994974369905,0.8449893122424885
2371,2.1281756770854092,0.009895364630359168,1.2730511433007765,0.8452291747136992
2372,2.128395592679783,0.009909297710246578,1.2738354418958937,0.8446508582149234
2373,2.1280464067751046,0.0099173631870701,1.275488225172977,0.842640818381796
2374,2.1282240468628553,0.009907924508371828,1.2778281666794602,0.8404879515268364
2375,2.1276538590995635,0.009909276185291154,1.2786247784994087,0.8391197916804528
2376,2.1278309201707644,0.009927478975293284,1.2780213064076948,0.8398821439061847
2377,2.1277456137598776,0.009891802093432265,1.2772238966153593,0.8406299005965797
2378,2.127883499982406,0.009886225352862052,1.2758535456900695,0.8421437284167932
2379,2.1280432136691347,0.009924240053954477,1.2745759566219486,0.8435430204381749
2380,2.1279742279831244,0.009904154476576619,1.2728465491411638,0.8452235204832894
2381,2.12774741041417,0.009920502048251885,1.2725893106995796,0.8452375835301925
2382,2.128029842765964,0.009908578320577437,1.2737462660487817,0.844374988760267
2383,2.1276631963496304,0.009897443750987247,1.275194180863244,0.8425715720775176
2384,2.1277065191950117,0.009906335757589159,1.2762862973067226,0.8415138830943983
2385,2.1276703744518515,0.009856840272491075,1.2772042605341698,0.8406092725238021
2386,2.1279699096874314,0.00986434551126951,1.2778836628612207,0.8402218970717216
2387,2.127830813125688,0.00991345015924652,1.2782484597089339,0.839668902207394
2388,2.127906328561355,0.009922321781287996,1.2768175985131944,0.8411663916646218
2389,2.1278267028380413,0.009880773342993796,1.274867249994862,0.8430786810967387
2390,2.127785574416725,0.009874186872941802,1.2730569681342767,0.8448544272354671
2391,2.1275727408272878,0.009911614261111435,1.2722666172348722,0.8453945122203048
2392,2.127866400747883,0.009903517950858389,1.273228416029288,0.8447344753206992
2393,2.1278351180407467,0.009884910553465692,1.2743320513744743,0.8436181593914421
2394,2.128163471513865,0.009876931613615277,1.2768017236067324,0.8414848300875449
2395,2.1274864770928206,0.009886568117582676,1.277769602074915,0.8398303018540753
2396,2.1275509218780364,0.009892256483815762,1.2782121172973089,0.8394465555950087
2397,2.128168008765396,0.009920871217868157,1.2780509773565798,0.8401961609417078
2398,2.127814621341472,0.009900023238923477,1.276007843869073,0.8419067485600101
2399,2.1276413080643635,0.009886005627257484,1.2740700859196332,0.843685222523553
2400,2.1275773072729307,0.009864526297136838,1.2738340673397999,0.8438787131893392
2401,2.1279117683975066,0.009867282465518433,1.2736767354060192,0.8443677616970879
2402,2.1282029115423864,0.009905497267918319,1.273590815918786,0.8447065970727375
2403,2.1280273369380405,0.009934412852423836,1.273955532482692,0.8441373927860844
2404,2.1283905749418297,0.009905226595167602,1.2751464661286802,0.8433388714887657
2405,2.1283870375886256,0.009900883153765177,1.276711412838527,0.8417747516413124
2406,2.128257053239005,0.009909164578634866,1.278894943850381,0.8394529530588462
2407,2.128040645803724,0.009916372592465915,1.2794633398250657,0.8386609317088614
2408,2.1284831920448615,0.00988707845384369,1.2779350183448013,0.8406611030199089
2409,2.12808104680509,0.00989535955084982,1.2751162313685125,0.8430694557574331
2410,2.127777718767828,0.009895769066690487,1.273045236967048,0.8448367130999662
2411,2.1276208624547843,0.009940142771799346,1.2728697846130448,0.8448109280089943
2412,2.128344680581774,0.009905328095073298,1.2741074148489504,0.8443319362645246
2413,2.1284861017246635,0.00991682056337595,1.2750648728438787,0.8435044030145723
2414,2.128278476851327,0.009967558361513883,1.2751348839730632,0.8431760303828181
2415,2.1282942599179795,0.009966098836490087,1.2764925080902723,0.8418356475173211
2416,2.127872037644289,0.009910915317774122,1.2782945985696754,0.8396665161969711
2417,2.1280885217141132,0.00987974779053154,1.278827114981048,0.8393816719858014
2418,2.1281429881952247,0.009890525264437405,1.2781855311928962,0.8400669316856229
2419,2.1277700674777127,0.009867524975264559,1.276093684897131,0.8418088631362332
2420,2.1283432768315684,0.009917849755598878,1.2742967520441328,0.8441286731739434
2421,2.1278440185955594,0.009895166006813548,1.2728895654483718,0.8450592823174535
2422,2.127980272380673,0.00989700549719285,1.2721814105705338,0.8459018481021024
2423,2.127905331095871,0.0099092646815567,1.2733599580064112,0.8446361081940787
2424,2.127604993022218,0.009858749697593098,1.275622474903963,0.842123774241428
2425,2.1278361641630834,0.009878820620895344,1.2769954362694098,0.8409619005967159
2426,2.1275684164494884,0.009879367692129952,1.277942577186896,0.8397464849510972
2427,2.12803102634391,0.00988505033738151,1.2784371753128208,0.8397087953528579
2428,2.1278887658703085,0.00987343681615074,1.2773949102479585,0.840620435926379
2429,2.1275253831123817,0.009869481707752054,1.2754025976268613,0.8422532969591568
2430,2.1274768564165853,0.00988342906633506,1.2732042731071005,0.8443891506414024
2431,2.127978665488107,0.009866965012814926,1.2725002516289146,0.8456114506234929
2432,2.1278055176442985,0.009893766746913292,1.2722549852059812,0.8456567741778432
2433,2.1280962107132892,0.009900168696304366,1.2740528474048691,0.8441431878172622
2434,2.1278839938494625,0.009890032247925291,1.2757755092212133,0.8422184586524963
2435,2.1281938674498577,0.009922807846142322,1.277851323692166,0.8404197461751043
2436,2.127902994350511,0.009907486069263245,1.278902485662577,0.8390930255456847
2437,2.1279364216084384,0.009908369547516411,1.2778686850654835,0.8401593635885083
2438,2.1277764062492217,0.00990853431083414,1.2765787730411606,0.8412890948203146
2439,2.127945587343099,0.00993095302232066,1.2756534705356675,0.8423611631198805
2440,2.127992261429222,0.009879508725728611,1.2742922829121959,0.8438204834047629
2441,2.128421849134017,0.009874385791089462,1.2739162657942091,0.84463120479973
2442,2.128543481534841,0.009918627352928934,1.2727175288054409,0.8459073296006845
2443,2.128001652201828,0.009909936032086914,1.2738134891402966,0.8442782257892647
2444,2.128032515243608,0.009878683782999918,1.275382501738412,0.8427713230556372
2445,2.1275962968261872,0.009881935714344894,1.2769932874611445,0.8407210713746597
2446,2.1278626115954653,0.009901341074621496,1.2781854052932895,0.839775870649182
2447,2.1279494093388927,0.009861930021636036,1.2782780777434914,0.8398094037357642
2448,2.1277035985674178,0.00988072063298706,1.2776221888405936,0.84020069940966
2449,2.127759738844268,0.009843974939680524,1.2757818388695619,0.842133917370621
2450,2.128141696355781,0.00991661109657464,1.2742351774050265,0.8439899089993262
2451,2.127960235488658,0.009878788233677648,1.2727401761376127,0.8453412630728313
2452,2.127422808384409,0.009867796631605953,1.2721125726797142,0.8454424370916522
2453,2.1278852966366983,0.009868745696825944,1.2740285402658034,0.8439879946562708
2454,2.1283455247781715,0.009904986603793745,1.2757067589127287,0.8427337788197459
2455,2.1278346120094764,0.009923521015907124,1.27656560467214,0.8413454896333267
2456,2.1280643185790704,0.00991611184590325,1.2780402977855838,0.8401079083583793
2457,2.1280879220184015,0.009876165306195617,1.2782397239792103,0.8399720286228218
2458,2.128058467592512,0.009912811975203911,1.277917590068311,0.8402280533800319
2459,2.1282380722006975,0.009890580369273618,1.2767522255985104,0.8415952771902084
2460,2.12807097118728,0.009905379013709572,1.274209348522887,0.843956245147452
2461,2.127977596253765,0.009905523382963575,1.2732127910974074,0.8448592731539084
2462,2.1277907381252366,0.009920375454904777,1.273153925428585,0.8447164491731294
2463,2.1281954013571447,0.009905315835827164,1.2735476001184813,0.8447424872797362
2464,2.128230502410811,0.009891448523469118,1.2742348234264218,0.8441042313162161
2465,2.1284245933805193,0.009899643506398615,1.2767968792088178,0.8417280769469787
2466,2.12809396641595,0.009879070647745108,1.2784879292760576,0.8397269677750918
2467,2.1278836800127614,0.009915067115798593,1.278888067420648,0.8390805414136575
2468,2.1276454524118074,0.009905531137649502,1.2776862686994124,0.8400536383293113
2469,2.1277246584697647,0.009931667446519951,1.2757335925588802,0.8420593902772787
2470,2.1276731564074147,0.009903248580058619,1.2747059780724195,0.8430639201281022
2471,2.1280079240701637,0.009875462884653588,1.2740911178442897,0.8440413329066062
2472,2.128041216305324,0.009861582704838745,1.2733211243639186,0.8448585122823715
2473,2.1283677974525763,0.009892751667078356,1.2729084972216158,0.8455665497755518
2474,2.127825145818749,0.009864675726893604,1.2737926980670617,0.8441677795989173
2475,2.1276049480146293,0.009860808034522496,1.275762501419807,0.8419816545685943
2476,2.127587665100487,0.00987695186512963,1.2779864583696638,0.8397242648869144
2477,2.1274571406597995,0.0098762445351375,1.2784342181925872,0.8391466672931399
2478,2.1276692565606563,0.00989216741421545,1.2775603058386822,0.8402167792831149
2479,2.127854130706009,0.009874271404720386,1.2764935517797664,0.841486324461139
2480,2.1279012098604317,0.009859466754204156,1.2743829719874324,0.8436587708336967
2481,2.1279133935363923,0.009879779963925178,1.2730266980978908,0.8450069272396515
2482,2.128071620756266,0.00990958910492458,1.2728404700756073,0.8453215491406771
2483,2.1284496820702845,0.009922513353391265,1.2732080239422467,0.8453191518783569
2484,2.1283695795098128,0.009901590631058325,1.2750510415252374,0.8434169471872096
2485,2.128494831980491,0.0098844228730518,1.2773720761951135,0.8412383350790763
2486,2.128265441680441,0.009925482471530534,1.2787103452244584,0.8396296081494312
2487,2.1281035384353326,0.009912739346298029,1.278970678850096,0.839220112987927
2488,2.1280849563832187,0.009906853976830537,1.2777423426813008,0.8404357527591744
2489,2.128204357867338,0.009892352048915868,1.2760792958493135,0.8422327050749137
2490,2.128453334983514,0.009938213798426548,1.2751147972077739,0.8434003351294265
2491,2.128185598217711,0.009896232737038208,1.2747136202393745,0.8435757506866844
2492,2.128196726039964,0.009889807590112393,1.2742965908683077,0.8440103296722684
2493,2.128370618333622,0.009939004267965044,1.2730375303297627,0.8453940813030515
2494,2.1275984243470796,0.009897355099531765,1.2735211648503129,0.8441799103605504
2495,2.128049736120263,0.00986370248529984,1.2753214015036214,0.8428646335188223
2496,2.127443796517898,0.00985616331501883,1.2771351921315095,0.8404524417556062
2497,2.1269659777076875,0.009860053259347166,1.2780235239437647,0.8390824022341747
2498,2.1271231296111126,0.009866325697880618,1.2776269255852213,0.8396298867099139
2499,2.126599283850923,0.009786267413244563,1.2756032627456042,0.8412097546519065
2500,2.126653114143683,0.009677538957104695,1.2736994806601076,0.8432761068855014
2501,2.126621957944364,0.009615964403528035,1.2724516251865698,0.8445543771495625
2502,2.125934147104925,0.009593414836468138,1.271187930690999,0.8451528038297381
2503,2.1253791536603654,0.009575030139210274,1.2709001351375968,0.8449039948838097
2504,2.126132300921849,0.009650390086771578,1.2714467310175603,0.8450351834905391
2505,2.1265730359116377,0.009940359689181253,1.2732831446491941,0.843349528251862
2506,2.1274700967632993,0.009984212295551385,1.2761228577214845,0.8413630158317332
2507,2.1281181233269826,0.009937410955602417,1.2786254657774556,0.8395552474017046
2508,2.128152434923211,0.00992967604602478,1.2789360199655806,0.8392867388165727
2509,2.1282195704323903,0.009919185452733417,1.2776840566372385,0.8406163317208387
2510,2.128219863589929,0.00992249964014152,1.2749123548974797,0.8433850149110872
2511,2.1279185548120614,0.009952415526863568,1.2741223877790022,0.8438437456379131
2512,2.1283671977568646,0.009915494207977032,1.2740851403499136,0.8443665580481899
2513,2.128825069690237,0.009927029203509494,1.2737389948903297,0.8451590525860689
2514,2.1284220595749055,0.009925017983899737,1.2739896372872956,0.8445074117305328
2515,2.1283157175900986,0.009861545884335528,1.2756684592791967,0.8427857063254531
2516,2.1282738082262935,0.009924532474987969,1.2770976424217224,0.8412516396872851
2517,2.1279368011318907,0.00991442830453874,1.2785003994192397,0.8395219767580226
2518,2.1277878503410186,0.009891103473206868,1.2782094052859716,0.8396873449792668
2519,2.1277578533912194,0.009922605540071214,1.2771713228858248,0.8406639281584292
2520,2.1280580211658866,0.009887826272609587,1.2771503986144552,0.8410198049885886
2521,2.1278828796075313,0.00991151475689697,1.2745546546517585,0.8434167002536812
2522,2.127937071177424,0.009920596121335211,1.2738276349038493,0.8441888334191575
2523,2.1278879654650784,0.009876638902731391,1.2724023826268254,0.845608939625779
2524,2.128039391673341,0.0098731882860694,1.2728252812307708,0.8453409267323357
2525,2.1278944453414605,0.009912901220615116,1.2743407980519899,0.8436407617160252
2526,2.1278946715958265,0.009904102127694962,1.276352971792221,0.8416375952715777
2527,2.127726039107965,0.009940271246798185,1.2774590053120438,0.8403267577594641
2528,2.127985010341722,0.009889081367576609,1.2784537022211113,0.8396422181810651
2529,2.127942310304058,0.009870363389883114,1.2782980106314834,0.8397739496158094
2530,2.128356228069383,0.009910698276849426,1.2764295765331812,0.8420159503513452
2531,2.1282943925079034,0.009899631774585162,1.274170117718833,0.844224641517717
2532,2.1281198494288387,0.009921500953484555,1.2731463398252214,0.8450519983865776
2533,2.127754809905072,0.00988447191953963,1.2723888925143652,0.8454814623205029
2534,2.1279633945348313,0.009894036635642454,1.273381965500968,0.844687394341644
2535,2.127863577433995,0.009917547755247476,1.2751595286690458,0.8427864939582591
2536,2.127771084405938,0.009890045409984127,1.2768410340863832,0.8410400082262195
2537,2.1277649062020436,0.00988281877445323,1.278145698260288,0.8397363901746516
2538,2.127677244799478,0.009902030714236352,1.2781200335950267,0.8396551858405678
2539,2.1280238299953695,0.009912382013031415,1.277529270065074,0.8405821822127517
2540,2.1280909399597014,0.009899459156796945,1.276520584310804,0.8416708963257926
2541,2.1286430772469966,0.009918319788400312,1.2751772768643437,0.843547483488005
2542,2.1279755283375175,0.009914509434138939,1.2735989221504755,0.8444621030773435
2543,2.1281508499262283,0.009903645071638177,1.272261074611119,0.8459861342396054
2544,2.128318737964241,0.009922104336473406,1.2735090626745809,0.8448875765411221
2545,2.1283127750669206,0.009888910284569981,1.2753197483870449,0.8431041137296327
2546,2.1281332093842176,0.009915641447225091,1.2767018091921905,0.8415157636817621
2547,2.1281717589923312,0.009962382469782415,1.2781694494948095,0.8400399240912223
2548,2.1280713981511643,0.009924832166039519,1.2786293035867262,0.8395172710321388
2549,2.127831405522872,0.009911974849255413,1.2773086884800269,0.8406107212815966
2550,2.1282495783299815,0.009938716826656339,1.2769091944305264,0.8414016667069221
2551,2.1284145408747146,0.009893658471160702,1.2763917154195357,0.8421291645084109
2552,2.1284071036747525,0.009908520507303124,1.2742787526578319,0.8442198302672834
2553,2.1280218472286148,0.009930183944691504,1.2718172012543192,0.8462744647142838
2554,2.1280360988208225,0.00990436133472439,1.2724329987350775,0.8456987315902904
2555,2.127945594641627,0.009877478086142515,1.2748194677489144,0.8432486479987904
2556,2.1280381168637956,0.009924225908304964,1.2770866009653832,0.8410272929741411
2557,2.127860422037086,0.009923848912728076,1.2776922510594737,0.8402443245357397
2558,2.1276765198123697,0.009939616275191004,1.2775839287407544,0.8401529703821454
2559,2.1280977580012106,0.009887599367268232,1.2783422464010668,0.8398679136013498
2560,2.128283663671844,0.009890489565322593,1.2767746211314688,0.8416185512834665
2561,2.128181357772983,0.009899290302312192,1.2752372014279267,0.8430448575895659
2562,2.1280969101555494,0.009876269181924207,1.2733008514861672,0.8449197879859379
2563,2.1277790507491754,0.00987377991348657,1.2721591014034894,0.8457461695890037
2564,2.127874055687262,0.009889323877322734,1.2733929595168756,0.8445917687245778
2565,2.1273435086620096,0.00989356377086013,1.2739606140827646,0.8434893145244948
2566,2.127734880058133,0.00990081868818676,1.2759999407797444,0.8418341187798247
2567,2.128020472672521,0.009905099441126292,1.2772192091357952,0.8408961688377419
2568,2.1276187896728516,0.009940767247343853,1.2777568278264027,0.8399211949839884
2569,2.128066201599277,0.009929290625779909,1.2786461358167687,0.839490761866375
2570,2.1285367960832557,0.009918228266950773,1.2778531002755067,0.8407654582845921
2571,2.1282013922321554,0.009915833123864569,1.274945821080889,0.8433397509613816
2572,2.128227025878673,0.00994204095450743,1.2734054174958442,0.8448795518096612
2573,2.128256927947609,0.009965976671676854,1.2733538540042177,0.8449371052639825
2574,2.1281599475412953,0.009911781400252057,1.2738042102784526,0.84444396319438
2575,2.1280326381021615,0.009924830816572115,1.2743251761611627,0.8437826317183825
2576,2.1285625209613723,0.009921785225445519,1.276075762753584,0.8425649653892128
2577,2.1279857645229416,0.00990090361910359,1.277362009092253,0.8407228555606336
2578,2.1283273246823526,0.009938476222320174,1.2782052512071571,0.8401835940930308
2579,2.127963741214908,0.009877798869749722,1.278848789784373,0.8392371404535917
2580,2.1280891493875154,0.0098925814631262,1.2776532410358896,0.8405433318444661
2581,2.1277665447215646,0.009916730011262151,1.275094409986418,0.8427553991882168
2582,2.1274652164809558,0.009859902066729811,1.2736626741837482,0.8439426388667555
2583,2.1271691115535036,0.009881669669697175,1.2726876133558702,0.844599827819941
2584,2.127201201964398,0.0098813759324578,1.2722884672028678,0.8450313596701136
2585,2.127436724244332,0.009797701683389594,1.2735966778531367,0.8440423364541969
2586,2.1276826663893096,0.009825454963067052,1.2744527592950938,0.8434044560607599
2587,2.12708113023213,0.009837022051215172,1.2747499450128905,0.8424941529424823
2588,2.126981322862664,0.009878681236117775,1.2763721948983717,0.8407304493748412
2589,2.126975501070217,0.009772947804090016,1.277817917721612,0.8393846351881417
2590,2.12709633184939,0.009738318712393544,1.277589898328392,0.8397681174837813
2591,2.127080418625656,0.009697160498258106,1.2757734838797121,0.8416097793652086
2592,2.1273128438969047,0.009699864849942376,1.2742015026053604,0.8434114763323142
2593,2.1275241520940043,0.009801263859191415,1.2728885320984586,0.8448343480728111
2594,2.1282236539587682,0.00999247728447829,1.2729537079528885,0.8452774639032326
2595,2.1279611709166546,0.0099673273127374,1.272955447435379,0.8450383969715664
2596,2.1283429289350706,0.00994806566598768,1.274450946827324,0.8439439185419861
2597,2.1285006367430395,0.009947999442300322,1.2759620212778753,0.8425906124163647
2598,2.12863939027397,0.009921008483411707,1.2779831223341884,0.8407352542390629
2599,2.1283708616178862,0.009929999157938421,1.2794431746006012,0.8389977000805796
2600,2.1282165147820296,0.009916657947802119,1.2785759476982816,0.8397239103000991
2601,2.128501151289259,0.009923857413422393,1.2771203517913818,0.8414569393712648
2602,2.1282783077687633,0.00991992467577208,1.2753314886774336,0.8430268913507462
2603,2.1283851083444087,0.009913027324542707,1.2746499126054802,0.8438221654113458
2604,2.128735517968937,0.009881577753861035,1.273834009559787,0.8450199237891606
2605,2.1283130244332917,0.009930750198320163,1.2733274418480542,0.845054849374051
2606,2.128353862129912,0.00990114820056728,1.2741771899923986,0.8442755186436127
2607,2.1282124628826065,0.00992252154998025,1.2761069122625857,0.8421830276445467
2608,2.128062666678915,0.009879954406345377,1.2780434385854371,0.8401392856422736
2609,2.1276382548468455,0.009940878445358604,1.2779794986150703,0.8397178914473982
2610,2.128315818553068,0.009885412517326827,1.278392142179061,0.8400382557693793
2611,2.1278778460561014,0.009868775674959227,1.2775430466447557,0.8404660212750338
2612,2.128525051535392,0.009903283238563002,1.2760191833486363,0.8426025743995395
2613,2.1278576449472077,0.009917773406154342,1.272888903106962,0.845050968990034
2614,2.1280052832194736,0.009873375396377273,1.2725927920974032,0.8455391124803193
2615,2.1278568287285005,0.00989993396025075,1.2728998892161312,0.8450570146040041
2616,2.1278575439842378,0.009963669790411177,1.2741414916758635,0.8437523844898963
2617,2.127836737097526,0.009953602939387974,1.2760301512114856,0.8418529796965268
2618,2.128108175433412,0.009920317266250447,1.277182653242228,0.8410052073245146
2619,2.127878906775494,0.009914090600320878,1.2780907853525512,0.8398740233815446
2620,2.12822397752684,0.009947603872540046,1.2787602191068688,0.8395161625682092
2621,2.1279856915376625,0.009961911405873845,1.2771267082009996,0.8408970717264681
2622,2.1282708109641564,0.009934417998456225,1.2753993503901424,0.8429370309625354
2623,2.1279903200207926,0.009921466456536127,1.2745546923608195,0.8435141672285236
2624,2.1279827672608045,0.009895105290283658,1.2742091113207292,0.8438785553586726
2625,2.127641192504338,0.009926605945909205,1.2730092497504488,0.8447053359479321
2626,2.1277256522859846,0.009932462544161446,1.2734909373886731,0.8443022467652146
2627,2.1280115173787486,0.009924714106648249,1.2742277462871707,0.8438590530838285
2628,2.1282524648977788,0.009916596452002319,1.275971230195493,0.842364637219176
2629,2.1279842938695634,0.009951836819171297,1.2778001445896772,0.8402323190655027
2630,2.1277170229931266,0.009875252662340597,1.2784872675428585,0.839354505344313
2631,2.1276635357311795,0.009873579013902617,1.2781534346998955,0.839636527762121
2632,2.1278018306712716,0.00988717416149317,1.2763098393167769,0.8416048139333725
2633,2.1278473747019864,0.009857811475628796,1.2748084116955192,0.8431811430016343
2634,2.127505844953109,0.009869860029038119,1.2731184272133573,0.8445175645910964
2635,2.127302718405821,0.009897140538966169,1.2721116901660452,0.8452938880239215
2636,2.1278333335506674,0.009916713627587472,1.272664648537733,0.8452519677123245
2637,2.128103482479952,0.009934953318870798,1.274347898303246,0.843820640931324
2638,2.1284946288381303,0.009886341582869693,1.2767478677691246,0.8418604190252266
2639,2.1284259691530343,0.009929752576031856,1.2790258508555743,0.8394703615684899
2640,2.1281198834886355,0.00990513812427466,1.2791397133652045,0.8390750355866491
2641,2.1279898930569083,0.009956383398182842,1.2775358034639943,0.8404977151325771
2642,2.1283735754538555,0.009965114067403637,1.2759135438471425,0.8424949144222298
2643,2.128312104818772,0.009939155061444153,1.274660368354953,0.8437125850088742
2644,2.1277012849340635,0.009912274141168716,1.273597089611754,0.8441919219128939
2645,2.1281630384678745,0.009915634196213618,1.2739245411084623,0.8443228648025163
2646,2.1285382837665323,0.009910084411729964,1.2742355149619433,0.8443926876905014
2647,2.1282899939284032,0.009939634108117648,1.2746158923421587,0.8437344641709814
2648,2.128286323985275,0.009916995504718959,1.2758058929929927,0.8425634421256124
2649,2.1281760298475927,0.009888426695323112,1.2777010530841595,0.8405865500776135
2650,2.127704384375592,0.009902720144778793,1.2785522968185192,0.8392493664001932
2651,2.128028002320504,0.009892329692422432,1.278792286405758,0.8393433912067997
2652,2.1280054036451848,0.009883862425934295,1.2766147243733308,0.8415068132536752
2653,2.127526055793373,0.009891779722683892,1.273968213066763,0.8436660608466791
2654,2.1274948107952976,0.009889683738464907,1.2730941377124008,0.8445109956118525
2655,2.1270237820489064,0.009879008282394129,1.272783599337753,0.8443611869398429
2656,2.12763803832385,0.009913370626199305,1.2735381850174494,0.8441864823808476
2657,2.127862055690921,0.009870842645629024,1.2748313327224887,0.84315988299798
2658,2.1286608296997693,0.00995605366247497,1.275343430285551,0.8433613485219528
2659,2.1282570520225836,0.00995320641929854,1.2764081948873949,0.8418956569262913
2660,2.128117543094012,0.009927883777501327,1.2777927341509838,0.8403969224618406
2661,2.128143540450505,0.009925574986074043,1.278744978564126,0.8394729799153854
2662,2.1284141552691556,0.009925012058597438,1.278796265319902,0.8396928839537562
2663,2.1282155890854035,0.00991722561742122,1.2766756178164969,0.8416227427672367
2664,2.1277881240358156,0.009899330905125457,1.2740196974910036,0.8438690976828945
2665,2.1279477781179,0.00991800156117854,1.2724970068250383,0.8455327743170212
2666,2.128192744692978,0.009929335291250323,1.2728606590202876,0.8454027522583397
2667,2.1279234326615626,0.009920500375672566,1.2741586048992313,0.843844332561201
2668,2.128065888978997,0.00991498677021995,1.2755509961624534,0.8425999183435829
2669,2.1280285752549464,0.009924098616465926,1.2773687206968969,0.8407357639195968
2670,2.1278692471737766,0.009904762668231008,1.278070022257007,0.8398944747691252
2671,2.128269695505804,0.009927249627605992,1.2783364617094701,0.8400059871527613
2672,2.1282800277885126,0.00986706963930355,1.2781409828030332,0.8402719674061756
2673,2.1280402480339515,0.009868382462015261,1.2753263243607111,0.842845539657437
2674,2.1276967403840046,0.009879826449275928,1.2737247706676016,0.8440921510360679
2675,2.127603130681174,0.009868483348958651,1.2725320756435394,0.8452025597192803
2676,2.1276860431748994,0.009919101790506013,1.2727457917466456,0.8450211469007998
2677,2.1278969353559067,0.009868907019952121,1.2742149452773892,0.8438130817851242
2678,2.127974354490942,0.00990530491654514,1.275279939174652,0.8427891241652625
2679,2.128216118228679,0.009911256514451638,1.277008045692833,0.8412968193998143
2680,2.127664179218059,0.009889112856733252,1.278054798135952,0.8397202716798199
2681,2.1282220677453645,0.009879216589793866,1.2787247531268062,0.8396180932010923
2682,2.1277992190146935,0.009903179495880494,1.2775869028908866,0.840309123603665
2683,2.127763965908362,0.009899644713316644,1.2755688897200994,0.8422954298403799
2684,2.127782169653445,0.00988061561686348,1.273974746465683,0.8439268123130409
2685,2.1277152397194685,0.009881491844105174,1.2729835212230682,0.8448502324065383
2686,2.1277452950574913,0.009924780434871815,1.2731774510169516,0.8446430579131964
2687,2.12792592389243,0.009912426939842348,1.2734586328876263,0.8445548661509339
2688,2.1281265287983175,0.009872711710251716,1.2751461948667253,0.8431076167189345
2689,2.12841228198032,0.009928877541453255,1.2758722274887317,0.8426111884871308
2690,2.1280264136742573,0.00991082684688118,1.2789510841272316,0.839164489386033
2691,2.1282137681026847,0.009880167061501011,1.2791990941884566,0.8391345140277123
2692,2.127948310910439,0.009887002912178939,1.2778999799368334,0.8401613253719953
2693,2.1281360424294764,0.00994657526476955,1.2759937911617512,0.8421956693031349
2694,2.1281323615385563,0.009912079128873895,1.2745940490644805,0.8436262242648066
2695,2.1278795514787947,0.009923575697846862,1.2738394043883499,0.8441165685653687
2696,2.1283090941760006,0.009934382161543685,1.2735115484315522,0.8448631647898226
2697,2.1284275930754992,0.009934891723286437,1.272930024837961,0.845562679731116
2698,2.128440170871968,0.009907273190780257,1.2753233185836248,0.8432095744171921
2699,2.1279360189729806,0.009892944945022464,1.2768441955653989,0.8411988731549711
2700,2.1276572638628433,0.009924232413308049,1.2782105560205421,0.8395224697127635
2701,2.127678216720114,0.009917161275385594,1.278171257096894,0.8395897989370384
2702,2.127637422814661,0.009887304755726032,1.2772309938255622,0.8405191211067901
2703,2.1275412926868515,0.009892973687727841,1.2760290479173466,0.841619286001945
2704,2.1282070741361503,0.009889742411787108,1.2757424262105201,0.8425749041596238
2705,2.128203628014545,0.009875032276257264,1.273373723638301,0.8449548793082334
2706,2.1277875073102055,0.009916117671420989,1.2719941352094923,0.8458772575368687
2707,2.1280127970539793,0.009899248516339124,1.272507836015857,0.8456057164133811
2708,2.127988935733328,0.009903130748746346,1.2751486757580115,0.8429371176325545
2709,2.128037070741459,0.009939571585962358,1.2772785090670293,0.8408189890336017
2710,2.12779707203106,0.009938952056881117,1.2781394537614317,0.8397186626585162
2711,2.127725366426974,0.009964113731925585,1.277842219386782,0.8399190309704566
2712,2.1281012223691356,0.009898349980120453,1.2776584217742997,0.8405444682860861
2713,2.128492846780894,0.00992970380513948,1.276682867079365,0.8418802710212007
2714,2.1283729137206566,0.009917774484777937,1.2758118193976733,0.8426433266425619
2715,2.1284795756242714,0.009860377388113007,1.274549306047206,0.8440698963038775
2716,2.1283251704001915,0.009934707117095893,1.2723480730640644,0.8460423964626935
2717,2.128049833433969,0.009917790421797914,1.2734367762293135,0.8446952712779142
2718,2.1281375118664334,0.00991425829540406,1.2743086376968695,0.8439145921444406
2719,2.128421701947037,0.009914848112444185,1.2766018540275341,0.8419049996502546
2720,2.12815006898374,0.00992247712684377,1.278140741343401,0.8400868484560324
2721,2.127897957149817,0.009890110935179554,1.278844574276282,0.8391632741811325
2722,2.1277338363686384,0.00990123785937167,1.2775794985342999,0.8402531010155775
2723,2.1278212484048336,0.009898946473222911,1.2765512466430664,0.8413710493822487
2724,2.1276939024730606,0.009918885124961332,1.2750169926760149,0.8427580175351124
2725,2.1279385454800663,0.009889268743976647,1.274169275955278,0.8438799949933071
2726,2.127736255830648,0.00990609973859118,1.2728073742924904,0.8450227741684232
2727,2.1280687937931138,0.009896588735092355,1.2727398069537417,0.8454323918843756
2728,2.1279407119264406,0.009867975393272176,1.2740957603162648,0.8439769769201473
2729,2.1281163631653297,0.009888762931282423,1.275714289777133,0.8425132991099844
2730,2.127805082165465,0.009906652592578712,1.2777317342709522,0.8401667083404503
2731,2.12765217192319,0.009897165081216668,1.2783172045435225,0.8394378070928612
2732,2.1280224846333873,0.009897761431769753,1.2780571853627964,0.8400675429373371
2733,2.1278817045445346,0.009897298193821798,1.2770217176602812,0.8409626976567872
2734,2.127753490087937,0.009865965100233349,1.2754912163530077,0.8423963088770302
2735,2.128119201076274,0.009915387352966532,1.2742339025954812,0.8439699092081615
2736,2.128014922142029,0.009902352391152966,1.2728996745177679,0.8452129014292542
2737,2.1278640250770415,0.009916143629661932,1.2723187615676803,0.8456291194472995
2738,2.128097502552733,0.009934045531197774,1.273587509685633,0.8445759500776019
2739,2.1282283323151723,0.009940652395313491,1.2762102411717784,0.8420774431861177
2740,2.1280855353997676,0.00995682580491566,1.278202090336352,0.839926610795819
2741,2.127969923068066,0.009925789123743164,1.2783892282417841,0.8396548999815571
2742,2.128076940166707,0.009902512592890737,1.2784890161485087,0.8396854157350502
2743,2.1282635002720114,0.009889380516940537,1.2766740200470905,0.8417001065551019
2744,2.1276949692745597,0.00990762807694929,1.2744512120071723,0.8433361190314196
2745,2.127862240586962,0.009936800611452485,1.273286955697196,0.8446384820402885
2746,2.127969901172482,0.009878782341636869,1.2726241325845524,0.8454669805205598
2747,2.127838901111058,0.009969806916327501,1.2732481895660868,0.8446209059686077
2748,2.1280131948237515,0.00990747848088492,1.2745133413344014,0.8435923825113141
2749,2.128026086456922,0.009907287916130558,1.2760706160749709,0.8420481745685849
2750,2.12812079823747,0.009905707352433582,1.277738270102715,0.84047682066353
2751,2.127941113345477,0.009873201258062405,1.2787704200160748,0.8392974901564267
2752,2.127486214345815,0.009841750475711055,1.2780876050190049,0.8395568396972151
2753,2.127966037818364,0.009917982996498443,1.276316370891065,0.8417316872854622
2754,2.1279151147725632,0.009926621878177536,1.2740716636180878,0.8439168413074649
2755,2.1280862980959365,0.009947953194531858,1.2735791133374583,0.8445592358404276
2756,2.1279065584649843,0.009959964485534904,1.2732572993453668,0.8446892877014316
2757,2.1279434902327403,0.009921840510844273,1.2739101216501119,0.8441115274113051
2758,2.12849523583237,0.00992035278480272,1.2748661631224107,0.8437087280409676
2759,2.1286141033075294,0.009967732789679145,1.2758297549218547,0.8428166158953492
2760,2.1279381343296597,0.009893219575894122,1.2775775455698675,0.8404673684616478
2761,2.1281434115098445,0.009920354557166599,1.2789071591532961,0.8393159055588196
2762,2.1275611094066074,0.009896844701499355,1.2783641334699125,0.8393001154977449
2763,2.127875714885945,0.009898657021968037,1.2770398636253513,0.8409372026823005
2764,2.1281453869780718,0.009895617969106046,1.2750646721343606,0.8431850860313493
2765,2.12786672918164,0.00989874155374662,1.2731054942218625,0.8448624981909382
2766,2.1277011608590883,0.009906600619077074,1.272417458344479,0.8453770954998172
2767,2.127455000974694,0.009906348368457081,1.272443329193154,0.8451053311630171
2768,2.1275715268388087,0.009888538962458166,1.2742252374181942,0.843457758122561
2769,2.1278895224843706,0.009882920312372093,1.2762213562216078,0.8417852396259502
2770,2.1277461684480006,0.009872147214731999,1.2776534855365753,0.8402205447153169
2771,2.127751037782552,0.009908102519278015,1.2779392368939457,0.8399036967632721
2772,2.12775028116849,0.009866290687754447,1.277776331317668,0.840107645915479
2773,2.1282444401663176,0.009905042668462408,1.276976929027207,0.8413624751324557
2774,2.1279422506994132,0.0099315011864338,1.2752916083043935,0.8427191391891363
2775,2.1279866439955577,0.009886168499420188,1.275099155245995,0.8430013106185563
2776,2.1282760208966782,0.009889337096401319,1.274223463875907,0.8441632110245374
2777,2.128281892562399,0.009955596055227275,1.2730565338718647,0.8452697548331046
2778,2.128446471934416,0.009946771094347445,1.273210375284662,0.8452893085017497
2779,2.1283951742308482,0.009933151395003103,1.275102648199821,0.843359365755198
2780,2.1281914224430007,0.0099203876713861,1.2777455710634893,0.8405254738671439
2781,2.127745618625563,0.009966267900047253,1.2784620833640197,0.8393172618685937
2782,2.1280736181200766,0.009929508350941599,1.2779193259015376,0.8402247851600453
2783,2.12822788832139,0.009930040715832492,1.2779522599006186,0.8403455840081585
2784,2.1280131558982696,0.00987068350825991,1.2763974928126043,0.8417449745596671
2785,2.128094268088438,0.009912618226846871,1.274926948304079,0.843254705168763
2786,2.127802679733354,0.009886376987382466,1.2739501625907665,0.8439661373897475
2787,2.1274771653876012,0.00990868416823903,1.2715415559252914,0.8460269156767397
2788,2.1277138675962175,0.009892396913955406,1.2728095255335983,0.845011941632446
2789,2.1280266946675828,0.00989018479001005,1.2747901215845225,0.8433463892766407
2790,2.1278922837607714,0.009898256539006015,1.276357150199462,0.8416368857938417
2791,2.1277825284977347,0.009860922539682716,1.277911247039328,0.8400103629243617
2792,2.12735815802399,0.009897622279822826,1.277292077638665,0.8401684639405231
2793,2.1275671087965673,0.009874468322425169,1.2773815734045846,0.8403110601464097
2794,2.128200729282535,0.009879588002186954,1.2768907735542374,0.8414303730336987
2795,2.128158530410455,0.009942103956578945,1.2753752214568002,0.8428412152796375
2796,2.1284364814660988,0.009936168566536235,1.2744411023295656,0.8440592097384589
2797,2.1282329887759928,0.009910449561453899,1.2731792756489344,0.8451432591798355
2798,2.127956827076114,0.00991861374896704,1.2730284479199623,0.8450097666711224
2799,2.127969334320146,0.009939146926626563,1.2744731927404598,0.8435569949904267
2800,2.1282442236433226,0.009933918348646589,1.274845030842995,0.8434652664831707
2801,2.1283772660761464,0.009929936702306174,1.2766786819818068,0.8417686594992267
2802,2.1281006859273326,0.009925033830638443,1.2792294761356042,0.8389461721692767
2803,2.1282454327661164,0.009911963635371352,1.2794653286739273,0.8388681439112644
2804,2.1281787278700848,0.009888113224498776,1.277400635943121,0.8408899878968998
2805,2.1280064838273183,0.009928099445200391,1.2749001310796153,0.8431782546092053
2806,2.1275080953325545,0.009918754977383176,1.2737159698593372,0.8438733819187904
2807,2.1279336384364536,0.009904558523272981,1.2735431905911894,0.844485884418293
2808,2.1282115529994576,0.009894574559958918,1.273385990639122,0.8449309921386291
2809,2.1280688521813373,0.009894811315461993,1.2731520119978457,0.845022018466677
2810,2.1285281132678597,0.009912872753505195,1.275992560751584,0.8426226864055711
2811,2.127907855170114,0.009901150837730693,1.277532228401729,0.840474471449852
2812,2.128012568366771,0.009908983930565265,1.2785338443152758,0.8395697398453342
2813,2.128099115527406,0.00992617888224064,1.2781520157444233,0.8400209278476481
2814,2.1279733071521836,0.009869415697888757,1.2778097001873716,0.8402941883826742
2815,2.127762477008664,0.009905073801245617,1.2755932248368556,0.8422641839299884
2816,2.128514750879638,0.009927592606150679,1.2745218891270307,0.8440652781603287
2817,2.1280291165624345,0.009915070128342023,1.2731549551292343,0.8449590929916927
2818,2.1282631827860463,0.009912997816822358,1.27272194502305,0.845628236629525
2819,2.1284237443184364,0.009943836672725727,1.2740943942751204,0.8443855123252285
2820,2.128128324236189,0.009951506817371262,1.275637537240982,0.8425392608861534
2821,2.1282321348482247,0.009945186144881407,1.276788712764273,0.8414982307930382
2822,2.1285099691274216,0.009929612302696523,1.2781543512733615,0.8404260016217524
2823,2.127934364639983,0.009888210001268558,1.2785444746212082,0.83950167985595
2824,2.1281667923440737,0.009937617262559277,1.2780088070704012,0.8402203683342252
2825,2.1284587492748184,0.009902588134555489,1.276695433928042,0.8418607182648717
2826,2.127668396550782,0.009933009814965178,1.2739174955961656,0.8438179100654564
2827,2.127850305060951,0.009896770932198483,1.2732897571155004,0.8446637738724144
2828,2.127666030611311,0.009901598319221211,1.2728558985554441,0.8449085449077645
2829,2.1278732978567785,0.00990269957965582,1.2735969101896092,0.8443736853648205
2830,2.128103706301475,0.009910904507779953,1.2747810203201917,0.8434117877361725
2831,2.1278681511781654,0.009946767031690297,1.2754941357641805,0.8424272518985125
2832,2.128475308418274,0.00990487932588677,1.2782681742492987,0.840302257209408
2833,2.1280974782243067,0.009882303615271742,1.2797600407989658,0.8384551275141385
2834,2.127995049466892,0.00991509838637953,1.2777853906154633,0.8402945603034935
2835,2.127327417840763,0.009922080003295322,1.2753020172216454,0.842103331672902
2836,2.127772333670636,0.00986290834273915,1.2743660381862096,0.8435433862768874
2837,2.127220850818011,0.00985553537552454,1.2731951523800284,0.8441701695627096
2838,2.127688682809168,0.009893775974609414,1.2733543259756905,0.8444405754609984
2839,2.1279033556276437,0.009882020588241974,1.2729399046119378,0.8450814363907795
2840,2.12820619952922,0.009917906917897719,1.273812539115244,0.8444757567984718
2841,2.1284530625051383,0.009895815209922741,1.276414500207317,0.842142753759209
2842,2.128079460591686,0.009928817623199858,1.278974496588415,0.8391761484802985
2843,2.127740756589539,0.009970594981533229,1.2789346660886491,0.838835497595826
2844,2.1280336380004883,0.009897365833499603,1.277890289316372,0.8402459800851588
2845,2.127848367301785,0.009893310056733233,1.2753085810310987,0.8426464844723137
2846,2.128105093021782,0.009993601272034705,1.2745851612820918,0.8435263329622696
2847,2.127728192173705,0.009885888874568805,1.2737659629510374,0.8440763238741427
2848,2.127607357745268,0.009905428544865275,1.2733137802201875,0.8443881580416037
2849,2.128178580683105,0.009915461331339819,1.2736426962881673,0.8446204257862908
2850,2.12863290309906,0.009917266552849692,1.274700637982816,0.844015011982042
2851,2.1279967634045347,0.009921908155273723,1.2757029448236739,0.842371906552996
2852,2.128443407769106,0.00994418024997778,1.2780933964009187,0.8404058333562345
2853,2.127942647252764,0.009898087679769615,1.2789911451388378,0.8390534158263888
2854,2.128055222180425,0.009927086299285293,1.2779361721204252,0.8401919600306725
2855,2.1276839120047435,0.00991268578099505,1.277006218019797,0.8407650139867043
2856,2.127858076776777,0.009877565559189843,1.27529860759268,0.8426819078776301
2857,2.127683056860554,0.0098799016298156,1.2739730678042587,0.8438300858346783
2858,2.1282620320514756,0.009887779084015258,1.2733465116851184,0.8450277444659448
2859,2.1280669375341765,0.009934763804230154,1.2725921169835694,0.8455400676751623
2860,2.128426726983518,0.009909453236364893,1.2741136636052812,0.844403616323763
2861,2.1280702522822788,0.009909292288618733,1.2755843698978424,0.842576588294944
2862,2.127894805402172,0.009905027216110302,1.2770931483531485,0.8408966265162643
2863,2.127857011191699,0.009933649020611631,1.2785066420934639,0.8394167274236679
2864,2.1282011209702003,0.009912265702245794,1.2790449602263314,0.8392438946329818
2865,2.128118955359167,0.009933204100258192,1.2772987527506692,0.8408870076646611
2866,2.127983591994461,0.00989864509058546,1.2751343140796738,0.8429506360268106
2867,2.128271482428726,0.009944667079847078,1.273327270332648,0.8449995368719101
2868,2.1280570005883974,0.009911263309305116,1.2728547557276122,0.8452909731743287
2869,2.1276830434799194,0.00989827153995177,1.2734043537353983,0.8443804194732588
2870,2.1276921569084633,0.009916024496398715,1.2743914778135261,0.8433846682310104
2871,2.127693384277577,0.009885162884863664,1.275892556930075,0.841915671314512
2872,2.1281216181054408,0.009916818838528529,1.2770340217619527,0.84117078841949
2873,2.1278481009055157,0.009920879637784496,1.277332424509282,0.8405947968059656
2874,2.128363013267517,0.009919335105817537,1.2778774986461716,0.8405661795820508
2875,2.127744291509901,0.009900888898504935,1.2781797805610968,0.8396636077335903
2876,2.1282884916480707,0.009901518638872979,1.27693472346481,0.8414522518917006
2877,2.1279414247493356,0.009911774724189724,1.2752452413646542,0.8427844056669547
2878,2.1281247722859287,0.009897003259167684,1.2731860225297966,0.8450417539903096
2879,2.1276490846458747,0.009908407085518144,1.2717856162664842,0.8459550516337765
2880,2.1282257608004977,0.009926560182808613,1.2732516898184407,0.8450475189150596
2881,2.127932066820106,0.009892664255802425,1.274848545692405,0.8431908619038913
2882,2.128002812667769,0.009910030699125966,1.2768705462922856,0.8412222360469856
2883,2.1280009174833494,0.009882246818849626,1.2785692421757444,0.8395494137491498
2884,2.1279799366483885,0.009902121713004855,1.278764500909922,0.8393133142772986
2885,2.128234852333458,0.009931316851087066,1.2775780400451349,0.8407254918497435
2886,2.1281173034590117,0.009924939648267262,1.2763441320584745,0.8418482247055793
2887,2.1278916804157957,0.009898863808841122,1.2744985265391213,0.8434942784358044
2888,2.1282241417437184,0.00992035541246284,1.2734025722863722,0.8449012126241412
2889,2.1281891428694433,0.009918547876901468,1.2739279154612093,0.8443426730073228
2890,2.1282585713328146,0.009877731862040807,1.2742111470018114,0.8441696945501833
2891,2.128348463652085,0.009916051713825792,1.2745074581126778,0.8439249539253663
2892,2.1284184504528434,0.009928811270249437,1.2752576823137245,0.8432319398437228
2893,2.1283037905790367,0.00989074587384809,1.277340300229131,0.8410727463814677
2894,2.128201884882791,0.00988908246045514,1.2785184900371396,0.8397943149415814
2895,2.1278414616779404,0.009914682997504667,1.278738179377147,0.8391885976402127
2896,2.1274802648291296,0.009869463280869685,1.2775219551154546,0.8400888561594243
2897,2.1282872618461144,0.00987394757530823,1.2758988768470532,0.8425144306859191
2898,2.127305409129785,0.009900489798271838,1.2729672266512502,0.8444376910219387
2899,2.127640815413728,0.009882508168871306,1.272344667084363,0.8454136364922231
2900,2.127419367128489,0.00989133026926037,1.2722396893160683,0.8452883472248
2901,2.127803075070284,0.009885603101087772,1.2737235262685893,0.8441939363066031
2902,2.127941936862712,0.009887110893329491,1.2756807901421372,0.8423740319451507
2903,2.1278727711463463,0.009869039358038987,1.2774748552818687,0.8405288774140027
2904,2.127736063636079,0.009842651192935146,1.27859963142142,0.8392937898027654
2905,2.127765205441689,0.009865925305199866,1.2781781414333655,0.839721138684117
2906,2.127825149468013,0.009939908016739147,1.2766960324073324,0.8411892190271494
2907,2.1280059291391957,0.009932839135848442,1.2747867016159757,0.8432863935524103
2908,2.128374207992943,0.009923942377600742,1.2741354606589492,0.8443148181754716
2909,2.1280160570631224,0.009937169001798848,1.2738327554294042,0.8442461356824759
2910,2.128457088859714,0.009922954315623763,1.2732173180093571,0.8453168108755228
2911,2.128579616546631,0.009950896862856284,1.2746295564028682,0.8439991693107449
2912,2.1282879369599477,0.009932285730669997,1.275772612313835,0.8425830347197396
2913,2.128416937224719,0.009939790209185104,1.2768826533337028,0.8415944804342426
2914,2.127995546983213,0.009938886279848461,1.2785319807578106,0.8395246747805147
2915,2.1279516986438205,0.009891959258868379,1.2789787856899961,0.839080949523011
2916,2.128091879036962,0.009912333517734493,1.2779809893394003,0.8401985551629748
2917,2.1280610062638106,0.00993242973879892,1.275979568763655,0.8421490028196451
2918,2.1280424205624326,0.009892941005908104,1.274047616793185,0.844101862639797
2919,2.127568946809185,0.009888460303713776,1.2728302782895613,0.8448501956097934
2920,2.1279294928725885,0.00988375568971494,1.2731014934121345,0.844944244440721
2921,2.1277419267868507,0.009910059593884009,1.2730169734176324,0.8448149005369264
2922,2.1283003298603758,0.009895986017333915,1.2752433230682296,0.8431610227847586
2923,2.127678182660317,0.009846305465135647,1.276610763097296,0.8412211221091601
2924,2.128092343709907,0.009885619275690037,1.27844396537664,0.8397627643176487
2925,2.1277460930298786,0.009889071189551329,1.2780023539552883,0.8398546719429444
2926,2.127622751557097,0.009880819020564762,1.2774598671465505,0.8402820719139916
2927,2.1280801807131087,0.009886213986925324,1.2767560950347356,0.8414378838271511
2928,2.128366695374859,0.009893620168143998,1.2745200456405172,0.8439530322746355
2929,2.1281112724420974,0.009899094776839626,1.2732370617438336,0.8449750998798682
2930,2.1281010484208864,0.009926586554442741,1.272588310801253,0.8455861387204151
2931,2.128017069125662,0.00994063618269806,1.2732894961931267,0.8447869325778923
2932,2.128476547951601,0.00993743816827785,1.2758191817877245,0.842719920131625
2933,2.1281013951009635,0.009917073982900806,1.2770241803052473,0.8411601502068189
2934,2.1280368931439457,0.009915950304201367,1.2786702854292733,0.8394506610169703
2935,2.127932223738456,0.009931448129556921,1.2784217997473113,0.8395789837350651
2936,2.1282645172002366,0.009926098755237703,1.2780037023583237,0.8403347122425936
2937,2.1280704931337007,0.009924200620046076,1.2759568131699854,0.8421894786309223
2938,2.128754581723894,0.009882880412802404,1.2750502094930531,0.8438214948590921
2939,2.128242563228218,0.009888993348090016,1.2725723896707808,0.8457811745453854
2940,2.127751341887883,0.009888521932559659,1.2722156729016985,0.8456471477236066
2941,2.1278741821950797,0.009937472513173612,1.2737059830402842,0.84423073122696
2942,2.1276504470377553,0.009911216572117137,1.2752488340650285,0.8424903966334402
2943,2.1279122111748676,0.009938015526502716,1.277243462144112,0.8407307397954318
2944,2.128094345939403,0.009933741630188056,1.2785085123412463,0.8396521003878846
2945,2.127969117797151,0.009902686384335464,1.2784663499618063,0.8396000856039475
2946,2.12798273563385,0.009933981849640911,1.2771192667435627,0.8409294750617475
2947,2.128041067901923,0.009944141737888662,1.2759403659372914,0.8421565555796331
2948,2.1287315694653257,0.009918513365698104,1.2749942899966726,0.8438187712917522
2949,2.1282690629667167,0.00991172349194483,1.2734882989708258,0.8448690401048077
2950,2.12795458764446,0.009907085838138449,1.2728783944431616,0.8451691044836628
2951,2.1278328506314024,0.009954012749830678,1.2730284552184903,0.844850382938677
2952,2.1282003570576102,0.009934376568856592,1.275008738040924,0.8432572487057471
2953,2.12796867501979,0.009917889175252343,1.2774943630306088,0.8405564108065197
2954,2.128056163690528,0.009946886041410724,1.2792867598484974,0.8388225171638994
2955,2.1282483765057156,0.009955076301204306,1.2785164920651182,0.8397768088141266
2956,2.1280635570993227,0.009946804626711778,1.277294894262236,0.8408218567468682
2957,2.128086413655962,0.00993185079352436,1.275506147316524,0.842648412500109
2958,2.1280328607072634,0.009933420195605377,1.27486850899093,0.8432309405536068
2959,2.1283917864974664,0.0099053057528348,1.2738678954085525,0.8446185786505135
2960,2.128159939026346,0.009928791883534618,1.2725611773072456,0.8456699699163437
2961,2.1279123522797407,0.009910646602701472,1.2729196475476634,0.8450820512917577
2962,2.1280527796064104,0.009895955321702118,1.2750592341228408,0.8430975806348178
2963,2.127642945367463,0.009889279492199421,1.2776696475184695,0.8400840254462495
2964,2.1275282794115493,0.009863324449112525,1.2789387599546083,0.8387261942333105
2965,2.127336622500906,0.009825638409856022,1.277771690670325,0.8397393050242443
2966,2.127545502721047,0.00985320407079951,1.2759006436990232,0.841791647429369
2967,2.126940777107161,0.009776442620561135,1.273453219204533,0.8437111283443413
2968,2.1271674560040843,0.009682343574240804,1.2728206679529073,0.8446644690571999
2969,2.127268966363401,0.009709001257445435,1.271963621888842,0.8455963527061501
2970,2.1275835061559873,0.009741591907353426,1.2726749583166472,0.8451669599328723
2971,2.1278268001517473,0.009919595895145012,1.274145272313332,0.8437619188002178
2972,2.1281168497338587,0.00995896829349198,1.2765840590000153,0.8415738219509319
2973,2.128208622640493,0.009991110079180526,1.2779693670418797,0.8402481428822692
2974,2.1282942222089183,0.009949694211803833,1.2787366302645937,0.8396078989822038
2975,2.128629199096135,0.009922107306252025,1.2788088485902669,0.8398982405054326
2976,2.1287318930333976,0.009926190975179173,1.2771774907501376,0.8416282221370813
2977,2.1287404578559252,0.009931077938336802,1.2751464272031978,0.8436629580599921
2978,2.1281904213282528,0.009908717044876243,1.2732934732826389,0.8449882396629879
2979,2.1282024711978678,0.009909450366370837,1.2730744961573153,0.8452185194711296
2980,2.1281959523960037,0.00990976294863741,1.2746249869161723,0.843661213407711
2981,2.128310978412628,0.009955850605643829,1.2747493751195011,0.8436057521980636
2982,2.1284119936884665,0.009918118808038381,1.2761479962845237,0.8423458787859702
2983,2.1279765525642707,0.009915420909089093,1.277080128387529,0.8409810026689452
2984,2.1281104756861318,0.009930788235244702,1.2779270574754598,0.840252625698946
2985,2.1280999718880165,0.009906030507112036,1.278805052139321,0.8393889017859284
2986,2.1282358777766324,0.009918538663460284,1.2778995760849543,0.8404177634083495
2987,2.127868417574435,0.00989620644618206,1.275849391611255,0.8421228190465849
2988,2.1280603311499773,0.00988664848691955,1.273304561571199,0.8448691310323014
2989,2.12726358248263,0.009871552474986839,1.2721541767217674,0.8452378532716206
2990,2.127923004481257,0.009924767657696289,1.2733969201847,0.8446013328372216
2991,2.1279390940860825,0.00991976773366332,1.2737775517969716,0.8442417738997207
2992,2.127999590367687,0.009911846340995054,1.2753675665174211,0.8427201895689478
2993,2.1279945823611044,0.009845568670187982,1.2774426651244262,0.840706355413612
2994,2.127838444953062,0.00991390589909742,1.277908871368486,0.8400156668254307
2995,2.1279002926787554,0.009907457103230516,1.2787700039999825,0.839222828344423
2996,2.127787271324469,0.009899896184666728,1.277152146611895,0.8407352329516897
2997,2.127858503740661,0.009914252564919238,1.275520032765914,0.8424242181437356
2998,2.1278734608572356,0.00990575871772456,1.2747454734481112,0.8432222431411549
2999,2.127879163440393,0.009924571485999895,1.2737747959944667,0.8441797957128409
3000,2.1281504144473953,0.00993467692513855,1.273264345465874,0.8449513976063047
3001,2.1284258560258515,0.00989241900435668,1.2737355183581918,0.8447979147336921
3002,2.1283817668350373,0.009930230059413885,1.2742777892521449,0.8441737500988707
3003,2.1280142190505047,0.009967836898238379,1.2768032958312912,0.8412430602677015
3004,2.128184674953928,0.009928366083803833,1.2787965828058672,0.8394597276132933
3005,2.1278067340656204,0.009895343689856177,1.278707005539719,0.839204383443813
3006,2.1281299858677145,0.009892640711397541,1.2776434622248825,0.8405938768873409
3007,2.127893959989353,0.009946834709381267,1.2758476338824447,0.8420994777460488
3008,2.1282230725093765,0.009936496363572625,1.2747021968267402,0.8435843909273342
3009,2.12810671086214,0.009896130861752495,1.2738651888711112,0.844345395054136
3010,2.1277228605990506,0.009908353648509602,1.2730044765131814,0.844810026032584
3011,2.128167444345902,0.009935063913426533,1.2737826990837953,0.8444496809828038
3012,2.1280496667842477,0.009945472963724514,1.2742691721235002,0.8438350269380881
3013,2.1280068840299333,0.009913492187553523,1.2762995258885987,0.8417938713516507
3014,2.1282480578033294,0.009940406269564921,1.2778242102691106,0.8404834376914161
3015,2.12778819215541,0.00993436661891031,1.2786007955366252,0.8392530266119509
3016,2.1281897218859926,0.009916698004176118,1.2782120765471945,0.8400609499337722
3017,2.1278119683265686,0.009904618702866897,1.2766651267908058,0.8412422227616213
3018,2.1279106383420983,0.009892399185242094,1.2758918629617106,0.8421263740378984
3019,2.1282299720511144,0.009906696302968324,1.2755575222628457,0.8427657469802973
3020,2.1284208492356904,0.009893350835357393,1.2734358146482585,0.8450916658858864
3021,2.128545336577357,0.009907438975701831,1.2729904116416464,0.8456474795025222
3022,2.1281352152629776,0.009909897310925382,1.273248913944984,0.8449764120943692
3023,2.1281342104989656,0.00991466843846197,1.2755462685409857,0.8426732661164537
3024,2.1281889360778186,0.009902632424645886,1.2778676626633625,0.8404186450097025
3025,2.127958039848172,0.00995354696500058,1.2781553937464345,0.8398490976922366
3026,2.128112346542125,0.0099434558853355,1.2782798531104107,0.8398890537875039
3027,2.1283104857619928,0.009909110847024285,1.2778727789314426,0.8405285863852014
3028,2.1283046700516524,0.00993428123658713,1.2765904464283768,0.8417799387659345
3029,2.128321202433839,0.009907954001837239,1.2748242239562833,0.8435890267089922
3030,2.128221260041607,0.009915155791012304,1.2733818876500032,0.8449242203211298
3031,2.1279273653516966,0.009908250457018005,1.27283868741016,0.8451804366646981
3032,2.1276234728949412,0.009931136844489647,1.2730276761006336,0.8446646639887168
3033,2.128080262213337,0.009910514787295642,1.274687793181867,0.8434819566960238
3034,2.128373630192815,0.009930939803242075,1.2763341616611092,0.8421085191016294
3035,2.128004025439827,0.009904808721181994,1.2779179403976517,0.8401812716406218
3036,2.127844659649596,0.009903256529562024,1.2793152733724944,0.8386261265496818
3037,2.1279222490836163,0.009885995259166372,1.2781238853931427,0.8399123713678244
3038,2.127998406789741,0.009863377130609386,1.2755300804060332,0.8426049458129066
3039,2.127659348808989,0.009858487373484033,1.2734600895521593,0.8443407641381634
3040,2.1276818720661863,0.009876278770745409,1.2729092149101957,0.8448963791740184
3041,2.1275429847289105,0.009913181548710076,1.272428109329574,0.8452017088325656
3042,2.1275763548150355,0.009921113124155268,1.2733874387887059,0.8442678089652743
3043,2.1285783733640398,0.009914843104209523,1.2760223010364844,0.8426412261870443
3044,2.1281040651457652,0.009901475318118321,1.277759434009085,0.8404431470802852
3045,2.1279437967709134,0.009928053192680284,1.278426202584286,0.8395895480501409
3046,2.128035477229527,0.00992512588427231,1.2785123483258851,0.8395979906223259
3047,2.1280635376365815,0.009918416774242508,1.2769999090506106,0.8411452079914055
3048,2.128039144739813,0.009889882647109275,1.275761365890503,0.8423878985400103
3049,2.128182508507553,0.009918741900853964,1.2752742213862283,0.8429895435668984
3050,2.1283066333556664,0.009884926661544917,1.2739911547728948,0.8444305454589882
3051,2.1281347201794993,0.009948968146072358,1.2736732369782973,0.8445125158343997
3052,2.1287375579074936,0.009913879460940252,1.274096585049921,0.8447270907309591
3053,2.1281293752242108,0.00992593242862851,1.2741784550705735,0.8440249814670913
3054,2.128362333287998,0.009941225201461693,1.2763763124845466,0.8420447831859394
3055,2.127796254595932,0.009940373654268225,1.277454329996693,0.840401539388968
3056,2.127800008472131,0.009913979178978776,1.278071475272276,0.8398145616662746
3057,2.127837058232755,0.009885549569046316,1.2777503862672923,0.8402011285022813
3058,2.1276493984825757,0.009875707052724093,1.2772320752241173,0.8405416282464047
3059,2.1283733297367484,0.00988802835535334,1.27665456703731,0.841830733783391
3060,2.1282502583095004,0.009898627086599566,1.2741637375889991,0.844187891604949
3061,2.1279050464532814,0.009885453257937821,1.2720131837591833,0.8460064004270398
3062,2.128048456445032,0.009918946131341616,1.2722659980764195,0.845863508630772
3063,2.1279842148021775,0.009917257814573087,1.274062615876295,0.8440043524819978
3064,2.1280458423556112,0.00992345524837776,1.2761182383615144,0.8420041385962038
3065,2.127941970922509,0.00991722955653558,1.2774913061638267,0.8405334411226973
3066,2.1281458711137575,0.009918591401976894,1.2781684702756453,0.8400588126815095
3067,2.12820096405185,0.00987951974004355,1.2786625386500845,0.8396589059610756
3068,2.128168727670397,0.009904586049557036,1.2775894664988225,0.8406746813229152
3069,2.128266211675138,0.009906824744705642,1.2752719752642574,0.8430874077033024
3070,2.1281778642109463,0.009930866328543243,1.273249970406902,0.8449970283070389
3071,2.1279026865959167,0.009916085958936992,1.27245973202647,0.845526863725818
3072,2.1278577945670305,0.00991877686346368,1.27385213058822,0.8440868851481652
3073,2.1277307649048005,0.009901779394938933,1.2749898877679084,0.8428390996188534
3074,2.128164420322496,0.009921048121640876,1.2762356874894123,0.8420076823356201
3075,2.1282443294719773,0.009941327846514024,1.2761847401151851,0.8421182638528396
3076,2.1277946489197865,0.009926786308880059,1.2770805261573013,0.8407873295399607
3077,2.1283796198514042,0.009937644817353207,1.2787346821658465,0.839707285469892
3078,2.128436398749449,0.009933050327497174,1.2787657489581985,0.8397375865250217
3079,2.1283825562924754,0.009936266844826085,1.2769380582838643,0.8415082340337792
3080,2.1278978720003243,0.009903610807520394,1.2742824943698183,0.8437117721353259
3081,2.12850460349297,0.009915984611083962,1.2735075105209739,0.8450811116062865
3082,2.127742267384821,0.009933231403214894,1.2724347023331388,0.845374336656259
3083,2.1279421570349712,0.009939628144802183,1.2732365715260408,0.8447659520470366
3084,2.128267083849226,0.009916212542780809,1.2755811299596513,0.8427697362340226
3085,2.1279351686944765,0.00990098888738727,1.2771013610217037,0.8409328196121721
3086,2.1279575398990085,0.009901261902699361,1.2781342511274376,0.8399220188053287
3087,2.1278947421482632,0.009897760034785891,1.2784471086093359,0.8395498671701976
3088,2.1282074123012777,0.00991831115941156,1.2777247100460285,0.8405643929632343
3089,2.128074684921576,0.009918618467351308,1.2762432159209738,0.8419128531704143
3090,2.1279641730444774,0.009946538947940784,1.2743959098446125,0.8436217256346528
3091,2.128460500921522,0.009931896000682396,1.2735666790787055,0.8449619345519007
3092,2.1281348333066825,0.009888247387217624,1.2729290413613221,0.845317538903684
3093,2.127852500701437,0.009927452779470049,1.2731146666468407,0.8448103736249768
3094,2.128213871498497,0.009934543888559756,1.2754643602030618,0.8428149673403525
3095,2.1281023791858127,0.00991049771938397,1.2770506271294184,0.8411412567508464
3096,2.1282584387428907,0.009958660358334986,1.2779856123486344,0.8403141699275192
3097,2.1276691361349456,0.009918616053515248,1.2783225306442805,0.8394279866194239
3098,2.128261077160738,0.00990410085425389,1.2781096654278892,0.8402473123706117
3099,2.128005840340439,0.009918658642516452,1.2765757094840615,0.8415114754924968
3100,2.128151986063743,0.009924951047465509,1.2749140858650208,0.843312955936607
3101,2.128701865673065,0.009914184545109771,1.273644813469478,0.8451428601936418
3102,2.128144775118147,0.009942599087573436,1.2722560568731658,0.8459461297915907
3103,2.127987771618123,0.009899574251161242,1.2733091097705218,0.8447790830111017
3104,2.127995082310268,0.00988596961453405,1.2755385296685355,0.8425705736997177
3105,2.1276359655419173,0.009857957636253262,1.2763682828874003,0.8414097285392333
3106,2.1271944496096395,0.009884071103962404,1.2772004403630082,0.840109934308091
3107,2.1278690245686747,0.009883929381375106,1.2781291050570351,0.839855990239552
3108,2.127502685906936,0.009917217610898067,1.2772634157112666,0.8403220572033707
3109,2.12814362803284,0.009905806286450552,1.2766752163974606,0.8415626068504489
3110,2.1283059010700303,0.009891196348875458,1.2766355823497384,0.8417791182897529
3111,2.128241607121059,0.009890060330151903,1.2744216359391505,0.8439299093217266
3112,2.127674630710057,0.009954588022083044,1.2727857329407517,0.8449343126647326
3113,2.1280397334877326,0.009904992961495811,1.2730730796346859,0.8450616649827178
3114,2.1279712428852005,0.009948232819383241,1.2730672104018075,0.8449558077418075
3115,2.12847469777477,0.009902904180771843,1.2756752925259727,0.8428965086231426
3116,2.127847954934957,0.00993210727786075,1.2776377067273976,0.8402781437854377
3117,2.1278386578267936,0.009952876617067627,1.278690588717558,0.8391951793918804
3118,2.128151309733488,0.009902248187560816,1.2783248363708963,0.8399242211361321
3119,2.128023182859226,0.009919359985434887,1.2772515738496975,0.8408522396063318
3120,2.127622848870803,0.009954759527986147,1.2751003619359464,0.8425677251450869
3121,2.1284517329566333,0.00992278555142028,1.2742497665541512,0.8442791718609479
3122,2.128603980249288,0.00995319208833484,1.2724891268477148,0.8461616690061531
3123,2.1285231368882314,0.009950179160021397,1.2730314834993712,0.8455414732499998
3124,2.128191647480945,0.009899616060892538,1.2749281081618096,0.84336391334631
3125,2.12785669005647,0.00990807272645892,1.2764240527639583,0.8415245590161304
3126,2.1278774957267608,0.009876415689418815,1.2779176740013822,0.8400833959482155
3127,2.1278378270110307,0.009881448670651535,1.27844821676916,0.8395081530420148
3128,2.127591096625036,0.009882156100428226,1.2775942555495672,0.8401146902113544
3129,2.127813306390023,0.009873007167586866,1.2766189161612063,0.8413213938474655
3130,2.128477552715613,0.009919734800006358,1.2757619017240953,0.8427959273056108
3131,2.1281592566139844,0.009928552224775967,1.2737669373045162,0.844463759843184
3132,2.1281154326030185,0.009923084220867984,1.272654692129213,0.8455376570322075
3133,2.1284091557775224,0.009910958709803467,1.273141751483995,0.8453564482684038
3134,2.1280162468248482,0.00994375974833205,1.2740454965708208,0.8440269779185859
3135,2.128257831748651,0.009950968769512005,1.2762906241173646,0.8420162416842519
3136,2.128299536753674,0.009985060217239114,1.278109260359589,0.8402052196312924
3137,2.1281126396996632,0.009922901268250175,1.2785344975335258,0.8396552408836326
3138,2.128004875718331,0.00995720233483126,1.278442596294442,0.8396050884407393
3139,2.127779943602426,0.009902120767427343,1.2766285526509187,0.8412492676657073
3140,2.1284446229740066,0.009900328698473014,1.276103519055308,0.8424407873226671
3141,2.1286190918513705,0.009944595600839476,1.2736982526827831,0.8449762238531696
3142,2.1279520793836944,0.009930059465826774,1.2727216518655116,0.845300374894726
3143,2.1277584214599763,0.009897637988763804,1.272785380786779,0.8450753992917587
3144,2.127435511472274,0.009883293454364245,1.2740445252583952,0.8435076952588801
3145,2.1279725468888575,0.009926318409567585,1.2764736687650486,0.8415725653877064
3146,2.1275339978081838,0.009880193879789844,1.2777568910803114,0.839896907611769
3147,2.1277432222755586,0.009896005936233061,1.2779443002476985,0.8399029139961515
3148,2.1278623014080282,0.009896779133539115,1.278037690994691,0.8399278256966143
3149,2.1280544144766673,0.009916808375404502,1.2769772598938065,0.8411603542614956
3150,2.128243417155986,0.00991522560694388,1.2750564783203358,0.8432717180373718
3151,2.1279702198748685,0.009925696148290013,1.27329079654752,0.844753738872859
3152,2.128431393175709,0.00991980633603371,1.2725443353458328,0.845967248082161
3153,2.1281437581899216,0.009945544851373653,1.2734724940085898,0.844725709484548
3154,2.1279183480204367,0.009948392341635665,1.2746727010425256,0.8432972415977594
3155,2.1281357285927753,0.00993051153265548,1.2764341575758797,0.841771063147759
3156,2.127959720942439,0.00990559222955941,1.2770861727850777,0.8409679583748992
3157,2.1281870700875105,0.009924524107339735,1.2783605541501726,0.8399019840420509
3158,2.1281851712538273,0.009918983574310432,1.2788141965866089,0.8394520027296883
3159,2.1283672999362557,0.009908078685022739,1.2780122909010674,0.8404469225479632
3160,2.128156209478573,0.00995627845333395,1.2751110165703052,0.8430889178903735
3161,2.1281425648806045,0.009933669661760939,1.2736595461563187,0.8445493402529736
3162,2.1278605534105886,0.009874135735729823,1.2728202653174499,0.8451661504044825
3163,2.1279127658629906,0.009910306769746299,1.2733338986124312,0.844668558361579
3164,2.127977014804373,0.009911036228152866,1.2739990949630737,0.8440668814036311
3165,2.128228700890833,0.009918750653385508,1.2753166234006688,0.8429933162976284
3166,2.1282876827278914,0.009858624529739728,1.2776653863945786,0.8407636661918796
3167,2.128167344599354,0.009925968968784627,1.2783171412896137,0.8399242369496093
3168,2.1279554817141317,0.009959876285485772,1.2787512382682489,0.8392443614346641
3169,2.1281849413501974,0.009930541814894093,1.2779538436811797,0.8403005545236626
3170,2.1281133853659338,0.009922286690383846,1.27593373948214,0.8422573628474255
3171,2.128278778523815,0.009914018489344388,1.2738958785728531,0.8444688837138974
3172,2.1280842277468466,0.00991998262684412,1.272887416031896,0.8452768322764611
3173,2.128005926706353,0.009920017983840436,1.272937294171781,0.8451486166034426
3174,2.128281461949251,0.009949377970770001,1.2738929792326323,0.8444391087609895
3175,2.1282223037311008,0.00991017630855952,1.2756726309961202,0.8426394909620285
3176,2.1283085504356696,0.009929444251239908,1.2779813299373703,0.8403977706116073
3177,2.1279532617452195,0.009900595484377474,1.2786659951112709,0.8393866723897506
3178,2.127806679326661,0.00990701028221876,1.2783808495317186,0.8395188122379537
3179,2.128030432730305,0.009904500605462462,1.2770545269761766,0.8410714107508562
3180,2.1281322849040127,0.009907578203675091,1.2752069313915408,0.8430177654538836
3181,2.127671464365356,0.009912218119264866,1.2734923885793101,0.8442668592443272
3182,2.127708379103213,0.00991226024735643,1.2727162321003116,0.8450798866700153
3183,2.1282200278068077,0.00992096326675038,1.273354327192112,0.8449447346585137
3184,2.12815709016761,0.009923848722662245,1.2737944910720902,0.8444387328868009
3185,2.1281497125722924,0.00993679946630585,1.2760248001740904,0.8421881159349364
3186,2.128060383456094,0.009949221014406304,1.2775041479237226,0.8406070139335127
3187,2.1279660901244806,0.009963562156130768,1.278332263839488,0.8396702709854865
3188,2.1277806880522747,0.0099104201107533,1.2783074141765127,0.8395628497308615
3189,2.1286806026283576,0.009931162498625261,1.2781981533887434,0.8405512896727543
3190,2.128661656866268,0.009921389532142453,1.2757464063410857,0.8429938630790127
3191,2.128255863578952,0.009921155979248638,1.2730637740115731,0.8452709405397882
3192,2.127760207166477,0.009940011954239132,1.2724299297040822,0.8453902659975753
3193,2.1279590166344935,0.009941604235494624,1.2734967318116401,0.8445206780214699
3194,2.1281557180443587,0.009942808544871454,1.2748494750382948,0.8433634383337838
3195,2.1278982916656806,0.009897411729646276,1.2759707922838173,0.8420300912492129
3196,2.128147671417314,0.009942814546200086,1.2772091639285186,0.840995695822093
3197,2.1283280545351455,0.009929805038953009,1.2785091898879226,0.8398890592613999
3198,2.128174276984468,0.00992915507558049,1.2791747736687562,0.8390703523645595
3199,2.1281831653750674,0.00994261383193032,1.2771114135275081,0.8411291348082679
3200,2.128327847743521,0.009915400876150447,1.2753394750916227,0.8430729614836829
3201,2.127662479877472,0.009919287722405731,1.273115293712032,0.8446279067774208
3202,2.1279475615949046,0.009912505227958366,1.2732445694962327,0.8447904808788883
3203,2.1276368048726297,0.009936452686444533,1.2727996469760428,0.8449007050723446
3204,2.128497740443872,0.009905284717298892,1.2740851409581242,0.8445073049895617
3205,2.128161696755156,0.009933794397214542,1.2753317197974847,0.8428961923535989
3206,2.128628285563722,0.009900234516101832,1.277923759757256,0.8408042916229793
3207,2.127848800347776,0.00991605817131242,1.2795364351905123,0.8383963098939584
3208,2.127792761033895,0.009931882344452398,1.2788375251147213,0.8390233474118369
3209,2.128312643693418,0.009929889908098444,1.2760420186179025,0.8423407311950412
3210,2.1281334198251063,0.009921653666628562,1.2745531894722764,0.8436585664749146
3211,2.1279874723784777,0.009922251091053595,1.27355323032457,0.8445119879075459
3212,2.1282737851142883,0.009947266738519681,1.2724792610625832,0.8458472618034908
3213,2.128226932214231,0.00994114992113746,1.2738065482402334,0.8444792296813459
3214,2.1279145783307603,0.00990580841993951,1.2750613914460551,0.8429473738889305
3215,2.127952980751894,0.009919838623466844,1.2767862239662482,0.841246922709504
3216,2.128082047919838,0.009902684445663983,1.2785976437889799,0.8395817310226207
3217,2.1274622873384126,0.00988651871472141,1.2781554551757113,0.8394203131296196
3218,2.127925378935678,0.00992040366067418,1.2773240129558407,0.8406809680924123
3219,2.1279418444146914,0.009891471744762088,1.276597036999099,0.8414533375477304
3220,2.128362600900689,0.009871520401377763,1.2753664680889674,0.8431246064755381
3221,2.128011326400601,0.009943029178040368,1.2736629466621243,0.8444053649294133
3222,2.128011253415322,0.009948035355239195,1.2726249932026377,0.8454382392216702
3223,2.1283468433788846,0.009921643388818721,1.273238096310168,0.8451871017412264
3224,2.1282625064557914,0.009948273778569942,1.2749454275685914,0.8433688051846563
3225,2.1282604932785034,0.009954269585788858,1.2764723434740184,0.8418338867474575
3226,2.1278970752443587,0.009938886778771269,1.2773740145624901,0.8405841771437197
3227,2.1282452442208113,0.009961162099842819,1.2786671312487856,0.8396169582799989
3228,2.1282786033591448,0.009926723354325002,1.2787663851465498,0.8395854867234522
3229,2.128387469418195,0.009932325335637647,1.2772452971156762,0.8412098495327697
3230,2.128109301839556,0.009934208070745274,1.2755011356606776,0.842673946400078
3231,2.127687465171425,0.009934298209465888,1.2734250663494577,0.8443280929813579
3232,2.127906231247649,0.009923450525241847,1.2732448553552433,0.844737925699779
3233,2.128107261900999,0.009862148891944362,1.2738262062170067,0.8444189055233585
3234,2.1281233697521444,0.009894772399482983,1.2741428321721602,0.8440857684733917
3235,2.128394456542268,0.00995265978996699,1.2750411660087353,0.843400621900753
3236,2.1279598328532003,0.00993112797316696,1.2765071738739402,0.8415215237408268
3237,2.1282532811164856,0.009919520329722032,1.2782965825528514,0.8400371883596692
3238,2.128029485138095,0.009941189758935752,1.2790333938841918,0.8390548913454523
3239,2.12795982312183,0.009914495825425399,1.2781199387141637,0.8399253885964958
3240,2.127886328161979,0.009930396010643062,1.2758826102529253,0.8420733189096257
3241,2.128285231638928,0.00989276927667765,1.2747468090787226,0.8436456565954247
3242,2.1279235080796846,0.009915825982140948,1.2723766005769068,0.8456310766692064
3243,2.1282106844746336,0.009935567530860402,1.2727961540222168,0.8454789400708919
3244,2.127927662158499,0.00989289725275368,1.2736386529036932,0.8443961216478931
3245,2.1278856019584502,0.009905703237508329,1.2757755475384849,0.8422043423871605
3246,2.12796990847101,0.009916814143902488,1.277399259562395,0.8406538297327197
3247,2.1281593819053803,0.009912213134788433,1.2790258472063103,0.8392213263681957
3248,2.1281120241904747,0.009893267752830776,1.278592548808273,0.8396262015615191
3249,2.1283754256306864,0.009909555786384307,1.2768722504985577,0.841593615862788
3250,2.1279915267107437,0.009893894528171845,1.27518699971997,0.8429106434389037
3251,2.1280051871221892,0.009912372276909193,1.273848987355524,0.8442438223532268
3252,2.1277956123254738,0.009899783499386847,1.2725999130278218,0.8452959325240583
3253,2.12824739607013,0.00990816209066127,1.2732178106599925,0.8451214228965798
3254,2.1282724251552505,0.009927866529027114,1.2740923452134034,0.844252208970031
3255,2.1282659039205436,0.009902184596285224,1.2764744211216361,0.8418892862237229
3256,2.1285038699909133,0.00991585536156686,1.2787817740926937,0.8398062395198005
3257,2.127986165941978,0.009933179158869446,1.2788057321188402,0.839247252564041
3258,2.12791398958284,0.00993054676135736,1.2776347015585219,0.8403487427502262
3259,2.1279753057324156,0.009906831534807476,1.276161181683443,0.8419072822648652
3260,2.1280932304810505,0.00988641200701193,1.2759428085113058,0.8422640084612126
3261,2.128183735876667,0.00988128203043372,1.2743563645956468,0.8439461008018377
3262,2.127981262547629,0.009875144467365985,1.2734868392652394,0.8446192838707749
3263,2.1279972499730637,0.009911734468246601,1.2726628111333262,0.8454227085624423
3264,2.128379925173156,0.009911456915112783,1.2735379058487561,0.844930574297905
3265,2.128048599982748,0.009949819945103052,1.2757206893697077,0.8423780847568901
3266,2.1279244800003205,0.009896024966574445,1.2784676807267326,0.8395607836392461
3267,2.1278726446385288,0.009956976726689205,1.2781690012435525,0.8397466658937688
3268,2.1280746970857893,0.009899899653368155,1.2785512640768169,0.839623536686508
3269,2.1283375523528276,0.009924979704641262,1.277064595903669,0.8413479702205074
3270,2.128207803988943,0.009920454702853245,1.2752357514537112,0.843051611768956
3271,2.1280311163590877,0.009921381259527134,1.2730201391541227,0.8450896049640617
3272,2.127837137300141,0.009899347317310013,1.2723612122389736,0.84557657339135
3273,2.128041836680198,0.00989943503744292,1.2734130213455277,0.844729376386623
3274,2.12832388099359,0.009944160183777615,1.274879430629769,0.8435002860366082
3275,2.128370157309941,0.009917642811921482,1.2766657909568475,0.8417867130162765
3276,2.1281886319724883,0.009937260523248387,1.2787931695276378,0.8394582232042235
3277,2.128104200168532,0.009895192269159823,1.278933466089015,0.839275526757143
3278,2.1279752254486084,0.009934269984689902,1.2779528486485383,0.8400881199204192
3279,2.1280168866624636,0.009931483586337797,1.2760307162391895,0.8420546918499227
3280,2.1282413516725813,0.009919895362869208,1.2744365194622351,0.8438849479568248
3281,2.1279632327507954,0.009923869824721192,1.2736958630230961,0.8443435065600337
3282,2.1280300313112686,0.009918146472120163,1.2726411302478946,0.8454707572046591
3283,2.1283334080053837,0.009935506234629726,1.2740442953547653,0.8443535989036366
3284,2.128029933997563,0.009921900110737401,1.2749607039957631,0.8431473286176214
3285,2.127960285361932,0.009934328144834357,1.2763619933809554,0.8416639657653108
3286,2.1282077662798824,0.00989927056872723,1.278266010235767,0.8400424797924197
3287,2.1276018595208925,0.009922533452852952,1.2784418706991234,0.8392374479040807
3288,2.1278754740345236,0.009920024683660999,1.2779064610296367,0.8400489864300709
3289,2.127730670023938,0.009896364158057436,1.2765060626730627,0.8413282419954028
3290,2.1279014981522852,0.009900900958181948,1.274980798667791,0.843019792011806
3291,2.128025452701413,0.009907711682156945,1.2734539587886966,0.8446637839078903
3292,2.128072896782233,0.009931539807810771,1.272488645753082,0.8456527098101012
3293,2.1280823994655997,0.009939569557009607,1.2728303670883179,0.8453124606487702
3294,2.128201656195582,0.00991131184736685,1.2748194178756402,0.843470920409475
3295,2.1280571137155806,0.009939805314667066,1.2769080260578467,0.8412092884584349
3296,2.1279086859858767,0.009935571146862847,1.277812317317846,0.840160785889139
3297,2.1277533818264396,0.0099381707485157,1.2780085747339287,0.8398066436757847
3298,2.128306662549778,0.009946232072400803,1.2784608888382814,0.8398995481583537
3299,2.1281267465377343,0.009944279849225161,1.276911484343665,0.8412709944710439
3300,2.1281889737868798,0.009937288363141065,1.2753150231984196,0.8429366684689814
3301,2.1288206419166253,0.009918103431712608,1.2742688795741723,0.8446336628831163
3302,2.1280870109188315,0.009926141947697925,1.2720152212648976,0.846145646000395
3303,2.1285524295300853,0.009921445948432903,1.273391519882241,0.8452394692873468
3304,2.127779589623821,0.009939048928683815,1.275166397800251,0.8426741440685428
3305,2.1280446380985025,0.009947427724279007,1.2766469783928929,0.8414502247255675
3306,2.127869778749894,0.009947231172450952,1.2775934800809743,0.8403290601409211
3307,2.128176732939117,0.009944200311426302,1.2785041557282817,0.8397283776074039
3308,2.1280843518218218,0.0099306884364282,1.2781283125585439,0.8400253519719961
3309,2.127912548123574,0.009926858952040879,1.2771132180885392,0.8408724781201811
3310,2.128465251046784,0.009914031014682688,1.274935005270705,0.843616214941959
3311,2.1278917631324457,0.00994488297562514,1.272601760163599,0.8453451087888406
3312,2.1276066424895306,0.009894452095792,1.2725004219278997,0.8452117558644743
3313,2.127583793231419,0.009918524840922684,1.2730373156313994,0.8446279514809044
3314,2.1277334872557194,0.009925988189191843,1.2743330354593239,0.8434744702309979
3315,2.1277936928126278,0.009899628904591106,1.2768829300695537,0.8410111227814032
3316,2.1278591180334288,0.009907739640840766,1.277853144674885,0.8400982441950817
3317,2.128253830938923,0.00991375617949026,1.2782133848083264,0.8401266905118008
3318,2.1276722234122607,0.009940529403713892,1.2773904654444481,0.840341218272034
3319,2.1281549614302966,0.009873839651177429,1.2775683062417167,0.8407128161313583
3320,2.1281149192732207,0.009937918074999233,1.2756399998859482,0.8425369931727039
3321,2.1281405006136214,0.00991186797523833,1.2736229379566348,0.8446056836721848
3322,2.1280305142305336,0.009911721809862219,1.272403350289987,0.8457154370084101
3323,2.1280844077772025,0.00992779007504637,1.272935760264494,0.8452208638191223
3324,2.128366149201685,0.009909774485633386,1.2753085560944615,0.8431478258298368
3325,2.1277769962135626,0.009958430573496282,1.2763080499610122,0.8415105175607058
3326,2.1279823828716666,0.009945734133183653,1.2773936944348472,0.8406429597917868
3327,2.1277167918730755,0.00992563751298098,1.2772690142904009,0.8405221442178804
3328,2.1279936335524736,0.00992986783195211,1.2773353767638305,0.8407283817626992
3329,2.128594383901479,0.009924241579232775,1.2782903940093762,0.8403797438558267
3330,2.128310042984632,0.009919118183683984,1.2773113494016686,0.8410795738502425
3331,2.1283211489113008,0.009913212942833803,1.275228597071706,0.8431793347913392
3332,2.1285302955277112,0.009899650006650053,1.2728724193816283,0.8457582173298817
3333,2.1280969794915645,0.009929790318354356,1.2717738778007275,0.8463933036035421
3334,2.127878656192702,0.00993363257041391,1.2737345932697763,0.8442104255058327
3335,2.128211799932986,0.009965569921294036,1.275908027984658,0.8423381949565849
3336,2.1280888027074387,0.00995402832097393,1.2773398702241936,0.8407949111899551
3337,2.1280627396641947,0.009965659195215118,1.2778911268224522,0.8402059631688255
3338,2.1285210628898774,0.00993771416287185,1.2788799806516997,0.8397033734589207
3339,2.128742160845776,0.009914332791706738,1.278550804269557,0.8402770161628723
3340,2.128316207807891,0.009924085193066572,1.2760108599857407,0.8423812623534884
3341,2.1281520481012306,0.009937176409614633,1.2739538416570546,0.8442610213342978
3342,2.128023005261713,0.009960795291794501,1.2723541576035169,0.8457080572843552
3343,2.127487014751045,0.009923294029787791,1.2724983339407006,0.845065384495015
3344,2.1277321966326967,0.009903734530873445,1.2739235077585493,0.8439049529177802
3345,2.1276169151675943,0.009894269290475212,1.275335735812479,0.8423869114141075
3346,2.127925550451084,0.009886562211286962,1.277604719813989,0.8404342562568431
3347,2.1277275900451507,0.009888884544904743,1.2784334317762025,0.8394052757292377
3348,2.1272584114755904,0.009868213949649006,1.2777610226553313,0.839629170845966
3349,2.1281488440474687,0.009914030686819128,1.2767433949879237,0.8414914221787939
3350,2.1284744192142875,0.009911753037678344,1.2758287574563707,0.8427339004618781
3351,2.1279637144536387,0.009941011748029565,1.2732294767486805,0.8447932321198133
3352,2.127800794280305,0.009951750515028834,1.2737071988533955,0.844141843367596
3353,2.128040701759105,0.009920810686652454,1.2731791686038583,0.8449407198599407
3354,2.12785548458294,0.009943096071709784,1.273356135402407,0.8445562519589249
3355,2.1281572519516456,0.009923016581190179,1.2754803050537498,0.8427539203239947
3356,2.128192119452418,0.009911049128871183,1.2772270994527,0.841053979737418
3357,2.1282301691113688,0.009916799850951957,1.2787415810993739,0.8395717898193671
3358,2.127961594231275,0.009931528969306727,1.2789761922797378,0.8390538725925951
3359,2.128097952628622,0.00992519365224455,1.2775401229761085,0.8406326402815021
3360,2.1287363889266033,0.009946909885169292,1.275347124557106,0.8434423411987266
3361,2.127932389171756,0.009942802937929424,1.27368120818722,0.8443083890846798
3362,2.128083892014562,0.00994305625766972,1.2736499984653629,0.8444908410310745
3363,2.12829196939663,0.00992586222306198,1.273757949775579,0.8446081642593656
3364,2.1283787926849054,0.00993837250814754,1.2742036471561509,0.8442367707588234
3365,2.1283136618380643,0.009979455993149658,1.2751518147332328,0.8431823764528547
3366,2.1282908819159685,0.009914828502402013,1.277643769979477,0.8407322773519827
3367,2.1284126225782902,0.009953290722998125,1.2788902302177585,0.8395690951420336
3368,2.1279890963009427,0.009940325306272325,1.27887082525662,0.8391779454386964
3369,2.1280105345103206,0.00994208361953497,1.2768607832947556,0.8412076614949168
3370,2.128237943260037,0.009953834786440949,1.275773358588316,0.8425107555730003
3371,2.1279281085851243,0.009864709492088581,1.2750672953469413,0.8429960997737184
3372,2.128334164619446,0.009942824458133201,1.2740137814259043,0.8443775417245164
3373,2.127961256066147,0.0099335347530337,1.2733681883130754,0.8446595379892661
3374,2.127802421852034,0.00991849292411792,1.2734148630074091,0.844469067393517
3375,2.128572653750984,0.00993058619526576,1.2746020123666646,0.8440400456287422
3376,2.128461952112159,0.009923086463644797,1.2771920963209502,0.8413467659633986
3377,2.1280965938860055,0.009949167962281071,1.2783404825901499,0.8398069511262738
3378,2.1280602569482765,0.009915524105332335,1.2793149455469481,0.8388297782868755
3379,2.127938397076665,0.009926863965027186,1.2774470418083423,0.8405644951426253
3380,2.127950125811051,0.009956351742718597,1.275914481099771,0.842079295795791
3381,2.12806627823382,0.009925206315380578,1.2750965660932112,0.8430445045232773
3382,2.1281390737514108,0.009888303732233388,1.2737779361861092,0.8444728449899324
3383,2.128147622760461,0.009909110732984786,1.2732293484162311,0.845009164542568
3384,2.128279738280238,0.009926343754846223,1.2731620164550081,0.8451913823278583
3385,2.128229320049286,0.009929739860627724,1.2745397267292957,0.8437598466264958
3386,2.128195209162576,0.00994582782138367,1.2766052794699767,0.8416441186350219
3387,2.127849795380417,0.009877932823396154,1.278908861534936,0.8390629936237725
3388,2.1279833827699934,0.009904408162193639,1.279027320900742,0.8390516511031559
3389,2.1277865353895695,0.009943739577595676,1.2770142433594684,0.8408285668309854
3390,2.127651791183316,0.009903855569546625,1.275350850455615,0.8423970837374123
3391,2.1276731369446735,0.009882817496260514,1.2736854808671134,0.8441048465212997
3392,2.127323183478141,0.00993085908703506,1.2726720024128348,0.8447203146559852
3393,2.128015255441471,0.009903729498880555,1.2732955770833152,0.8448159475715793
3394,2.128197363444737,0.0099272783940696,1.2733140423589824,0.8449560358208053
3395,2.1282900060926164,0.009898863390696292,1.2753438298799553,0.8430473101990563
3396,2.1284207701683044,0.009941065674457622,1.2780685108535144,0.8404112105466881
3397,2.1279528724903964,0.009929671180339493,1.2790964598558388,0.8389267337565519
3398,2.1276743679630514,0.00996976730185656,1.2779280275714642,0.8397765813433394
3399,2.128248090646705,0.009939821398988063,1.2773359125974226,0.8409723457025022
3400,2.128108103664554,0.009901677895033238,1.275951731569913,0.8422546940190452
3401,2.128542257814991,0.009964530874157742,1.2740400664660396,0.8445376550056496
3402,2.1282933573333587,0.009954230256416664,1.2735920962022276,0.8447470227066352
3403,2.127972342530075,0.009920218298971956,1.2733662116284272,0.8446859036173139
3404,2.128000194929084,0.0099349784218155,1.2735279737686624,0.8445372395977682
3405,2.12807961142793,0.00988818842404503,1.2752644529148025,0.8429269699417815
3406,2.1282784172466824,0.00994204215192217,1.2767652996948786,0.8415710856111682
3407,2.1280442062689335,0.00992090629451737,1.2781810930797033,0.8399421931529532
3408,2.1280965817217923,0.00989900011455222,1.2788164141226788,0.8393811683873741
3409,2.127985416626444,0.009882000355734204,1.278324503071454,0.8397789104860656
3410,2.1283249830713076,0.009903047343107815,1.2758231953698762,0.8425987499709032
3411,2.1285149941639023,0.009917545764307891,1.2738811902853908,0.8447162633647725
3412,2.127775698292012,0.009949984641897738,1.2726683203054934,0.845157404639283
3413,2.127912094398421,0.00990037681363827,1.2727238365582056,0.8452878858970136
3414,2.127995408311182,0.009953151656580823,1.2742024520222022,0.8438397998712501
3415,2.1283489806311473,0.009942276308275,1.2760914053235735,0.8423152964334099
3416,2.1280235611662572,0.009910693168830203,1.2775841367488006,0.8405287311393388
3417,2.128551665617495,0.009952345026694998,1.2787707308117224,0.8398285912615913
3418,2.1280944018947836,0.009939197137267614,1.278701045683452,0.8394541627898509
3419,2.1282252243586948,0.00994688768072852,1.2775209260230163,0.840757397364597
3420,2.128328554484309,0.009916273116761324,1.2756198760198088,0.8427924072864105
3421,2.128440075991105,0.009921907466285082,1.2736640511726847,0.8448540918072875
3422,2.12791407229949,0.009924680707329998,1.2727108202418502,0.8452785681096875
3423,2.127866165978568,0.009920313084802153,1.272998002718906,0.8449478477847819
3424,2.128183040083671,0.009905925495740103,1.2748878440078424,0.8433892720816086
3425,2.128060919897897,0.00995423854328692,1.2761318203137846,0.8419748526446673
3426,2.1281749447997735,0.009925501183511652,1.277283245811657,0.8409661960845091
3427,2.1278473321272404,0.009944381624726313,1.277290245708154,0.8406127025278247
3428,2.1279092041813596,0.009950310885145957,1.277963329942859,0.8399955621179269
3429,2.128235724507546,0.009926699638860871,1.2780492974787343,0.8402597283830449
3430,2.1284548250996336,0.009904710780258993,1.277404004821972,0.8411461099678156
3431,2.1284778762836845,0.00990940042182195,1.2749150419721798,0.8436534343933573
3432,2.1282167519841875,0.009919611010130266,1.272259499345507,0.8460376484661686
3433,2.128216411386217,0.009929610040913127,1.2723856458858567,0.8459011690348995
3434,2.1278933724578546,0.009927884989171003,1.2735160747352912,0.844449406983901
3435,2.1277766483170644,0.009922809680277596,1.275869179136899,0.8419846706852621
3436,2.128200436124996,0.00991424474371027,1.2768819849101865,0.8414042154136969
3437,2.127720983660951,0.009907554545230707,1.2776326087056373,0.8401808519752658
3438,2.1280775203996773,0.009918951975865935,1.2785738664014,0.8395847085179114
3439,2.1282886534321066,0.009901146898616334,1.2782934289805743,0.8400940618344716
3440,2.1281847528048923,0.00989049236879361,1.2766286511810458,0.8416656103669381
3441,2.128308759660137,0.009939239583719445,1.2742927159581865,0.8440768037523542
3442,2.128195903739151,0.009951935021434816,1.2737064446721758,0.8445375239362523
3443,2.127880955229,0.00993763408338537,1.2727012403157292,0.8452420736453972
3444,2.1279056826416327,0.009911344457911898,1.273590283734458,0.8444040615339669
3445,2.1277838921060366,0.009929632093301234,1.2749246650812578,0.8429295946748889
3446,2.1284964206267376,0.00995233269142253,1.2771132764767628,0.8414307951318974
3447,2.1279938573739967,0.009927117731422186,1.2772380904275544,0.840828645594266
3448,2.128321107552976,0.009920047025899497,1.278561336653573,0.8398397169551071
3449,2.128449702749447,0.009928914181393932,1.2788917787221012,0.8396290072372982
3450,2.1284592042163926,0.00992397928838523,1.277430598833123,0.8411046230063146
3451,2.1284581276835226,0.00993890681646156,1.2750443493833348,0.8434748631350848
3452,2.128172367202992,0.00993367887995377,1.2726864565391929,0.8455522264144859
3453,2.127623333006489,0.009906517075640815,1.2726242244243622,0.8450925836757738
3454,2.128189024876575,0.009905057754937788,1.2738813660582717,0.8444026130802778
3455,2.12798288282083,0.009916479827608076,1.2748523220723988,0.8432140876444019
3456,2.127870720259997,0.009914083833977277,1.2757530893598283,0.8422035365080347
3457,2.1277481560804405,0.009917399850769006,1.2771583345471595,0.8406724199956778
3458,2.1284232297722174,0.009912593608570039,1.2793345457437086,0.8391760928290231
3459,2.128188117426269,0.009892320231895665,1.2786239817434428,0.8396718115830908
3460,2.127949146591887,0.009900046426954925,1.2766223312640677,0.8414267718183751
3461,2.1282015284713434,0.009918870432872554,1.2743062717573983,0.8439763738792769
3462,2.127845328681323,0.009930373796698998,1.2728356384501165,0.8450793240751538
3463,2.1280129174796905,0.009934633186239064,1.2730273719953031,0.8450509270234984
3464,2.128209196791357,0.009945851807691614,1.2739353885456008,0.8443279564380646
3465,2.1283827107779834,0.009969148504528768,1.2746444381013209,0.8437691279211823
3466,2.128416786388475,0.009930080871991053,1.2770850390804058,0.8414016764382927
3467,2.1283929810232047,0.009910486933148029,1.2791798449292475,0.8393026447417785
3468,2.127839955748344,0.009949289585406683,1.2784985194400864,0.8393921475021207
3469,2.1276162655986086,0.009949229315531497,1.2775426525242475,0.8401243826564477
3470,2.1281673275694555,0.009927972476473269,1.2764007145044756,0.8418386386973518
3471,2.1284080159907437,0.009896832874652987,1.2749364789651365,0.8435747112546649
3472,2.1281990846809076,0.009922363662293978,1.2729377387737741,0.8453389865403272
3473,2.1280750121389116,0.009914698155254734,1.2729670417552092,0.8451932814656472
3474,2.127859497556881,0.009923676556280377,1.273437715306574,0.8444981097566838
3475,2.1279653335104185,0.009916707284140343,1.275166133836824,0.8428824857181433
3476,2.127920387958994,0.009934784711471625,1.2766659655133072,0.8413196306447593
3477,2.1282604859799754,0.009922920769004494,1.2784843663780057,0.8398531991608289
3478,2.12795069509623,0.009904814760523791,1.2786341412943236,0.8394117361428787
3479,2.128361021985813,0.009917391283551649,1.2779325204236167,0.8405111167503863
3480,2.1283342327390398,0.009904729292670987,1.27657159493894,0.8418579165424619
3481,2.128205599833508,0.009921620818501224,1.2743524744802592,0.8439314949269198
3482,2.1280067417086386,0.009909425111373469,1.2726965722989063,0.8454007360399985
3483,2.128138700310065,0.0099554544181696,1.2724000677770497,0.8457831825528827
3484,2.1282021451969535,0.009965704692223546,1.2740079736223027,0.844228461992984
3485,2.128206295626504,0.009951550917395828,1.2761244238639364,0.8421303140265601
3486,2.128348245912669,0.009928765949051904,1.2775551524697517,0.8408643268809026
3487,2.1279571701069266,0.009908343465732676,1.278313778492869,0.8397350475496176
3488,2.1283383041012045,0.009910376547664707,1.278765586565952,0.8396623450882581
3489,2.128204354218074,0.009929408856230428,1.2778294500039549,0.8404454990309111
3490,2.1287102480323945,0.009919225599388687,1.2758332606481047,0.842957754828492
3491,2.128321259605641,0.00992045958279347,1.2731249156046887,0.8452758804267767
3492,2.127742637176903,0.009937357813195914,1.2722986492575432,0.8455066373761819
3493,2.1278808810272993,0.009918934275985372,1.2730435838504714,0.8449183693345712
3494,2.128129304671774,0.00993519890293175,1.2746010903193026,0.8435930156586121
3495,2.128218360093175,0.009905089733513946,1.2768988913419295,0.8414143822631057
3496,2.1280513624755706,0.009948776032281469,1.2781141053657143,0.8399884804170958
3497,2.127958270968223,0.009959240396488078,1.2778976030495701,0.8401014117562041
3498,2.128100344112941,0.009949427972338637,1.2780556800414105,0.8400952408508379
3499,2.128761604124186,0.009898876452970565,1.2782138987463347,0.8406488293287705
3500,2.1284262319000398,0.009928073121082723,1.275549208631321,0.8429489558448597
3501,2.128188200142919,0.00995799629682941,1.2742975390687281,0.8439326499189649
3502,2.1279358170470415,0.009901221157336722,1.2728304917715034,0.8452041082236231
3503,2.127956357537484,0.009888457742576696,1.272968778804857,0.8450991201157473
3504,2.1279935228581333,0.009909230892603494,1.273652194105849,0.8444321055193337
3505,2.127842015149642,0.009901120460459165,1.2755608558654785,0.8423800422829024
3506,2.127615451812744,0.009910219743353675,1.2767053410714986,0.8409998851771258
3507,2.1277337986595777,0.009896941521033948,1.2777599868725757,0.8400768601164526
3508,2.127448324038058,0.00989304064316865,1.2780505145082668,0.839504769870213
3509,2.1282415852254752,0.0099309535972698,1.2777222741623313,0.8405883686274899
3510,2.1277938910893033,0.009941999810006546,1.2763132173187879,0.8415386716322023
3511,2.128539211896001,0.009903800189114955,1.275375704376065,0.8432597067891335
3512,2.128049820053334,0.009926211730367979,1.2736710455952858,0.8444525699834434
3513,2.1281057109638137,0.009925877627897628,1.2727147060997632,0.8454651133138307
3514,2.1279615443580004,0.00991402551702851,1.273223957845143,0.8448235754455838
3515,2.128359702168679,0.009915128198205208,1.27486716545358,0.8435774199208435
3516,2.128558168605882,0.009929952910169959,1.2770383558711227,0.8415898510387966
3517,2.1279003644476133,0.009901656864248976,1.2784496478888454,0.8395490561212812
3518,2.127964365239046,0.009963480660653844,1.278542392107905,0.8394585066303915
3519,2.1279573732492874,0.009896309803981257,1.2777416365487235,0.8403194339907899
3520,2.128100574016571,0.00989211076034271,1.2766624610034787,0.841546004219931
3521,2.1282694400573265,0.009871782117276167,1.275320716658417,0.8430769294500351
3522,2.1285113740940482,0.009919323872926891,1.273116946220398,0.8454750931384613
3523,2.1277994574332726,0.009920017209322172,1.2718083584795192,0.8460710781569384
3524,2.1280895276945464,0.009911696036935461,1.2737205223161348,0.8444573134183884
3525,2.127823512164914,0.009889729819925768,1.2754056690906992,0.8425281139052644
3526,2.1276167059431272,0.009914633913003668,1.2769381902655776,0.8407638814984536
3527,2.1276821360296134,0.009894396012116755,1.277703586889773,0.8400841495212243
3528,2.127889206214827,0.009907713829900841,1.2775927186012268,0.8403887742636155
3529,2.1277175022631276,0.009906425449655068,1.2777726364379027,0.8400384388407882
3530,2.1284577542421768,0.009883847396478665,1.2773388539041792,0.8412350528702444
3531,2.12834184267083,0.009953544175784503,1.2751729287663285,0.8432153816125831
3532,2.128428181823419,0.00991353788888272,1.2739973329767889,0.8445173152247254
3533,2.1277985974233977,0.009950150051439295,1.2725003440769351,0.8453481078756099
3534,2.128019629692545,0.009927627739819641,1.2728997000626154,0.8451923061998523
3535,2.128236624659324,0.009939632858434806,1.2744960602448911,0.8438009373387512
3536,2.1282413443740533,0.009966273735068282,1.2766582485364408,0.8416168172748721
3537,2.1281922946170884,0.009922837515418627,1.277793074748954,0.8404763757574315
3538,2.1279713024898452,0.009947393540939202,1.278446646977444,0.8395772631071052
3539,2.1286401018804435,0.009941415818484158,1.278580672278696,0.8401180232057766
3540,2.1284214781255137,0.009950222095892745,1.2777310506421693,0.8407402084190019
3541,2.1286496507878208,0.009915870619101487,1.276453329592335,0.842280452348748
3542,2.128524973684428,0.00995600501987703,1.2733874789306097,0.8451814806582977
3543,2.1277304121426175,0.009945778123920366,1.2729318877872156,0.8448527370180402
3544,2.1283348701438127,0.009928707057153997,1.2732986588867343,0.8451075003463395
3545,2.1283542075935675,0.009944611057943227,1.2742895636023308,0.844120014078763
3546,2.12802256978288,0.00993163934053511,1.2761392021665767,0.8419517287794425
3547,2.1280896237918308,0.00996051302502806,1.2779585396756932,0.8401705713904634
3548,2.1279917480994244,0.00995832481611596,1.279044937722537,0.8389884905547512
3549,2.128202324010888,0.009924341302022946,1.278933362084992,0.8393446179677029
3550,2.128501143990731,0.009899873661865689,1.2763733577971557,0.8422279084215358
3551,2.1278644788021945,0.009902397793128478,1.2740141718971485,0.8439479062751848
3552,2.1278130521579666,0.00992662079005065,1.2733410876624438,0.844545337922719
3553,2.1276371576348128,0.009898563941978678,1.2725719912927977,0.8451665928777383
3554,2.128029016815886,0.009925100429705819,1.2733559979467977,0.8447479335021
3555,2.1282449413319022,0.009943908389315618,1.2746644062655312,0.8436366270999519
3556,2.128360311595761,0.009895971139930949,1.2775681420248381,0.8408961937743791
3557,2.1279778480529785,0.009926270489219804,1.2781764749361544,0.8398750880543067
3558,2.1276673698911863,0.00991633679356654,1.278096115710784,0.839654914578613
3559,2.127893562219581,0.009911929946202708,1.2776168931503684,0.8403647365618725
3560,2.127656057172892,0.00991800779058617,1.2757668209319213,0.8419712249721799
3561,2.1275086390728855,0.009924458767458493,1.2743710169986802,0.8432131652929344
3562,2.1281254984894575,0.009913609748021985,1.2747125315422914,0.8434993591235609
3563,2.127806517542625,0.00989751459802596,1.273917826462765,0.8439911686036051
3564,2.127992884236939,0.00993710988657359,1.2733341078368985,0.8447216764396551
3565,2.128582700174682,0.009965170236608508,1.2736177407965368,0.8449997901916504
3566,2.128644579527329,0.009923471095116466,1.2751319286774616,0.8435891757206041
3567,2.128464645268966,0.009942709653619297,1.2782558494684648,0.8402660844885573
3568,2.1278061185564314,0.009942993540696951,1.2793509418867073,0.8385121928794044
3569,2.1281566449574063,0.009956533687987499,1.2786507831544291,0.8395493073122842
3570,2.1281157573875116,0.009937811661891791,1.2766425931940273,0.841535357796416
3571,2.1281726591441097,0.009957279663114828,1.2753240636416845,0.8428913114630446
3572,2.128381549095621,0.009915506163117836,1.274082976336382,0.8443830648855287
3573,2.128368983463365,0.009946787630074791,1.2732953751573757,0.8451268110348253
3574,2.128100010813499,0.009943532268041554,1.2730718753775772,0.8450846079052711
3575,2.128122930624047,0.009926322614774108,1.2742785701946335,0.8439180391783617
3576,2.1279717987897446,0.009939973518176347,1.2764384156587172,0.8415934084629526
3577,2.1280674788416647,0.009907422843864378,1.2778397464022344,0.8403203113346683
3578,2.127677790972651,0.009913525396805942,1.277604461932669,0.8401598106233441
3579,2.127554692784134,0.009894068875559131,1.2782289647326177,0.8394316611241321
3580,2.1279112915603484,0.009901693727517006,1.2764194072509298,0.8415901925490827
3581,2.1280531165551166,0.009898051177626667,1.2757785204721956,0.8423765395977059
3582,2.127561996177751,0.00979758044514729,1.2738360002332805,0.8439284137317112
3583,2.1271223048774566,0.009827205203283501,1.2719853350094386,0.8453097565441715
3584,2.1278662584265886,0.009915842736443999,1.2717494350306842,0.8462009776611717
3585,2.127982649267936,0.009915269051241328,1.274392581107665,0.8436747999215612
3586,2.127891741236862,0.00992404503690801,1.275674721416162,0.8422929708446775
3587,2.1281767864616548,0.009953366872873537,1.2771601828993584,0.8410632336626247
3588,2.127906937988437,0.009981604202707507,1.2781383936502495,0.8397869406914225
3589,2.128059423699671,0.009970660083832182,1.278781986966425,0.8393067714511132
3590,2.1284657376153127,0.009918159714956977,1.2781907709277407,0.8403568158344347
3591,2.1289784981279958,0.009959181000915716,1.2761080252880952,0.8429112954407322
3592,2.128134635030007,0.009934293880716575,1.2738187568528312,0.8443815823720426
3593,2.1286848491551926,0.009938060591111377,1.2735505979888293,0.8451961905372386
3594,2.1283503722171395,0.00995243056582249,1.2732462487658676,0.8451516926288605
3595,2.1286043390935783,0.009922891508369726,1.2747845211807562,0.8438969303150566
3596,2.128296583282704,0.009938323903562767,1.275890789469894,0.8424674634422574
3597,2.128256151870805,0.009925033531284757,1.2773989323450594,0.8409321882895061
3598,2.128070962672331,0.009914287004847916,1.2786568360669273,0.8394998400187006
3599,2.1280773865933322,0.009893824930815977,1.2786712749880187,0.8395122852252455
3600,2.128137015566534,0.009894693940307717,1.2776855291152487,0.8405567897217614
3601,2.1278454868160948,0.009869872739690602,1.2754807374915298,0.8424948624202183
3602,2.1277797562735423,0.009890321466349522,1.2730921166283744,0.8447973083476631
3603,2.127387826540032,0.009884864852136495,1.2723216347548427,0.8451813167455245
3604,2.1275998718884526,0.00985255031561365,1.273062028446976,0.844685284458861
3605,2.1267822056400534,0.009877064692958886,1.2736218443938665,0.8432832919821447
3606,2.1278265520017974,0.009893778279157621,1.2751473206646589,0.8427854676027687
3607,2.1276264251494896,0.009897651231600618,1.275567205584779,0.8421615648026369
3608,2.128123718865064,0.009870879955551758,1.2775364177567619,0.8407164161302605
3609,2.1282557066606014,0.009894607712191587,1.278657849954099,0.8397032506003672
3610,2.127963665796786,0.009892431909826641,1.2783467939921789,0.8397244491747448
3611,2.1280212986225986,0.009898888199038955,1.2765152782809979,0.8416071245256735
3612,2.1276610992392717,0.00992611167971425,1.2741482981613703,0.8435866917882647
3613,2.127932713956249,0.009896175712537097,1.272966195125969,0.8450703429324287
3614,2.128221706468232,0.009970893622471057,1.2729083518592679,0.84534246732994
3615,2.128327639735475,0.009946834143935417,1.273913940604852,0.8444668635421869
3616,2.128374521829644,0.009948312946386179,1.2753935067021116,0.8430326939845572
3617,2.128310500359049,0.009946657097613325,1.276448451742834,0.8419153957950826
3618,2.1283037893626156,0.009908761981190468,1.2781695528906218,0.8402254806489361
3619,2.1288253494671414,0.0099300691401776,1.2791126784013243,0.8397825837743526
3620,2.1282731866349978,0.009904487890058331,1.2788717004717614,0.8394969957215446
3621,2.1288879392098408,0.009899765281576892,1.277152336373621,0.8418358415365219
3622,2.1280103070395335,0.009916281185055874,1.2747811486526412,0.8433128631844813
3623,2.127678916162374,0.009930913773726444,1.2736437630896666,0.8441042453050613
3624,2.1281977721623013,0.00991677219162182,1.2734035837407014,0.8448774185107679
3625,2.1283528135747325,0.00989399701166822,1.2737411163291152,0.8447177069527763
3626,2.1282077626306184,0.009929839108253315,1.2739148802903233,0.8443630459357281
3627,2.1279215618055694,0.009893928165072384,1.2759699109865694,0.8420577155692237
3628,2.1276922712520676,0.009901337149762074,1.277902223017751,0.8398887025458472
3629,2.1273728037367063,0.009884803142512635,1.278121111344318,0.8393668888174758
3630,2.127464514605853,0.009917868410560245,1.2776073886423696,0.8399392700925166
3631,2.1276862134738845,0.009910473576271716,1.2762948225955575,0.8414809253751016
3632,2.127980875725649,0.009882191419411374,1.275325862120609,0.8427728232072325
3633,2.1280286324267483,0.009915285743772984,1.2745094998758666,0.8436038390714296
3634,2.128127943496315,0.009925175234865474,1.273142424164986,0.8450603454696889
3635,2.128426658863924,0.00995598863620235,1.2724650946198677,0.8460055659620129
3636,2.1284502829824175,0.009935795552838517,1.274552660937212,0.8439618336911104
3637,2.1281448395884768,0.009944077742723177,1.2760813181497612,0.8421194446938378
3638,2.1284983583859036,0.009946602396667004,1.278338069210247,0.8402136792333759
3639,2.127852507999965,0.009931982271563338,1.2789147222528652,0.8390058011424785
3640,2.128094642746205,0.009953096756065379,1.2784603140792068,0.8396812318539133
3641,2.1284318420351767,0.009933383964306238,1.2767168210477244,0.8417816374983106
3642,2.1280029294442158,0.00996874421549847,1.2749557987767823,0.8430783861145681
3643,2.128386117974106,0.009911130144431884,1.2737782196122773,0.8446967677802456
3644,2.1275821693089543,0.009926459096296102,1.272722289878495,0.844933420419693
3645,2.1280972361564636,0.009908170040164675,1.2738013778414046,0.8443876818126562
3646,2.1282014080456326,0.009917717208439598,1.275114368419258,0.8431693300300714
3647,2.1281418131322276,0.009929683829220583,1.2758128430162157,0.8423992839394784
3648,2.128008152757372,0.009948272647678244,1.276619196546321,0.8414406739935583
3649,2.12841661608949,0.009920565544494562,1.278052030169234,0.8404440308103756
3650,2.1284859569705263,0.009909055884737445,1.2788398649011339,0.8397370351820576
3651,2.128342488590552,0.009921522264615918,1.2785783908805068,0.839842580410899
3652,2.1279188759472905,0.009900522071450037,1.2759745364286461,0.8420438133940404
3653,2.1278846057093874,0.009954542909957925,1.2735738097404947,0.8443562497898024
3654,2.127674676934067,0.009949627071048836,1.2728060380536683,0.8449190204240837
3655,2.12790855096311,0.0099229663467909,1.27347154641638,0.8445140321035774
3656,2.128195330804708,0.009966470543485212,1.2738770775649013,0.8443517821783922
3657,2.1285931127411977,0.009931697685993751,1.2750395378287958,0.8436218837694246
3658,2.1285479275547727,0.00992486069967248,1.2775061282576348,0.8411169350147247
3659,2.128385667898217,0.009957731511367827,1.279220535438888,0.83920740351385
3660,2.127936605288058,0.009949865722458581,1.2789548897013372,0.8390318526297199
3661,2.1275927290624503,0.009930379631720027,1.2768214162515135,0.8408409238469844
3662,2.1278597663859933,0.009934417238192899,1.2753180009978158,0.842607351590176
3663,2.127809528185397,0.009911255188742462,1.2745542854678875,0.8433439825870552
3664,2.1282818901295566,0.009936423402051536,1.274757706997346,0.8435877579815534
3665,2.1286484939711436,0.009920338582133457,1.2738794349894231,0.8448487219153619
3666,2.1283721923828125,0.00993609640329164,1.2730935234196332,0.8453425783283857
3667,2.12810027842619,0.009938821092019883,1.2740209528378077,0.8441404946604554
3668,2.1280725355051002,0.009887176926951019,1.2766820502524474,0.841503310872584
3669,2.127445229462215,0.009906528346544626,1.278381776444766,0.8391569199002519
3670,2.1273244461234735,0.009885705679617062,1.2780719478519595,0.8393667890709273
3671,2.1274829652844645,0.009868846731070352,1.2770813387267443,0.8405327766525502
3672,2.1272306040841706,0.009814679651160022,1.2754746943104023,0.8419412334962767
3673,2.1277799727965374,0.009839305906005355,1.2743147648110682,0.8436259086034736
3674,2.1278530906657784,0.009868956256505787,1.2735183707305364,0.8444657648096279
3675,2.1280755716927198,0.009864284186528958,1.2724953616152004,0.8457159354370467
3676,2.127888461764978,0.009940729680832247,1.272689284110556,0.8452584472846012
3677,2.1281621042562993,0.009955774484278292,1.2753772443654585,0.8428290854303204
3678,2.128514066034434,0.009922778941880988,1.2776225586326755,0.8409687207669628
3679,2.1278314030900294,0.009967057875414588,1.2784520551866414,0.8394122972172133
3680,2.12787972177778,0.009959535326390547,1.2782050778671188,0.8397151091877295
3681,2.1286859269044838,0.00992690232506364,1.2782287968664754,0.8405302343319874
3682,2.1282330508134804,0.009959454401111116,1.2761715005855172,0.842102087577995
3683,2.128526898062959,0.009936405939753262,1.2752860881844346,0.8433044078398724
3684,2.1286116400543524,0.009927315941574623,1.2738455479242363,0.8448387797997923
3685,2.128437038587064,0.009921000671706029,1.272862857701827,0.8456531915129447
3686,2.128145070708528,0.009958148392259466,1.2732992525003395,0.844887663819352
3687,2.1281617247328466,0.009940110251535567,1.2756669776780265,0.8425546328023988
3688,2.1279190985523924,0.009910919275895064,1.2768554000221952,0.8411527866003464
3689,2.1281834743460832,0.009952957979498469,1.27707774602637,0.8411527686581319
3690,2.1282782141043217,0.009925645538510717,1.2782259443584754,0.8401266126608362
3691,2.1282619858274656,0.009887690508586108,1.2787607518994077,0.839613535270399
3692,2.127844449208707,0.009953325818653921,1.277187215430396,0.8407039021959111
3693,2.1283056906291415,0.009930920388017381,1.275773857321058,0.8426009194583309
3694,2.128017632328734,0.00992920552380383,1.2729943954214757,0.8450940488552561
3695,2.1277886665597254,0.00989153105955647,1.2728626296228291,0.8450344968207029
3696,2.1278107202782923,0.009885370968936049,1.2736421981636359,0.8442831492545654
3697,2.1282005954761893,0.009947392376785984,1.2742024070146132,0.8440508006178603
3698,2.1281184578428465,0.009942156666585681,1.275387740256835,0.8427885545759785
3699,2.128426829162909,0.009929026904686982,1.2766382748983345,0.8418595304294508
3700,2.1282511195357965,0.009903760379826536,1.2786760755947657,0.8396712784864464
3701,2.127779494742958,0.009952070718935254,1.27906769635726,0.8387597306650512
3702,2.1278688591353747,0.009921404599611248,1.2777410295544838,0.8402064171980839
3703,2.1279079950585658,0.009917986745546972,1.2752933264995108,0.8426966861802705
3704,2.1280034160127443,0.009892789870310498,1.2738345551247499,0.8442760839754221
3705,2.128156069590121,0.009937876925746702,1.272846512648524,0.8453716723894587
3706,2.1279458075153586,0.00994411714337006,1.273162488426481,0.8448392149745202
3707,2.1281302036071312,0.009896917629758922,1.2744136744615984,0.843819618529203
3708,2.128084655927152,0.009911767839054977,1.27577313233395,0.8423997641217952
3709,2.1283082584945525,0.009945236536084997,1.2777404414147746,0.8406225804771695
3710,2.1279502474531835,0.009891121500950992,1.2785533593625438,0.839505778283489
3711,2.1285965150716355,0.009915094613572773,1.2796568055542148,0.8390246143146437
3712,2.1280607204048003,0.009951357677464887,1.276512396578886,0.8415969664953193
3713,2.128179952806356,0.00992029493351524,1.2756912416341353,0.8425684215462937
3714,2.1280076138827266,0.009927268534404586,1.2741176042021538,0.8439627478317339
3715,2.1281617660911714,0.009943357355208422,1.272337950614034,0.8458804603742094
3716,2.128084806763396,0.009926333724121963,1.2732942779453433,0.8448641999643676
3717,2.128133264123177,0.009931808071477073,1.2741313905132061,0.8440700784629706
3718,2.128482405020266,0.009937971207902444,1.2767261461335786,0.8418182824947396
3719,2.1279705300623055,0.009941259166225791,1.2777211872898802,0.8403080817388029
3720,2.1280794788380057,0.009938261504950268,1.2787290367544915,0.8394121743586599
3721,2.1278802728166384,0.009920554900807994,1.2784300087666025,0.8395297086360504
3722,2.128195693298262,0.009925900906210348,1.2768966537349078,0.8413731401063957
3723,2.128401431502128,0.00992404208138433,1.275142991421174,0.8433344035732503
3724,2.1278017394396724,0.009928466557354038,1.2730103700744861,0.8448628950483945
3725,2.127794582016614,0.009929736981130376,1.2722849292414529,0.8455799069939828
3726,2.127964275223868,0.009909527879968589,1.2735222869989824,0.8445324757877661
3727,2.1281383207866122,0.009915804001027527,1.2749551492077964,0.8432673632490392
3728,2.128359781236065,0.009964077933026212,1.2762223403064572,0.8421733522293519
3729,2.128758940161491,0.009883724200558297,1.2791445620205937,0.8397306635671732
3730,2.1283625729229985,0.009901625384595625,1.2788907551035589,0.8395702042141739
3731,2.1277997347773336,0.009920665865992101,1.2777410751702833,0.840137996843883
3732,2.1281597298018786,0.009948385551533833,1.2770168805608944,0.8411944681892589
3733,2.127745196527364,0.009904372273012996,1.2746857824374218,0.8431550462026985
3734,2.127964063566558,0.009921618723025431,1.273529332511279,0.8445131155301113
3735,2.1278937483320433,0.009897542651742697,1.2726040488603163,0.8453921523629403
3736,2.128110473253289,0.009931194272880651,1.272870041277944,0.8453092477759536
3737,2.1282304209105822,0.009915227498098905,1.2752398532264086,0.8430753462776845
3738,2.1278232846941267,0.009910434232644585,1.2767143127869587,0.8411985310364742
3739,2.127613445933984,0.00986541358145828,1.2778624399584166,0.839885584857999
3740,2.127492719767045,0.009919607094774137,1.2782731719162999,0.8392999379002318
3741,2.128116944614722,0.009948675549227973,1.2774992433129524,0.8406690374320868
3742,2.1280525521356233,0.009933970673770016,1.276790316615786,0.8413282599376173
3743,2.128593236816173,0.00993719609093149,1.2761133082058964,0.8425427431962929
3744,2.1285877994128635,0.00994207006784118,1.2745084142198368,0.8441373015544853
3745,2.1285481039358647,0.00992873897395876,1.2728701617036546,0.8457492024314647
3746,2.128486147948674,0.009946013691511994,1.2727324147613681,0.8458077229407369
3747,2.1285566006387984,0.009949901687665557,1.2747269698551722,0.8438797340709336
3748,2.127982964321059,0.009939676673360626,1.2772070053888827,0.8408362780298505
3749,2.1281401393364887,0.009940400700636056,1.2782572094275026,0.8399425370960819
3750,2.1277730136501547,0.00995725151911682,1.2778338047922875,0.8399819534043876
3751,2.127851211294836,0.009903007182197608,1.2772711947256206,0.8406770065122721
3752,2.1282470846662718,0.009893568023583111,1.277710305184734,0.8406432146320537
3753,2.1289371361537857,0.009888181106510515,1.2767069619529101,0.8423419780268961
3754,2.1280135767800465,0.009921765192506872,1.2737322607818915,0.8443595563270607
3755,2.1280899242478974,0.009897724544743493,1.2724752608610659,0.8457169341189521
3756,2.12765272417847,0.009898966586939534,1.2724067130867316,0.8453470365125306
3757,2.1276057776139705,0.009903107199589816,1.2739596379046538,0.8437430147005587
3758,2.1274572586526674,0.009888650507343059,1.2751115888965374,0.8424570253308938
3759,2.1275720353029213,0.009926970834292623,1.2766056462210051,0.8410394225193529
3760,2.1278922424024467,0.009864682844858997,1.2781265390162566,0.8399010051269921
3761,2.127910243005169,0.009904075000549153,1.2787631865666838,0.8392429795800423
3762,2.1282297470131697,0.009920304042420216,1.277265768878314,0.8410436754323998
3763,2.128183886712911,0.009902511219665105,1.2757689204751228,0.8425124555217977
3764,2.1278467093195235,0.009918656718099907,1.2738345922256002,0.8440934571684623
3765,2.128169298171997,0.009923904972645094,1.2731280819493898,0.845117308047353
3766,2.1276435328989614,0.009971704875708235,1.2729308197692948,0.8447409992923542
3767,2.1284718841922525,0.00995082802576374,1.2742166884091435,0.8443043706368427
3768,2.1283109151587194,0.009945121512995387,1.2754691364813824,0.8428966448623307
3769,2.1283621751532262,0.009970270876525616,1.2771044598550212,0.8412874471776339
3770,2.1283976812751924,0.009936200844466078,1.2785437107086182,0.8399177713661777
3771,2.1284229804058463,0.009950896577757537,1.2795598208904266,0.8389122641208221
3772,2.128129481052866,0.009908949590421148,1.2780679969155058,0.8401525394648922
3773,2.1280934664667868,0.009934894883130886,1.275244054137444,0.842914519565446
3774,2.1278063411615333,0.009930085870722423,1.2735135409296776,0.8443627053377579
3775,2.127965018457296,0.00990576501365523,1.2731647169103428,0.8448945487640342
3776,2.1281813176310793,0.009910012661878551,1.2733411065169744,0.8449302045058231
3777,2.1282130978545366,0.009927721466032826,1.273829115896809,0.8444562633426822
3778,2.128120349378002,0.009912945805307554,1.2753298021092707,0.8428776030029569
3779,2.128200205004945,0.009901721101748397,1.2779835267942778,0.8403149526946398
3780,2.127906382083893,0.009942677423205912,1.2788053836141313,0.8391583136149815
3781,2.128012957621594,0.00995878236159226,1.2784121079104287,0.8396420652160839
3782,2.128084171791466,0.009936924990532654,1.2769404637570283,0.8412067844551436
3783,2.1278929114341736,0.00993555453510917,1.2758619085866578,0.8420954383149439
3784,2.1283557110903213,0.009883043513044107,1.2750720819648431,0.8434005832793762
3785,2.1285130941137975,0.009935744610444015,1.2729832171177378,0.8455941321290269
3786,2.128345697509999,0.009940873513150275,1.2729966415434468,0.8454081908780702
3787,2.1282647130440693,0.009919293001484203,1.2742143565294695,0.8441310564474184
3788,2.1282179343457126,0.009914545926778597,1.2756658245106132,0.8426375586767586
3789,2.12852964109304,0.00995916351961086,1.2777451197711789,0.8408253615608021
3790,2.1280023662411436,0.009941673709307703,1.278702825307846,0.8393578723985322
3791,2.128076674986859,0.009918812505558742,1.27869086666983,0.8394669972512186
3792,2.1279024506101805,0.009926310578855325,1.2773602665687094,0.8406158725217897
3793,2.1283604076930454,0.009933113952034287,1.2753929368087225,0.8430343525750297
3794,2.128150995896787,0.009926322800088294,1.2730535329604635,0.8451711280005318
3795,2.1278158973674386,0.009920631326278863,1.2722099155795819,0.845685349131117
3796,2.128273001738957,0.009916826483926602,1.2735246687519306,0.8448315086413403
3797,2.128438163776787,0.00992798222209878,1.2750001908565054,0.843509993686968
3798,2.127642591388858,0.009945289165313755,1.2766456190420656,0.8410516949940701
3799,2.1280094531117655,0.00988703576980957,1.2786191622821652,0.8395032563379833
3800,2.1276054333667367,0.009924397585267315,1.2778208486887874,0.8398601744247942
3801,2.1278385824086716,0.009921099715010852,1.2774547527031022,0.8404627338964112
3802,2.1279882983285554,0.0099344574608745,1.276982741696494,0.8410710944813125
3803,2.1283266118594577,0.009925503107928196,1.2753391709862922,0.8430619407065061
3804,2.128192818894678,0.0099266720175439,1.273162482952585,0.8451036637534901
3805,2.1281189650905374,0.00992953276964931,1.2727416832836307,0.8454477473789331
3806,2.1279815374588478,0.009926020642932581,1.2734069082201744,0.844648609964215
3807,2.128345719405583,0.009923609387015506,1.2748537458935563,0.8435683679215762
3808,2.127718482698713,0.00993559033876019,1.275999238296431,0.8417836707465502
3809,2.1279531899763615,0.00995136038115134,1.2772256543441696,0.8407761734359118
3810,2.1281161369109642,0.009929714615133648,1.2785922665985263,0.8395941607197936
3811,2.128159373390431,0.009907474912398932,1.2784429806835798,0.8398089077399702
3812,2.12808826139995,0.009923229763778497,1.2771188233579909,0.8410462089339081
3813,2.1281601750120824,0.009929160791810374,1.275651152036628,0.8425798629011426
3814,2.1282704034630133,0.009884843132363595,1.2740154588709072,0.8443700972260261
3815,2.128234478892112,0.009925387191529177,1.2727886085607567,0.8455204839000896
3816,2.1279063455912532,0.009966896214921559,1.2726754600904426,0.8452639978150932
3817,2.1283678436765867,0.009939355770962275,1.2745815211412859,0.8438469624640991
3818,2.1280752189305363,0.009955865730132376,1.2760704336117725,0.8420489147609594
3819,2.1281708223479137,0.009911505657495285,1.277263063557294,0.8409962535512691
3820,2.1281969948690764,0.009912716928033196,1.2779581875217205,0.840326090552369
3821,2.128475376537868,0.009947265175228216,1.2785952249351813,0.839932881751839
3822,2.1286851313649393,0.00994378769751258,1.2786553465590185,0.8400860048678457
3823,2.1285561298837465,0.009907600731227775,1.276663674991958,0.8419848467622485
3824,2.1283112265625777,0.009930362834652163,1.274422092097146,0.8439587762161177
3825,2.1279668297086443,0.009934526402503252,1.2729933572058776,0.8450389461857932
3826,2.127752107016894,0.009951504797921801,1.2725107742815602,0.8452898412942886
3827,2.1278463930499796,0.00989349606941093,1.2741574036831758,0.8437955105791286
3828,2.128114701533804,0.009918848922172067,1.2752311059406825,0.8429647383033013
3829,2.128447356272717,0.00992767047137022,1.2765429019927979,0.8419767791519359
3830,2.127993665179428,0.009940852178260684,1.2773989597145392,0.8406538534529355
3831,2.1280920700151094,0.009909596170621867,1.2786696559312392,0.8395128082864138
3832,2.127760160942467,0.009933237542341255,1.2782269260104822,0.8395999831204511
3833,2.127965976997298,0.009941105322190086,1.276546224039428,0.8414786439769122
3834,2.1277769718851363,0.009940470858686129,1.274623191478301,0.8432133133922305
3835,2.1281062328085607,0.009875959992332727,1.2739274422733151,0.8443028391623983
3836,2.128027825939412,0.009943181059646363,1.2728659869456778,0.8452186517569483
3837,2.1280490318123175,0.009944840443643684,1.2730937241291513,0.8450104661133825
3838,2.128053691922402,0.009951740337003554,1.2744335702487402,0.8436683741759281
3839,2.128288904014899,0.009893539480446857,1.2769737973505138,0.8414215643186959
3840,2.128146945213785,0.009974973452068409,1.2784165441989899,0.8397554277765508
3841,2.1280476219800053,0.009949747130882983,1.2786161820499264,0.8394816837140492
3842,2.128195870895775,0.009942727671860128,1.2780298718384333,0.840223276797606
3843,2.128601075435171,0.009879218998878283,1.2770984635061147,0.8416233953772759
3844,2.1282908758338617,0.009937997394222386,1.2750947822113425,0.8432580998965672
3845,2.1285203026265513,0.009910402505905653,1.2745500711762174,0.8440598279845958
3846,2.1280374052573223,0.00994550646757897,1.2728095516866567,0.8452823520923147
3847,2.128270312231414,0.009936160636039413,1.2729693486982463,0.845364797176147
3848,2.128629138275069,0.00995366041054379,1.27465835943514,0.8440171233853515
3849,2.1284310246000486,0.009934145239733008,1.2770715112588844,0.8414253616819576
3850,2.1278246750636978,0.009931618599601242,1.2780034085925744,0.8398896431436345
3851,2.1277067332851645,0.009924025564663569,1.2783799487717298,0.8394027626027867
3852,2.1280129150468476,0.009949456206617914,1.2778945778097426,0.8401688656636647
3853,2.1280486802665557,0.009935827322342262,1.2768458079318612,0.841267043230485
3854,2.128047379912162,0.009924423614782947,1.2751390368354565,0.8429839197470217
3855,2.1284473501906103,0.009955257970877752,1.2737064349408052,0.8447856541190829
3856,2.1280160582795435,0.009967826881769056,1.2722631303631529,0.8457850923343581
3857,2.1279078101625246,0.009944855035947902,1.2735405831920856,0.8444223613763342
3858,2.1281786329892216,0.00993034067772785,1.27504693975254,0.8432013638773743
3859,2.127971030011469,0.009955432113944267,1.2763119966399914,0.8417035985966118
3860,2.128274347100939,0.009938986905451332,1.278106908408963,0.840228445371803
3861,2.1282513603872184,0.009915975549695442,1.2789274624415807,0.8394079384755115
3862,2.1281044337214254,0.009940336330090555,1.277733718862339,0.8404303761769314
3863,2.1282432687525845,0.0099298971781165,1.2769414752113575,0.8413718957073835
3864,2.12833233755462,0.009936932944787704,1.2749600501693026,0.8434353513377053
3865,2.1281502709096793,0.009923824132895288,1.2732909479919745,0.8449355123602614
3866,2.127907164242803,0.009921930136387142,1.272462638057008,0.8455225937828725
3867,2.1285976487763074,0.009946583565894743,1.273369703365832,0.8452813461118814
3868,2.1285004287349936,0.009957716957076776,1.2755878196687114,0.8429549035369134
3869,2.128251340924477,0.009936282301929836,1.2775779980785993,0.84073706427399
3870,2.1275906623626244,0.009925122767192672,1.2778501066626335,0.8398154447881543
3871,2.1282982157201182,0.00992253212239213,1.2788677501435182,0.8395079343902822
3872,2.127928067226799,0.009922898868669053,1.2775336832416302,0.8404714860478226
3873,2.127905393133358,0.009940168573235979,1.2760726639202662,0.8418925675202389
3874,2.1280370549279817,0.009947664047382315,1.2747208652447681,0.8433685175010136
3875,2.1282627874491165,0.009918108995889827,1.2749352996446648,0.843409387432799
3876,2.128373301759058,0.009940226329490542,1.273695400174783,0.8447376918427798
3877,2.1282699010810076,0.009956818240295564,1.2731661851308784,0.845146895367272
3878,2.128416279140784,0.009937519236106654,1.2742836742985004,0.8441950843042257
3879,2.128573699873321,0.009913798050992951,1.2761847966787767,0.8424750964860527
3880,2.1281613196645464,0.009931452116187739,1.2785105674850696,0.8397192933729717
3881,2.127493684389153,0.009924604576461169,1.2785554266705805,0.8390136494928476
3882,2.1277979089289296,0.009910701745550851,1.2777133632679374,0.8401738499500313
3883,2.127923756229634,0.009884813638898184,1.277106950477678,0.8409319921415679
3884,2.128305110396171,0.00988504393691463,1.2756083753644203,0.8428116966875232
3885,2.1278833722581667,0.009920461502458369,1.2741850760518287,0.843777843579954
3886,2.12796751577027,0.009934136088063218,1.2728088869124043,0.8452244878423457
3887,2.1279172058008156,0.009894801123181775,1.2723688872493044,0.8456535162974377
3888,2.12838263414344,0.009936424832296918,1.2737845960928469,0.8446616095547773
3889,2.1283862578625583,0.009925344992162926,1.2764509356751734,0.8420099786349705
3890,2.127882238553495,0.009905147741605736,1.2787461943772374,0.8392308913931554
3891,2.127787164279393,0.009923037787785336,1.2784417648704685,0.8394223555010192
3892,2.1281259047741794,0.009960830677300692,1.2779128940737978,0.8402521810969528
3893,2.1282928427871393,0.009943024958578907,1.276717564889363,0.841632252140921
3894,2.1279418018399454,0.009918117772179599,1.2751881796486524,0.842835509655427
3895,2.128335333600336,0.009940451400696623,1.2730692010753009,0.8453256773705385
3896,2.1281764154531517,0.009941005205013315,1.2726360018156013,0.8455994220412507
3897,2.1282228328743757,0.00993969411190067,1.273503413005751,0.844779724673349
3898,2.128199094412278,0.009911989127951009,1.2753095128098313,0.8429775958766743
3899,2.1279684864744848,0.009917462273139735,1.2771594633861465,0.8408915598173531
3900,2.127912077368522,0.009916725311884466,1.2782873924897642,0.8397079569344618
3901,2.1280276836181176,0.009912591793441347,1.2785524239345474,0.8395626642266099
3902,2.1281888643089606,0.009911692501710994,1.2776382942588962,0.8406388972486768
3903,2.127715501250053,0.00992370521345613,1.2758303004868177,0.8419615063740282
3904,2.1284099525334885,0.009944163006255212,1.275298566234355,0.8431672307909751
3905,2.1285227476334083,0.00994928374563401,1.2733544476178227,0.8452190023903944
3906,2.128216338400938,0.00997637581954501,1.2720994991915566,0.8461404622209315
3907,2.1286028088355553,0.009966211968424673,1.2740105968348834,0.8446260009493146
3908,2.12832758013083,0.009915291607303887,1.276607440442455,0.8418048346529201
3909,2.127816455704825,0.009905936980467975,1.2775497637232955,0.8403607463958312
3910,2.1279716856625615,0.009928700989302324,1.2778904736042023,0.8401525206103617
3911,2.1280660203524997,0.009950606941188477,1.277980701047547,0.8401347125063137
3912,2.128153209783593,0.009926842606379365,1.2779246988345165,0.8403016742394895
3913,2.1283090917431577,0.009931558486530366,1.2768259291746178,0.8415515976292747
3914,2.128217498866879,0.009920405471051226,1.2747282848066213,0.8435688034004095
3915,2.127997259704434,0.009947435326912269,1.2727618594558872,0.8452879686136635
3916,2.128083658461668,0.009917043790943464,1.272583189059277,0.8455834324870791
3917,2.1278888388555877,0.009916062010642218,1.2742491546942263,0.8437236164297376
3918,2.1276198893177267,0.009925328741534328,1.2752812620328398,0.8424132977213178
3919,2.12790978441433,0.009966046473353493,1.2764402609698626,0.8415034808674637
3920,2.128120073250362,0.009974297003022261,1.2764934982572282,0.8416522780851442
3921,2.1283514305036895,0.009920079683961004,1.2782488088218533,0.8401825418885873
3922,2.128647343236573,0.009928083546193582,1.278894459714695,0.8398248036297
3923,2.128664062947643,0.009938582112746579,1.2785846949840078,0.8401407854897636
3924,2.128630591898548,0.00994906736043643,1.2758724300228819,0.8428090981074742
3925,2.128372481891087,0.009939423643470722,1.2729023250998284,0.8455307298168844
3926,2.1280449665322596,0.009970723561068274,1.2718269441808974,0.8462473011138488
3927,2.1280785969325473,0.009972489686036597,1.273732538125953,0.8443735685883736
3928,2.1283243164724235,0.009924139803731623,1.2757721555476287,0.8426280255828585
3929,2.128043022690987,0.009923559585015992,1.2764484134255623,0.8416710413840353
3930,2.1283230209837156,0.00992772929199344,1.2775945255951004,0.840800761568303
3931,2.128366615091051,0.009911940665915608,1.2788692007259446,0.8395854696935537
3932,2.1280772406227735,0.009922113084253304,1.2783112343476744,0.8398438847186614
3933,2.128000259399414,0.009929599682325306,1.2770621959044008,0.8410084585146028
3934,2.128690605260888,0.009981963417625852,1.275579600309839,0.843129044284626
3935,2.1282464180673872,0.009971720893506189,1.2733264820916312,0.8449482127111785
3936,2.128240860238367,0.009946345845807572,1.2726953984523306,0.8455991164153936
3937,2.1279520088312576,0.009932784035763875,1.2732109719393205,0.844808254619034
3938,2.127625515266341,0.009924914640355475,1.2744577940629453,0.8432428122174983
3939,2.128501219408853,0.009928426078083565,1.276946381038549,0.8416264303484742
3940,2.1278384023783157,0.009945601809351725,1.2777987250259943,0.8400940800807914
3941,2.1279489556137396,0.009923829811112004,1.2774362783042752,0.84058884728928
3942,2.1279976793697903,0.009951692849055541,1.2778929405066433,0.8401530439756355
3943,2.127922360994378,0.009872574211877524,1.277512250506148,0.8405375453282375
3944,2.127982070251387,0.00995506502554885,1.276103942369928,0.8419230650274121
3945,2.128542442711032,0.00988558049275711,1.2758295359660168,0.8428273310466688
3946,2.1276641451582616,0.009936324662852044,1.2731212073442888,0.8446066105852321
3947,2.128280912126814,0.009946453570369251,1.272157573578309,0.8461768840040479
3948,2.1281288193196666,0.009938223577313582,1.2729255921986637,0.8452649983216305
3949,2.128134086423991,0.009917702055441178,1.2749802299908228,0.843236159001078
3950,2.1282070741361503,0.00990685450426322,1.2777799799734233,0.8405202396061956
3951,2.127886877984417,0.00990568773288812,1.2784798802161703,0.8395013094556575
3952,2.1276484375097313,0.009931702081266106,1.2780938768873409,0.8396228609644637
3953,2.127548778543667,0.009941190300623372,1.2768314103690945,0.8407761694825425
3954,2.128269680908748,0.009949454334469475,1.2761769702239913,0.842143256141215
3955,2.1284413885097115,0.009945194061123291,1.2750456053383497,0.8434505857983414
3956,2.128670018546435,0.009919383838696748,1.2743408655633732,0.8444097747608107
3957,2.1281633437896263,0.009928212415579021,1.2725840210914612,0.8456511032216403
3958,2.1276996719593906,0.009941966738551855,1.2733845662097543,0.844373131893119
3959,2.128082788720423,0.009916603204090985,1.2748311271472854,0.8433350662187654
3960,2.128233910823355,0.009947039771406931,1.2762275763920374,0.8420592999579956
3961,2.128439543198566,0.009915680453485372,1.2784820077370624,0.8400418530313336
3962,2.127991172732139,0.009945225816372097,1.2790052507604872,0.8390406865854653
3963,2.128278209238636,0.009910996760982943,1.2783716047296718,0.8399956086460425
3964,2.1282672590138962,0.009945601761835267,1.27649567139392,0.8418259863950768
3965,2.1279278032633724,0.009946896870411476,1.273801186863257,0.8441797008319777
3966,2.127903092880638,0.009923892627869333,1.2729920300902153,0.8449871707327512
3967,2.128077408488916,0.009919925564329843,1.2733247304449276,0.8448327460459301
3968,2.1277805311339244,0.009922872734617214,1.2742668043593972,0.8435908522532911
3969,2.1281452008656094,0.009936801300441124,1.2754974121950111,0.8427109919032272
3970,2.1285525231945273,0.009938542735857927,1.2762017694054817,0.8424122169309732
3971,2.128147548558761,0.009889773577831837,1.2777122940335954,0.8405454797404153
3972,2.1280842873514914,0.009897491747361362,1.2787003462411919,0.8394864533020525
3973,2.1277785228223216,0.009900808800011873,1.278143830445348,0.8397338867795711
3974,2.127718154264956,0.009900685803660629,1.277061558499628,0.8407559188044801
3975,2.127843606228731,0.00985092341386694,1.2745828914399049,0.8434097888518353
3976,2.127389030797141,0.009878453380447261,1.2725928152094081,0.8449177626444369
3977,2.1278560806293876,0.009914490679393009,1.2722254036640634,0.8457161799377325
3978,2.128056601602204,0.009930280046727585,1.2735864599140323,0.844539861898033
3979,2.128084035552278,0.009891877578077267,1.2752472740046832,0.8429448890442751
3980,2.1278658241641764,0.00991647492866127,1.2761580633873841,0.8417912837193937
3981,2.127685512815203,0.009947660017986687,1.2768974419759245,0.8408404035227639
3982,2.128528114484281,0.009956934665120681,1.2781866752371496,0.8403845113150927
3983,2.1286021787293103,0.009929287827060538,1.2795467218574212,0.8391261614707052
3984,2.128296364326866,0.009909672092418281,1.2775456230251157,0.8408410646477524
3985,2.128607288915284,0.009957384313361682,1.275939667103242,0.8427102404589556
3986,2.1280523368290494,0.009938890622852713,1.2741329955811402,0.8439804561892335
3987,2.12809580686141,0.009963770216444925,1.2728049931477528,0.8453270403706298
3988,2.128100853793475,0.0099301231331287,1.2735960605193157,0.8445746609751059
3989,2.1284493536365274,0.009949868383380224,1.2742091982948536,0.8442902866066718
3990,2.1286788339517555,0.009964200606265542,1.2750064244075698,0.8437081988976927
3991,2.1282356697685865,0.009950111577363342,1.2778030293328422,0.8404825250713193
3992,2.128490482057844,0.009959337444101669,1.2789912138666426,0.8395399326572612
3993,2.1280554399198417,0.00994819358979561,1.2787956960347233,0.8393115525951191
3994,2.1280699554754765,0.009974669128162215,1.277562929051263,0.8405323630693008
3995,2.128482152004631,0.00990656294802926,1.27645024231502,0.8421253492029346
3996,2.1283829382487705,0.009940700624518248,1.2738960993533233,0.8445461355910009
3997,2.127916980762871,0.009954155688839299,1.2730497474573097,0.8449130712115035
3998,2.1280318170177694,0.009956364999810348,1.2734669045526155,0.8446085370925008
3999,2.1279847171841837,0.009913774843954918,1.2742211818695068,0.8438497517181902
4000,2.1285033688253288,0.009947274607245107,1.275369045077538,0.8431870341300964
4001,2.1285794073221633,0.009954895781429142,1.2771797818796975,0.8414447395777216
4002,2.1282636255634073,0.009921528864651918,1.2790733071006075,0.839268799339022
4003,2.127973035890229,0.00992568332359803,1.2780787950875807,0.8399685596933171
4004,2.1281177450199515,0.009968955079283642,1.2778571856265166,0.8402916089612611
4005,2.128316112927028,0.009926595002868953,1.2770130220724611,0.8413764977333497
4006,2.12836840809608,0.009931129351144239,1.2748252159478712,0.8436120660329351
4007,2.128122315114858,0.009948879223773065,1.2726250613222316,0.8455483779615286
4008,2.128335578101022,0.009922078587304877,1.272915823727238,0.8454976683976699
4009,2.128013033039716,0.009926002719724665,1.273998380315547,0.844088652608346
4010,2.128117116130128,0.009934163467046253,1.2759628101271026,0.84222014126729
4011,2.127827000861265,0.009943043385461276,1.2767417455206111,0.8411422037348455
4012,2.1281160773063195,0.009937348086576986,1.278293637596831,0.839885089774521
4013,2.1285902760466753,0.009924322561531956,1.2788496339807705,0.8398163136170835
4014,2.127706374440874,0.009942244581536067,1.2774499977121547,0.8403141215747717
4015,2.1282690179591275,0.009944348106616917,1.2766271495089239,0.8416975143612647
4016,2.128469490275091,0.009944470575535479,1.2741487914202165,0.8443762304223313
4017,2.1277047578169377,0.009951843965646565,1.272867310412076,0.8448855928620513
4018,2.1280090687226276,0.009921534642653197,1.272772300608304,0.8453152270949617
4019,2.128528501306261,0.00995080206277115,1.2740137534482139,0.8445639516017875
4020,2.1279812345699387,0.009998601238832486,1.2751617230931107,0.8428208980025077
4021,2.1279383326063352,0.00991507123547549,1.2773071296361027,0.8407161363533565
4022,2.1285346795101554,0.009901749359785902,1.2790398847083657,0.839593054080496
4023,2.127740658059412,0.009921748951381567,1.2783378879634701,0.8394810186356915
4024,2.128019374244067,0.009910211389960379,1.2772569802342628,0.8408521842591616
4025,2.128017472977541,0.00991115551346875,1.2756509628831123,0.8424553554885241
4026,2.1278423107400233,0.009920028580010546,1.2743210251234016,0.8436012480940137
4027,2.128046440834902,0.00992889034238701,1.2737174502440862,0.8444000987374053
4028,2.128114013039336,0.009912028129459644,1.2737011222206815,0.8445008716412953
4029,2.1282164685580196,0.009928224641563637,1.2734258862174288,0.8448623513080635
4030,2.128132634016932,0.009905750407096075,1.2745403908953374,0.8436864903386758
4031,2.1282425778252736,0.009892744834211712,1.2767678468811268,0.8415819814010542
4032,2.128069455526313,0.009950627829423365,1.2781805578543215,0.8399382668490313
4033,2.127845193658556,0.009939222401768272,1.279051846387435,0.8388541112748944
4034,2.1280868831945927,0.009915402277885956,1.2779310430799211,0.8402404365490894
4035,2.1279529454756756,0.009924624153241818,1.2759896297844089,0.842038703208067
4036,2.128084284918649,0.00994207054300576,1.2747405907329248,0.8434016138923411
4037,2.1280978358521754,0.009922462430003345,1.2742211350372858,0.8439542377481655
4038,2.128426189325294,0.00988411953748793,1.2739713836689384,0.8445706893594898
4039,2.128299317797836,0.009953074185747882,1.2730470354459724,0.8452992065220463
4040,2.127941854146062,0.009942597381732598,1.2740134061599264,0.8439858498013749
4041,2.128578835604142,0.009917309232132167,1.2762727919889956,0.8423887330050371
4042,2.128122737213057,0.009932185546970186,1.277889038835253,0.8403015197539816
4043,2.128063512091734,0.00995840098024631,1.2792054937810313,0.8388996081692832
4044,2.128095715629811,0.00996391216711122,1.2782218961083158,0.8399099059859101
4045,2.1282773820721372,0.009900891730485827,1.277349585781292,0.8410269015905808
4046,2.128300062247685,0.009933514211668956,1.2750211504040931,0.8433454091451607
4047,2.128243569208651,0.009921529724699805,1.2744827294836238,0.8438393206012492
4048,2.1282212868028756,0.009953460470792286,1.273150737796511,0.8451170808806712
4049,2.128423700527269,0.009916457309558684,1.2730073186816002,0.8454999221222741
4050,2.1286288889086977,0.00995964907128744,1.2745695132382062,0.8440997266039556
4051,2.127952828699229,0.009954990400951736,1.2764146911854646,0.8415831354807835
4052,2.1280667368246586,0.009943642819832479,1.2784084622957268,0.8397146387367832
4053,2.128293520333816,0.009912501920812897,1.2792952267491087,0.8390857723294473
4054,2.1283145996989035,0.009942183960039092,1.2780484119240119,0.8403239904009566
4055,2.128263676653103,0.009920079090005281,1.2763079921809994,0.8420356074158026
4056,2.1280803656091494,0.009935657028108835,1.274230716788039,0.8439139906240969
4057,2.128109494034125,0.009895930228260706,1.2730641462364976,0.8451494139676191
4058,2.1278932058081335,0.009932643952494373,1.2729773387616994,0.8449832051992416
4059,2.128230956135964,0.009917530924918093,1.2732870426713203,0.8450263753837469
4060,2.1282010990746167,0.009908981155604124,1.275519836922081,0.8427722843325868
4061,2.1280422879725087,0.00990656408842425,1.278025979898414,0.8401097412012062
4062,2.1276874238130996,0.009919515535311431,1.2781104104859489,0.8396574918712888
4063,2.1276121784229667,0.00992791899194827,1.2775949866187817,0.8400892642687778
4064,2.128097576754434,0.009900133434340966,1.2778225030217851,0.8403749383833944
4065,2.1286032491800735,0.009915008528006017,1.2766515186854772,0.8420367350383681
4066,2.1281550599604238,0.009923535945578193,1.2740110651570924,0.8442204552037376
4067,2.12823386946503,0.009950064783155615,1.273413094330807,0.8448707202867586
4068,2.1279805351276786,0.009954523242896005,1.272348947670995,0.8456770750332852
4069,2.128391524966882,0.009952211424670353,1.2738764048839102,0.8445629000055547
4070,2.1282040768740127,0.00994854600510883,1.2758779367622064,0.842377595147308
4071,2.128325349214126,0.009916403791772164,1.2779966094055955,0.8404123223557765
4072,2.1280255159553216,0.0099640097944256,1.2786308788523382,0.8394306286865351
4073,2.1279807698969937,0.00995990555562383,1.2776166492578935,0.8404042033516631
4074,2.128440186685445,0.009946097439269021,1.277869690437706,0.840624389903886
4075,2.1288854333819174,0.009894683277614566,1.2770672902768971,0.8419234527617084
4076,2.12847393386218,0.009923421654242034,1.2740871456204628,0.8444633651144651
4077,2.1281591240240605,0.009973693182881998,1.2724565991333552,0.8457288407549566
4078,2.1278516151467146,0.009927692595033013,1.2726686244108238,0.845255298273904
4079,2.1281015398551006,0.009912930500256469,1.2743220171149896,0.843866585164654
4080,2.128187426498958,0.009912603054841866,1.2764539110417268,0.8418209169592176
4081,2.127767795202683,0.009937341985463793,1.2774848573061885,0.8403456043832156
4082,2.1280377336910794,0.009917523825959283,1.2780612196241106,0.8400589930159705
4083,2.12819905913606,0.009943815494640445,1.2779502862570238,0.8403049509744255
4084,2.1279710774519005,0.00989709196289127,1.277640314734712,0.8404336735910299
4085,2.1286263149611804,0.009935961651368713,1.2767503480522,0.8419400091682162
4086,2.128444338331417,0.009924230702715565,1.2750278437624172,0.8434922698200965
4087,2.127920177518105,0.009964926410656499,1.2727324129367361,0.845222824386188
4088,2.1281276965627867,0.009915046621950306,1.2723661679394391,0.8458464875513193
4089,2.1279659295568663,0.0099307974914507,1.2732817713095217,0.8447533584370905
4090,2.1284710606750177,0.009946791132037737,1.275553673505783,0.8429705917227025
4091,2.128435594694955,0.009913397572782576,1.27772518080108,0.8407970171193687
4092,2.127817323013228,0.009943682339270505,1.277913702385766,0.8399599304004591
4093,2.128326189761259,0.009944587717859112,1.2784621083006567,0.8399195038542455
4094,2.12820593313295,0.00994757467842832,1.2781384611616329,0.8401198998397711
4095,2.128461539745331,0.009946847743145665,1.2769631421079441,0.8415515416738938
4096,2.128275627992591,0.009937184981583637,1.2750385896283754,0.8432998511256004
4097,2.128132304366754,0.009938506875187159,1.2733089279155343,0.8448848690913648
4098,2.1279769381698297,0.009920919732171662,1.272607077749408,0.84544893612667
4099,2.1276922931476516,0.009924649332212855,1.2727513690384067,0.84501628395246
4100,2.1280397943087985,0.009929074948577553,1.2748028763702937,0.8433078427095803
4101,2.127556002869898,0.009889103610030547,1.2762348134906925,0.841432092141132
4102,2.1279280903388043,0.009886353970410265,1.277787974294351,0.8402537703514099
4103,2.1278272928023827,0.00987065387699677,1.2783374208576825,0.8396192144374458
4104,2.1279074160420164,0.00987130537515088,1.2778964845501646,0.8401396180293998
4105,2.127904031957899,0.009954597026451814,1.2765394151210785,0.8414100283870891
4106,2.1283475197091395,0.009842364777981932,1.2752668389252253,0.8432383111545018
4107,2.1281149484673323,0.009908394550676552,1.2727634858111947,0.8454430668937917
4108,2.1281279726904265,0.009908399036230177,1.2728044767769016,0.8454150797761216
4109,2.127993559350773,0.009974203234044264,1.2734706426153377,0.8445487159247301
4110,2.128123040101966,0.009951302696171463,1.2753014011042458,0.8428703406635596
4111,2.12800944824608,0.009969295449174789,1.2763685906419948,0.8416715455906731
4112,2.128528110835017,0.009980125561812702,1.27826581074267,0.8402821777426467
4113,2.128218961005308,0.009940313854805974,1.2783687455313546,0.8399098929093809
4114,2.1284322969767513,0.009933614466643455,1.2787410136388273,0.8397576754190483
4115,2.1283034037570565,0.009935639043129524,1.2772708930531327,0.8410968667998606
4116,2.128771649331463,0.009956499884779356,1.2756774139647582,0.8431377407847619
4117,2.1281272793302732,0.009947562081815332,1.2738847069594326,0.8442950038885584
4118,2.12817720491059,0.009915657925932688,1.2734019981355083,0.8448595538431284
4119,2.1278667839205996,0.009953824228284006,1.2730675364027217,0.844845425109474
4120,2.12823626216577,0.009969539655258462,1.274306325888147,0.84396037945942
4121,2.1283372737923445,0.009924421134423845,1.2758804699596094,0.8425323798948404
4122,2.1281840582283174,0.009941986087253508,1.2777122459849533,0.8405298338252671
4123,2.128342920420121,0.009920017579950544,1.2788837247965288,0.8395391885115175
4124,2.1280935674297567,0.009955921685513186,1.2781999549087213,0.8399376984761686
4125,2.1280347145333582,0.009931885594578117,1.2777917804766674,0.8403110425083005
4126,2.128201674441902,0.009871052373770853,1.2760093327687712,0.8423212885248418
4127,2.128112120287759,0.009957671859206594,1.2739927269974534,0.8441617279028406
4128,2.1282036827535045,0.009915848177078426,1.2737736361367362,0.8445141972327719
4129,2.1278541526015924,0.009939085986769321,1.2723588894824593,0.8455561730934649
4130,2.128120239900083,0.0099252742163989,1.273827565567834,0.8443673964665861
4131,2.1277035596419354,0.009947288306239916,1.2755314288090687,0.8422248330043287
4132,2.127903396985969,0.009949221042916179,1.277110532838471,0.8408436477184296
4133,2.1278931182257983,0.00991459220780858,1.278026139249607,0.839952394062159
4134,2.127757017709771,0.00992440853781086,1.2777408343188617,0.8400917886471262
4135,2.1283281968564403,0.009908415400898275,1.2779369378576473,0.8404828434696003
4136,2.12837484053203,0.009895405114381289,1.2772748214857919,0.8412046134471893
4137,2.128506145915207,0.009921475194812733,1.274622165426916,0.8439624993776789
4138,2.1281333942802583,0.009952819459520432,1.2723200521907028,0.8458605238369533
4139,2.128164141762013,0.00994889753186429,1.272256693669728,0.8459585540148676
4140,2.128141617288395,0.009927486691966044,1.2744223767397356,0.8437917472756639
4141,2.127708798768569,0.009934932435387555,1.2757402439506687,0.8420336304270492
4142,2.1280177551872876,0.009956198834757112,1.2772757976639026,0.8407857633975088
4143,2.128370933386744,0.009973416266468714,1.2782034515118113,0.8401940738668248
4144,2.1284178544063956,0.00993625669531068,1.279012527392835,0.8394690691208353
4145,2.1285984418830095,0.009918791579310688,1.2779682971993271,0.840711346390296
4146,2.128167755749761,0.009935588457108456,1.2760193992634208,0.8422127600227084
4147,2.128481675167473,0.009921740137078628,1.2743310928344727,0.8442288381712777
4148,2.1277117303439548,0.009935940672852556,1.2727328216543004,0.845042956118681
4149,2.1278701534076614,0.009922032035431084,1.273063646895545,0.8448844822693844
4150,2.127940134126313,0.009902867255732417,1.2736343352162107,0.8444029333031907
4151,2.1280490439765307,0.009961269938443996,1.2749967118915246,0.84309107703822
4152,2.1281620203232277,0.009886808883474797,1.27728314728153,0.8409920672372896
4153,2.1282873092865455,0.009939232342211264,1.2780293493854755,0.8403187339403191
4154,2.127731963079803,0.009939665478483146,1.2784610719096905,0.8393312266894749
4155,2.1281419566699435,0.009951038537927124,1.278121640487593,0.8400692815075115
4156,2.128373611946495,0.00997378026629437,1.2769711114922349,0.8414287065364876
4157,2.128017330656246,0.009958586855126279,1.2739410509868545,0.8441177031823567
4158,2.1283015499309617,0.00997938001908514,1.2733063874196033,0.8450157864361393
4159,2.1280658670834134,0.009922641624069336,1.2732099379811967,0.8449332762737664
4160,2.128523354627648,0.009953396323574136,1.2742634312230714,0.8443065224861612
4161,2.1281806765770424,0.009934747078436978,1.2754885456999954,0.8427573919904475
4162,2.128134085207569,0.009950327335343677,1.2769805235522134,0.8412032297679356
4163,2.1278107263603987,0.009949736672510602,1.2771962199892317,0.8406647592782974
4164,2.128179994164681,0.00994485755432017,1.2782903362293632,0.839944813628586
4165,2.1284020713397434,0.009908868717409822,1.2787990606561,0.8396941365636125
4166,2.1285917053417283,0.009919528474042915,1.2776442693204295,0.8410279072669088
4167,2.1284199843601304,0.009944538927960152,1.2745821220534188,0.8438933269709957
4168,2.127674967658763,0.009927483959769716,1.2727234637250706,0.8450240185674356
4169,2.1278268743534476,0.009933539404894928,1.2724410398882262,0.8454522922330973
4170,2.127816167412972,0.009968200760266306,1.2735873223567495,0.844260647892952
4171,2.1282234471671435,0.009917674386607749,1.275035134991821,0.8432706357265005
4172,2.128422570471861,0.009945946450972435,1.2765165226800101,0.8419600849857136
4173,2.1281383597120946,0.009924773654273274,1.2781981789335912,0.8400154101605318
4174,2.1280577377397187,0.009918490054123864,1.2785884689311593,0.8395507770533465
4175,2.127982649267936,0.009953988278854867,1.2782750847388287,0.839753578512036
4176,2.1282145271495896,0.009914831952096857,1.276940676022549,0.841359017454848
4177,2.1286859706956514,0.0099297441751221,1.2747496561128266,0.8440065888725982
4178,2.1280128615243092,0.009949470357019074,1.271714375335343,0.846349010053946
4179,2.1276396318357818,0.009951396983078852,1.272331204949593,0.8453570297177957
4180,2.1276413530719522,0.009933199985332939,1.2740843983329073,0.8436237382037299
4181,2.1280344104280275,0.009966823533747574,1.2762325588537722,0.8418350350491854
4182,2.127638583280602,0.009959408837579647,1.2769733971478987,0.8407057724436935
4183,2.127948667321886,0.00994932711865677,1.2777265182563238,0.8402728265037342
4184,2.1284478124307125,0.0099746026288794,1.2782294823198903,0.840243725752344
4185,2.127912677064234,0.00995265919125962,1.2776410695241422,0.8403189422524705
4186,2.1284098613018894,0.009917081385964945,1.2772171600740783,0.8412756275157539
4187,2.1283614234048494,0.009953149028920702,1.2749828799646727,0.8434253885429732
4188,2.128374912300888,0.00994322140111911,1.273574664884684,0.8448570215580414
4189,2.1284288338252475,0.009959933081907886,1.272468807745953,0.8460000896332215
4190,2.12836423090526,0.009975570372818989,1.27391253077254,0.8444761399711881
4191,2.1282151414423573,0.009923529958504498,1.2761657882709891,0.8421258245195661
4192,2.1281884774869804,0.009966224622057408,1.2765450605324336,0.8416771986046616
4193,2.1280370342488193,0.009937433117278377,1.2773044176247654,0.84079517332875
4194,2.1280901541515274,0.009910440405032464,1.2780331744223226,0.8401465455488283
4195,2.1281085257627526,0.00992711010978234,1.2779517763731432,0.8402296408098571
4196,2.1283160423745913,0.0099370990433179,1.2776774903949426,0.8407014602301072
4197,2.1283257554988473,0.009892669021703151,1.2759643732285013,0.842468723654747
4198,2.128014566947003,0.009909334749325501,1.273707535193891,0.8443976899190825
4199,2.127682918188523,0.009907415307754157,1.2722412250479873,0.845534297884727
4200,2.128065899926789,0.00990643834562174,1.272992157814454,0.845167302051369
4201,2.127951907868288,0.00990126017785194,1.2736561815349423,0.8443944609286834
4202,2.128371865165477,0.009961292903148095,1.2760946343139725,0.8423159356628146
4203,2.1281928614694245,0.009902936415936875,1.2783654034137726,0.83992452280862
4204,2.128055123650298,0.009945060359314084,1.2786476776307942,0.8394623864061979
4205,2.1277312441748015,0.009927741527481347,1.2778615726500142,0.839941934359317
4206,2.128356434861008,0.009935276763399645,1.2771533618167954,0.8412677910254927
4207,2.1283720500615178,0.009923850998700577,1.2755109509643243,0.8429372550881639
4208,2.1281192825765025,0.009903526812677785,1.2737270259127325,0.8444887332770289
4209,2.128219265110639,0.0099305054743071,1.2728036380544,0.8454851185788914
4210,2.128203185237184,0.009988601067654637,1.273426068680627,0.8447885154461374
4211,2.12815440309291,0.00993604128420049,1.2745149786375007,0.8437034001155775
4212,2.1283214578823166,0.009931347627496841,1.2765082735188154,0.8418818386841793
4213,2.128244728458171,0.009945003244531701,1.2782441371557665,0.8400555894691117
4214,2.1276873313650793,0.009957150660683306,1.278250468628747,0.8394797021637157
4215,2.1283071077599818,0.00995698143557018,1.2779380077002,0.840412113131309
4216,2.12831825869424,0.009925556050765574,1.2777892150440995,0.8406034893527323
4217,2.1282795582498824,0.009910068793070256,1.275868825766505,0.8425006559308694
4218,2.1285433769226074,0.009914554636545328,1.2741534016570266,0.8444754162005016
4219,2.1278456887420343,0.009925914120537286,1.2727258199331712,0.8451939462398996
4220,2.1278296198163713,0.009909996772375034,1.2727780354266265,0.8451415938990456
4221,2.127540163847865,0.009905375392955482,1.273964145962073,0.8436706598315921
4222,2.128270289119409,0.009897707662146007,1.276080272635635,0.8422923057663197
4223,2.128020696494044,0.009949538357821959,1.2770173166479384,0.8410538325504381
4224,2.1281303556597964,0.009934798515002643,1.2781672325669502,0.8400283160866523
4225,2.128228557353117,0.009942451919600064,1.2789131792224184,0.8393729371683938
4226,2.128500397108039,0.009956194648557171,1.2779870580653756,0.8405571516071048
4227,2.128493323618052,0.009958805806212584,1.2759233354305735,0.8426111775393389
4228,2.128047072157568,0.009948659498168498,1.273240562604398,0.8448578526779097
4229,2.127954507360653,0.009942730309023541,1.2730777464350875,0.8449340216359313
4230,2.1285314742399724,0.009975489651860327,1.2735336568890785,0.8450223319992727
4231,2.128352485140976,0.00996255898392018,1.2742082281988494,0.8441817079271589
4232,2.1286411723312066,0.00998100506768999,1.2760806016776027,0.8425795621409709
4233,2.128689922848526,0.009928822831003641,1.2787486588468358,0.8400124326652411
4234,2.128486522606441,0.009970501421627646,1.279338307526647,0.8391777106693813
4235,2.1277798487215627,0.00997664362230167,1.2778362729111497,0.8399669372913788
4236,2.1282661301749095,0.009918725018256478,1.277349311478284,0.8409980936926238
4237,2.1282645792377237,0.009909829276860977,1.2757928511317895,0.842561891188427
4238,2.128447865953251,0.009918352280154216,1.2734251052749401,0.8451044103320764
4239,2.1281932239629784,0.009910891036864142,1.2731489679034875,0.84513336693754
4240,2.1274322952542986,0.009930670760305864,1.2726657500072402,0.8448358682953582
4241,2.1277932719308503,0.009894980150940163,1.2743591130996237,0.8435391777632187
4242,2.127681061929586,0.009905163531324692,1.2754380252896522,0.8423378777747251
4243,2.128043812148425,0.009911279493410672,1.2781769067657238,0.8399556343044553
4244,2.127489311354501,0.009876960441850277,1.2776973217117542,0.8399150313771501
4245,2.1276350763379313,0.00989331852416603,1.2778475789391264,0.8398941879977986
4246,2.1278202618871416,0.009871848093877946,1.277126529995276,0.8408218908066653
4247,2.12779686037375,0.009892689653349166,1.275071892203117,0.8428322788403959
4248,2.1278831168096892,0.00987691775306451,1.2733476946548539,0.8446585028147211
4249,2.127723348384001,0.009890529959063445,1.272138360203529,0.8456944619514504
4250,2.1280861837523326,0.009911090116567758,1.27289814000227,0.845276956351436
4251,2.1281226021902904,0.009979575378250102,1.274527493180061,0.8436155337460187
4252,2.128187978754238,0.00993732447564906,1.276445400349948,0.8418052454992216
4253,2.1284614485137316,0.009975220247799036,1.278102071917787,0.8403841634185947
4254,2.128236855779375,0.009934489254136475,1.2790164211574866,0.8392859384113428
4255,2.1283286870742333,0.009919434448476044,1.2787319056841793,0.8396773496452643
4256,2.1287028765191836,0.009939248711631005,1.2766004016204757,0.8421632103165801
4257,2.1283037151609148,0.009979789097774394,1.2747832177853098,0.8435407223141923
4258,2.12810389484678,0.009955434090628917,1.2732680555509062,0.844880403608692
4259,2.12794393179368,0.009957343929124122,1.2732796103370434,0.8447069772044007
4260,2.128012467403801,0.009935648057001586,1.2738496077303985,0.8442272221555516
4261,2.1280809129987444,0.00994421999274316,1.2747910107885088,0.8433456794947994
4262,2.128402900939085,0.009977162772865623,1.2757610490127487,0.8426646967323459
4263,2.1286332935703043,0.009923508889707071,1.2783822575393988,0.8403275377896368
4264,2.1281569539284217,0.009939302771105146,1.2787559050686506,0.8394617517383731
4265,2.1282751815659657,0.009971374051873478,1.2783191520340589,0.8399846450406678
4266,2.127920324705085,0.009944918014261186,1.2770708483092639,0.8409045743090766
4267,2.128627594636411,0.009913821880496582,1.276239286880104,0.8424745004396049
4268,2.1285140952285455,0.009922927630381013,1.2738575698161612,0.8447335955439782
4269,2.1281377198744793,0.009944342319112348,1.2730315224248536,0.845161857349532
4270,2.1281606700955606,0.009924873595639152,1.2735736230198218,0.8446621672839535
4271,2.128159008464035,0.00994119022459704,1.2745073261309643,0.8437104967175698
4272,2.1281686376552194,0.00994404047081361,1.2761591089015105,0.8420654885014709
4273,2.1280712898896663,0.009946929761303626,1.2771801534964113,0.84094422781954
4274,2.127971661334135,0.009909775274406587,1.2786261907645635,0.8394357060291329
4275,2.1283141690857557,0.009906916693803303,1.2785667302657147,0.8398405283081288
4276,2.1280361061193505,0.009918975201910553,1.2771306092641792,0.8409865367777494
4277,2.1278826728159066,0.009925944735391103,1.2759478749061117,0.8420088467549305
4278,2.1283442365879917,0.009922426460044724,1.2743763139053268,0.8440454979332126
4279,2.128361226344595,0.009959054820961794,1.2731807840113738,0.8452213905295547
4280,2.128075363684674,0.009984915905004861,1.272791108914784,0.8452993427612343
4281,2.128242010972938,0.009924925493114457,1.274678222378906,0.8436388704849749
4282,2.1283977214170964,0.00992482634052178,1.275280891632547,0.8431919883100354
4283,2.128497933854862,0.009954055091746303,1.2766366996327225,0.8419071797813688
4284,2.1286162648882185,0.00995912084508003,1.2788995212438155,0.8397576276745115
4285,2.128341959447277,0.009954241427535914,1.2792260835365372,0.8391616353575064
4286,2.1283216342634086,0.009989565913090291,1.278311170485555,0.8400208956124832
4287,2.1283189788156625,0.009965129975913738,1.2764132971666298,0.841940558382443
4288,2.1281143706672045,0.009941668876883934,1.2742362490722112,0.8439364627915986
4289,2.1285741633298447,0.009944595434531873,1.2727712186015383,0.8458583528289989
4290,2.1278150920965233,0.009939597520445074,1.2723501142190428,0.8455253860780171
4291,2.1280463909616274,0.009917486767873776,1.2741975176091096,0.8439313738929982
4292,2.127904940624626,0.009922073260709947,1.2759280010145537,0.8420548615406971
4293,2.1274297602322636,0.009926243618662869,1.2768509181178347,0.840652597802026
4294,2.128029077636952,0.009925046902416008,1.278253904410771,0.839850123135411
4295,2.1281768497155635,0.009896078009196386,1.279128618386327,0.8391521527450911
4296,2.1280847666214924,0.009883915335510154,1.2764823558379192,0.8417184854648552
4297,2.1279506890141233,0.00996062939283343,1.2755775688862314,0.84241249457914
4298,2.1279199549130032,0.009942277054283388,1.2739757287259004,0.8440019305871458
4299,2.1279618764410215,0.009932721166738443,1.2731891876580763,0.8448399648982652
4300,2.1279159966780217,0.009927589146952544,1.272799585546766,0.8451888217609755
4301,2.128025641246718,0.009962982840227837,1.273733181612832,0.8443294772688223
4302,2.1283819894401397,0.009947329279681554,1.2754753304987538,0.84295932644484
4303,2.1281731785560143,0.009926893738839699,1.2769663759640284,0.8412799178337564
4304,2.1286607859086017,0.009926737956132511,1.2790739785651772,0.8396600573038568
4305,2.1278887488404097,0.009946802450458005,1.2788719364574976,0.8390700035557455
4306,2.128369114836868,0.009970161484136266,1.2777609782559531,0.8406379776341575
4307,2.128153459149964,0.009949813159752866,1.2755389913004271,0.8426646568945476
4308,2.1279598681294187,0.00994299064219302,1.273766394172396,0.8442504813476485
4309,2.1277263140191836,0.009934340684427594,1.2733075892438694,0.844484386395435
4310,2.1279600043686067,0.009930307069337186,1.274076130317182,0.8439535699328597
4311,2.128052149500166,0.009943462238285919,1.2741215192541784,0.8439871687061933
4312,2.128311888295777,0.009939274441792953,1.2747884417066768,0.8435841871767628
4313,2.1285531545171934,0.009943001480697065,1.2765663101965068,0.8420438425881522
4314,2.1280858224752,0.009909688362053462,1.2772568415622323,0.8409193027384427
4315,2.1277858067531974,0.00993044831200826,1.2786521498037844,0.8392032022987094
4316,2.127694471758239,0.009921634603025658,1.2781396544709498,0.839633184732223
4317,2.127645276030716,0.009893481553133045,1.2768302645002092,0.8409215239237766
4318,2.127781330322733,0.00990738732056046,1.2746642444814955,0.8432097121769068
4319,2.1276902227985617,0.00994168613486144,1.2731633770222566,0.844585161123957
4320,2.127954731182176,0.00990640458517841,1.272815643524637,0.8452326801358437
4321,2.1281315465362702,0.009949641710869511,1.2729454375043208,0.845236464118471
4322,2.128129519978348,0.009977873604820699,1.2743614656584603,0.8437901741387893
4323,2.1284248670753168,0.0099808285820621,1.276954504300137,0.841489524865637
4324,2.1283179399918537,0.009946459243834322,1.2788853967676357,0.839486092937236
4325,2.1280735500004826,0.009940732203956162,1.2788801831858498,0.8392526236723881
4326,2.128249425060895,0.009994732539112471,1.2776537671381114,0.8406009239201643
4327,2.1283542063771463,0.009947051821580651,1.2764368136318363,0.841970331510719
4328,2.1279463244944203,0.009952372705031718,1.2747883127660167,0.843205634124425
4329,2.128304769798201,0.00993170363505428,1.2741738916659842,0.8441991872933446
4330,2.1281626419145234,0.009912379485155855,1.2735435901855936,0.8447066715785435
4331,2.128171451237737,0.009909208992268053,1.2741512917742437,0.8441109514358093
4332,2.128526939421284,0.009939119614166568,1.2743484469092623,0.8442393571746593
4333,2.1284501540417575,0.009977408760816467,1.2753476585660661,0.8431250787511164
4334,2.128547804696219,0.009953668835211774,1.2772936979118659,0.8413004440312483
4335,2.1283475768809414,0.009925919014732448,1.2793414872519824,0.8390801813529463
4336,2.128275086685103,0.009947417774332725,1.2793306337327373,0.8389970337858006
4337,2.1279500321466096,0.009922824462647644,1.277230723171818,0.840796480069355
4338,2.127752313808519,0.009928030118688333,1.2743240193444856,0.8435002653574457
4339,2.128239960086589,0.009913540373993467,1.2737418729431775,0.8445845535215066
4340,2.1280969819244073,0.009896684404728668,1.273127304656165,0.8450729971637532
4341,2.127913830231647,0.009913480203902843,1.2727761159137803,0.8452242217501815
4342,2.12836039309599,0.009924426071383819,1.2750085324657208,0.8434274470319554
4343,2.1281105547535177,0.009911405920450176,1.2765908040562455,0.841608352502998
4344,2.1280175921868305,0.009947762786581809,1.277457874648425,0.8406119693298729
4345,2.1284123415849647,0.009959224274153916,1.2790198818761476,0.839433236389744
4346,2.128029643272867,0.009958436655602892,1.278551762201348,0.8395194389990398
4347,2.128714307230346,0.009928608503268689,1.2775500836421032,0.8412356130322631
4348,2.12833703050808,0.009936535536140507,1.2748192421027593,0.8435812537767449
4349,2.1278862259825884,0.00998021255019216,1.2729528078011103,0.8449531960852292
4350,2.128018229591603,0.009997946713880008,1.2731220223465745,0.8448982518546435
4351,2.1285024686735503,0.009921528327715944,1.2738187878715748,0.8447621479934576
4352,2.1282384359106725,0.009943522346605147,1.2751382656243382,0.8431566436679996
4353,2.1281395189616146,0.009924716910119263,1.2769507370433029,0.8412640563079289
4354,2.12819291255912,0.00995183108393483,1.2777820442404066,0.8404590329345392
4355,2.128037765318034,0.009942373992609126,1.2787281323452384,0.8393672637793482
4356,2.1282753944396973,0.009923923508815316,1.2784172551972526,0.8399342131249758
4357,2.1282420462491562,0.009921061901413664,1.276801460859727,0.8415195333714388
4358,2.127819163458688,0.009961022871869559,1.275011273062959,0.8428468606909927
4359,2.128163166192113,0.009945396072592358,1.2733735016414098,0.8448442719420608
4360,2.1279760720778484,0.00993398454857572,1.2726118534195179,0.8454302394268464
4361,2.127948039648484,0.009918483012184804,1.2736568177232936,0.8443727420300854
4362,2.1282329182235564,0.009966225168496674,1.2746042907238007,0.84366240398008
4363,2.128014847940328,0.00995875813770203,1.276019705801594,0.8420363789310261
4364,2.1284082531929016,0.00989628837405875,1.2781808668253374,0.8403310909563181
4365,2.127887630949215,0.009958583780811454,1.2779842286693806,0.8399448212312193
4366,2.127993711403438,0.009925944588090084,1.2784420434309511,0.8396257207709916
4367,2.1281780539726722,0.009941347841439503,1.2775436773592113,0.8406930203948703
4368,2.1282877155712674,0.009892772236952976,1.2757314370602977,0.8426634927793425
4369,2.1282563416325315,0.009935650955505517,1.2735433809611263,0.8447773170714475
4370,2.1281014364592883,0.009928891701357705,1.2722147490297044,0.8459577864530136
4371,2.1278761309020373,0.009926433679742776,1.273064258147259,0.8448854502366514
4372,2.1283843590288747,0.009923779647987413,1.2749016370092119,0.8435589522123337
4373,2.128302019469592,0.009912704697296935,1.2772552206808208,0.8411340874676801
4374,2.1281551195650685,0.009942048870749315,1.2784957040329368,0.8397173659533871
4375,2.1283974306924,0.00996663663726376,1.2791119716605361,0.8393188216248337
4376,2.1281659530133616,0.009930884304019262,1.2781040875279173,0.8401309793092766
4377,2.1284023401688557,0.009938615426535204,1.2760094136607891,0.8424543248755592
4378,2.1286802170227985,0.009942780244069136,1.2746715478751125,0.8440658836340418
4379,2.128213127048648,0.009918894476200245,1.272589634875862,0.8457045913959036
4380,2.128114086024615,0.009965933816583485,1.2728648058005743,0.84528335989738
4381,2.127999484539032,0.009948835290056102,1.2744037697509842,0.843646878794748
4382,2.127957352570125,0.009921481552514799,1.2757971694274826,0.8422386941252923
4383,2.128525918843795,0.009969482977627491,1.2774760899495106,0.8410803477983085
4384,2.1283731095644893,0.009962689525884937,1.2778653289590562,0.8405450941348562
4385,2.128303406189899,0.00995187680427061,1.2788019064737826,0.83954961172172
4386,2.1286922790566267,0.009894162221640652,1.2785945236682892,0.8402035911472476
4387,2.128126629761287,0.00995850633373674,1.2762407173915786,0.8419273948791076
4388,2.1280304959842136,0.009934249908986444,1.2746452293833908,0.8434510121540147
4389,2.1280535435190004,0.009933141435553529,1.2733309384511442,0.8447894703368751
4390,2.128240765357504,0.009943937721225073,1.2727981349643396,0.845498688975159
4391,2.12774068360426,0.009952777511991409,1.2731234309624653,0.8446644824378344
4392,2.1283112776522732,0.00990826764847247,1.2754936741322886,0.8429093446050372
4393,2.1279301874491634,0.009925984316600524,1.2763519390505187,0.841652267745563
4394,2.1280708617093613,0.009952916412101108,1.2779568026260453,0.8401611353061638
4395,2.1280098314187965,0.009981672141738996,1.2782314790754903,0.8397966839221059
4396,2.128219705455157,0.009966089485251173,1.278517491963445,0.83973613107691
4397,2.1282119969932403,0.009881497688629493,1.277114684484443,0.8412158151670378
4398,2.128216651021218,0.009918964624747026,1.2746506765180705,0.843647015033936
4399,2.1279918368981807,0.009926336869711474,1.2735759147575922,0.844489573520057
4400,2.1276521184006514,0.009957611066650371,1.2723631822333044,0.845331322173683
4401,2.128013033039716,0.009907600075500657,1.2736576935466455,0.8444477353168993
4402,2.1277984599677886,0.00995963630836685,1.2740844512472347,0.8437543642155978
4403,2.1283115014737968,0.009958847653957046,1.2759178889041045,0.8424347681658608
4404,2.1282604446216506,0.009898861214442521,1.278065140758242,0.8402964530550704
4405,2.1280726206545926,0.009875699972771868,1.27876778403107,0.8394291400909424
4406,2.127842876375938,0.009944243233042712,1.278278605670345,0.8396200349136275
4407,2.1279916033452873,0.009930751386231609,1.2766746531943887,0.8413861916989697
4408,2.1283669970473467,0.0099467020909473,1.2750637166354122,0.8433565859283719
4409,2.127820194983969,0.009938463967825686,1.2739684539181846,0.8439132787135183
4410,2.1285906677343407,0.009915933179269944,1.2733561153314552,0.845318615436554
4411,2.128102179692716,0.009934439148031632,1.2734105556595081,0.8447571716138295
4412,2.1281543264583664,0.009962262020313315,1.2745489429454415,0.8436431078886499
4413,2.128552566985695,0.009926901089635735,1.276056512886164,0.8425691602181415
4414,2.1282312955175127,0.009962587479539976,1.2779734536093108,0.840295252751331
4415,2.128508093405743,0.009938668383627522,1.2792605435361668,0.8393088752517894
4416,2.128023632935115,0.009943425356011306,1.278435570853097,0.8396446221337026
4417,2.1281773885902093,0.009935607278377426,1.2772879886383912,0.8409537964937638
4418,2.1284811411585127,0.00993978120956798,1.2752486114599266,0.8432927563482401
4419,2.128477005326018,0.009950763683728114,1.2734530227524894,0.8450732161195911
4420,2.128122249428107,0.009967033499471692,1.2725404367154958,0.845614780880967
4421,2.1281079005221932,0.009917734048272274,1.273533898348711,0.8446562582132767
4422,2.1284244741712297,0.00994174228030808,1.2750501377241952,0.8434325842833033
4423,2.128130090479948,0.00993515851869419,1.2767376066470633,0.8414573261932451
4424,2.1282279345454,0.009964067550680163,1.2780454481134609,0.8402184205395835
4425,2.128080893536003,0.009954602533609283,1.2788693369651327,0.8392569422721863
4426,2.128286785008956,0.009927163998197232,1.278699978273742,0.8396596364220794
4427,2.128152205019581,0.009933733533383633,1.2762480317329874,0.8419704461584285
4428,2.1282430716923306,0.00995602636902156,1.2737393421786172,0.8445477050786115
4429,2.1278168924000798,0.009970607611407735,1.2731742828476185,0.8446720126940279
4430,2.1279125797505283,0.009908228357113441,1.273323770080294,0.8446805738672918
4431,2.1281547290938243,0.00994418148065404,1.2743680726508706,0.8438424735653157
4432,2.128305515464471,0.009895828733106658,1.27548728913677,0.8429224083618242
4433,2.128506744394497,0.009981988012144456,1.276047302752125,0.8424774557352066
4434,2.128054066580169,0.009950432883651585,1.2774783786462278,0.8406252562999725
4435,2.128395007581127,0.009938093192153136,1.2788206217240314,0.8396362878230154
4436,2.128541957358925,0.009941258724322733,1.2790593030501385,0.8395414060475875
4437,2.1281029338739357,0.00993966101668775,1.277220402445112,0.8409428696851341
4438,2.128441594084915,0.009912876412272453,1.2753987044704205,0.8431300146847355
4439,2.1281073835431314,0.009924397713561751,1.2734101931659543,0.8447728032360271
4440,2.1280650910066097,0.009917350547692301,1.2725010064183448,0.8456467399183585
4441,2.1280152907176895,0.009983398134306985,1.2731983023030418,0.8448335780781142
4442,2.128246730687667,0.009988154317917568,1.2751170335983744,0.8431415360192863
4443,2.1279988860597414,0.009947915019809591,1.2765082996718737,0.8415426694008769
4444,2.1282170463581473,0.009941482773924969,1.2778110516314605,0.8404645080469093
4445,2.128355233036742,0.009955228301601447,1.27893039705802,0.8394696092119023
4446,2.128014039020149,0.009959866083702263,1.2779469915798731,0.8401071806343234
4447,2.1280819785838223,0.009939164070564568,1.2770220679896218,0.8411207466709371
4448,2.12837546577259,0.009892606756136733,1.276301497099351,0.8421813629719676
4449,2.128196650621842,0.00994732452328412,1.274079897574016,0.8441694384934951
4450,2.127822273848008,0.00994609902156707,1.2731895191328866,0.8446866611436922
4451,2.12824917204526,0.009909114111404943,1.2732242759393186,0.8451157808303833
4452,2.1279421813633976,0.009923469279987775,1.2736378938567883,0.844380799604922
4453,2.128030854828504,0.009964715675165763,1.2750867215954527,0.8429794156429719
4454,2.127805139337267,0.00995192586501338,1.276788172673206,0.8410650342702866
4455,2.1281591033448977,0.00992173237288941,1.2783391658140688,0.8398982094866889
4456,2.1278668496073507,0.009918463449659092,1.2785682812029002,0.83938010645156
4457,2.1282289514736252,0.009924837079241263,1.2777976211236448,0.8405064715414631
4458,2.127841445864463,0.00994481394371512,1.2757265975280685,0.8421700405223029
4459,2.1281756503241405,0.009928381498142774,1.2743435167536443,0.8439037617372007
4460,2.128491456411323,0.009966317773321453,1.2737727785597042,0.8447523676619237
4461,2.1282638980417836,0.009985815757429418,1.2722294202872686,0.8460486722843987
4462,2.128320420274929,0.009942887959127523,1.2742563048187567,0.8441212381027183
4463,2.1279874565650005,0.009884387739382836,1.2759519420108016,0.8421511120942174
4464,2.1283278489599424,0.00996785049269698,1.2777350684817956,0.8406249239128463
4465,2.1280118908200945,0.009974556746987663,1.2781056421143668,0.8399316759742036
4466,2.1282100519355462,0.009908958376214212,1.2786438002878306,0.8396572917699814
4467,2.128422287045693,0.009943756954364327,1.2780069325651442,0.8404715845779497
4468,2.128216338400938,0.009953462485490101,1.2763252313039741,0.8419376465739036
4469,2.128917652733472,0.009948734607433483,1.2749672635477416,0.8440016489856097
4470,2.1285562174660817,0.009938916120184015,1.2725344348926932,0.846082870753444
4471,2.1276221664584414,0.009920893360537534,1.2719329492169984,0.8457683133227485
4472,2.127576301292497,0.009940059180846629,1.2739736401304906,0.8436626028649661
4473,2.128120496564982,0.009933991742567445,1.2763488840083688,0.8418376202486
4474,2.127732481275286,0.009908744395349403,1.2775836051726828,0.8402401275780736
4475,2.1278015046703573,0.00992448724882335,1.2780209481716156,0.8398560690028327
4476,2.1278991066679662,0.009922756181497659,1.2777660434343376,0.8402103103545248
4477,2.128462572487033,0.009949954445188751,1.2774700510258576,0.8410425760916301
4478,2.1283880277555816,0.009904893908687696,1.2768744735085233,0.8416086547836965
4479,2.1283982432618433,0.009960418338982426,1.274614295180963,0.8438235208088037
4480,2.128025748291794,0.009927433939194498,1.273336072965544,0.8447622446989527
4481,2.1284253244497338,0.009949893524338092,1.2724314271187296,0.8460439990977852
4482,2.1282854773560347,0.009938159144996685,1.2735180939946855,0.8448292257226243
4483,2.1282972255531623,0.009937146868632764,1.276295720314493,0.8420643599665895
4484,2.127876816963663,0.0099524637845782,1.2775664372103555,0.8403579255147856
4485,2.1280369028753165,0.009931542159875437,1.2785425605822582,0.8395628028986405
4486,2.127709290202783,0.009905151362359827,1.278189326427421,0.8396148055183644
4487,2.1280905178615024,0.009924670790645237,1.2772447399947109,0.8409211091241058
4488,2.128318213686651,0.00991483606702211,1.2758790072129698,0.8425243651988555
4489,2.1281073652968114,0.009896965345785933,1.2737413924567553,0.8444690035313976
4490,2.12775285754885,0.009906403387763671,1.2725738402532072,0.8452726152478433
4491,2.127980026663566,0.00993527305711593,1.273164275349403,0.8448804759857605
4492,2.128265378426532,0.009934311651871825,1.2739730179309845,0.8443580522220961
4493,2.128369629383087,0.009955677013768226,1.276269723566211,0.8421442314070098
4494,2.128283293879762,0.00994134918615526,1.2783056600969664,0.8400363034131576
4495,2.1279827490144845,0.009932899994927705,1.2781724796003224,0.839877365803232
4496,2.127999893256596,0.009943366753963791,1.2778056263923645,0.8402508986847741
4497,2.128161302634648,0.009947058725721982,1.2779123728372612,0.840301870691533
4498,2.12848733152662,0.009947191505711906,1.2763416432604497,0.8421985047812365
4499,2.128436566615591,0.009939200834048038,1.27421528648357,0.8442820794120127
4500,2.1281259120727074,0.009960197154622602,1.273020820350063,0.8451448879679855
4501,2.1282687308836956,0.009937617818501835,1.2730233657116792,0.8453077613090982
4502,2.128370985692861,0.009967564120508579,1.2741256526538305,0.8442777702394797
4503,2.1282281413370248,0.009974726323722576,1.2757748845888643,0.8424785441281845
4504,2.1282736537407856,0.009944656265101262,1.2780595622500595,0.8402694512386711
4505,2.128302257888171,0.009952035048330317,1.2788965556086327,0.8394536667940568
4506,2.128558790197178,0.009927307469390181,1.2789846743856157,0.8396468138208195
4507,2.128255772347353,0.009946001522547128,1.2773845876966203,0.8409251844396397
4508,2.127401816601656,0.009968096837021259,1.2747078014879811,0.8427259180010581
4509,2.1279777081645266,0.009916204232152323,1.2738763580516892,0.8441851543528693
4510,2.128239419995522,0.009933652422790016,1.2737073965218602,0.844598364769196
4511,2.1279616307239144,0.009930459478375862,1.2727894570146288,0.8452417105436325
4512,2.1280504830029545,0.009979015102191848,1.2741880836535473,0.8438833882005847
4513,2.1280407954235465,0.009945544514006801,1.275395015064551,0.8427002426921105
4514,2.128282984908746,0.009933129428144621,1.276835256085104,0.8415146099061382
4515,2.127940078170932,0.009946558472453331,1.278146198817662,0.8398473156349999
4516,2.1281195063980256,0.009983675654179283,1.2785088164465768,0.8396270180843315
4517,2.12800870257981,0.009936918057881447,1.2782556329454695,0.8398161527453637
4518,2.1284638399980507,0.009961090578070405,1.276135843627307,0.842366911014732
4519,2.1281047609387613,0.00996075871362522,1.274517656589041,0.8436263389125163
4520,2.1279904599092445,0.009951063583852077,1.2729647713048118,0.8450746195656913
4521,2.127802603098811,0.009941408619740787,1.2728157663831905,0.8450454251498593
4522,2.1286382845469882,0.009956136208065614,1.2740529824276359,0.8446291606036984
4523,2.1283130949857285,0.00995890421279687,1.2751320691741244,0.8432221157210213
4524,2.1285111867651647,0.009986562592604635,1.277443992848299,0.8410806330491085
4525,2.128688671150986,0.009919410718756974,1.2791781601857166,0.8395911090228022
4526,2.128109622974785,0.009951139116013537,1.2791252215297855,0.839033263374348
4527,2.128045383764773,0.009975026632488077,1.2776888274416631,0.8403815195268515
4528,2.1286054849624634,0.009966227691620588,1.2761128417083196,0.8425264145646777
4529,2.1283206209844474,0.009933430041015451,1.2741616356129548,0.8442255541378137
4530,2.128001950225052,0.009935440148740095,1.272897636403843,0.8451688715389797
4531,2.1279993592476356,0.009916353410071865,1.2732156557696206,0.8448673450216955
4532,2.1281379704572716,0.009921001108857443,1.2738998514048907,0.844317119036402
4533,2.1281778994871647,0.009911487629751161,1.2751855527868077,0.843080854841641
4534,2.1280509282131583,0.009919080146759445,1.2777595501773211,0.8403722878013339
4535,2.1277595478661206,0.009897036406648706,1.2788903415203094,0.8389721743914546
4536,2.127993938874225,0.00985560319101324,1.2783935471456878,0.839744797166513
4537,2.128029632325075,0.009927599225193262,1.2770415009284506,0.8410605414181339
4538,2.12797888930963,0.00992776413581201,1.2755225647468955,0.8425285411732537
4539,2.1280951536431605,0.009974743054267399,1.2740435734087108,0.8440768438942579
4540,2.1279826395365657,0.009939792499478375,1.2733917917524065,0.8446510549710722
4541,2.128311287383644,0.009934649379847914,1.273006231809149,0.8453704057907572
4542,2.1286440114585723,0.009987335884943604,1.2739841445368163,0.844672537275723
4543,2.1285485965865,0.009971312579831906,1.2762756791650032,0.8423016229454352
4544,2.1281238928133126,0.00996105015581968,1.2781914594222088,0.8399713738840453
4545,2.12785841980759,0.009959193920640617,1.2786920356507203,0.8392071994591732
4546,2.128271244010147,0.009946752695974951,1.2784923162995552,0.8398321736223844
4547,2.128001891836828,0.009931473356044414,1.27710836943315,0.840962041397484
4548,2.1283130779558297,0.009938227364375276,1.2754632076438592,0.8429116351263863
4549,2.1284441351890564,0.009965040516678472,1.2740121264846958,0.844466969370842
4550,2.128297670763366,0.009945350005386435,1.2727877747039407,0.8455645518035305
4551,2.1282765524727956,0.009935124240321468,1.27335540190035,0.8449860282090246
4552,2.1280658549192,0.009938542636073366,1.274568874617012,0.8435584467892744
4553,2.127790632296582,0.009944081206672959,1.2760718312798713,0.8417747239677273
4554,2.1287091264919358,0.009887915451497751,1.2779284052702846,0.840892813947736
4555,2.127757265859721,0.00994190966178264,1.2777893993319298,0.8400259668729744
4556,2.1277831330591317,0.009855791199382166,1.2782933505213991,0.8396339893949275
4557,2.12752213283461,0.009917578075499254,1.2765021184269263,0.8411024352725671
4558,2.127880187667146,0.009897656805281128,1.276256151953522,0.8417263809515505
4559,2.1276076776640758,0.009862952713607525,1.2744683951747662,0.8432763234084967
4560,2.1278033597128734,0.009857691401539713,1.2726268658832627,0.8453188128009135
4561,2.127473246078102,0.009863866564380576,1.27185473575884,0.8457546434840377
4562,2.1275558264888064,0.009899046994289574,1.2731589455993808,0.8444978336290437
4563,2.1275375363778095,0.00987908107285597,1.274639188635106,0.8430192573946349
4564,2.1274023372299817,0.00982515925864632,1.276533339704786,0.8410438432985422
4565,2.1276006309353575,0.009852199705925827,1.2780039985569156,0.8397444203800085
4566,2.1277418696150487,0.009915751490589916,1.2783458980978752,0.8394802252248842
4567,2.1276472150063026,0.009894070780969091,1.277195259624598,0.8405578772024233
4568,2.1279929985805435,0.009963349895361734,1.2755930448064998,0.8424365952306864
4569,2.1287205742329967,0.009912935266157195,1.2751620010453828,0.8436456575077407
4570,2.128113340358345,0.009906444812611657,1.2746066925477009,0.8436001971059915
4571,2.128343942214032,0.009998439131684753,1.2732380500861578,0.8451074471279066
4572,2.1284251468522206,0.009967235653490131,1.2737335234272236,0.844724394533099
4573,2.1287486845133254,0.009970737787495767,1.274644274492653,0.844133664758838
4574,2.128620759565003,0.009932888624239333,1.2764713265457932,0.8422165540408115
4575,2.1286849634987965,0.009958379193950368,1.2788538026566407,0.8398727789825323
4576,2.12855193687945,0.009923157491246047,1.279817735054055,0.8388110481354655
4577,2.128420813959472,0.009927054985939545,1.2786153554916382,0.8398784006736717
4578,2.128533752597108,0.009922156376498086,1.2765859030947393,0.8420256902368701
4579,2.128141183025983,0.009937345900819922,1.2747417518070765,0.8434620897988884
4580,2.128152212318109,0.009955926118798706,1.2734091409615107,0.8447871433228863
4581,2.127924458104737,0.009925414446969422,1.273118684486467,0.8448803692447896
4582,2.128203283767311,0.009927467851690491,1.2739218588994474,0.8443539504493985
4583,2.1284857964029116,0.009933932323236855,1.275394426316631,0.8431574340377536
4584,2.12827205657959,0.009930199073931696,1.2763130549265413,0.842028793023557
4585,2.1282818803981858,0.009932378145428945,1.2772884727740774,0.8410610264661361
4586,2.1284161562822304,0.00991618105837581,1.2792836287800147,0.8392163363038277
4587,2.128020465373993,0.00990478069597513,1.2784488468754047,0.8396668415896746
4588,2.128030405969036,0.009934659372559008,1.2768420199958646,0.8412537304114323
4589,2.1278538509291045,0.009918995714765422,1.2754942269957796,0.8424406237139994
4590,2.1280955477636687,0.009902900336690399,1.2739850428639625,0.8442076088822618
4591,2.128120469803713,0.009954994073973931,1.2725574520169471,0.8456080285262089
4592,2.1279117416362374,0.009944310630386581,1.2734267620407804,0.8445406738592653
4593,2.128280438938919,0.009933341793449861,1.2743747246508697,0.8439723730695491
4594,2.128538817775493,0.009920511912668541,1.276201417251509,0.8424168946791668
4595,2.1282723375729153,0.009942644118920577,1.278173648581213,0.8401560418459834
4596,2.1279661655426025,0.009948593169944932,1.2791012203206822,0.838916365285309
4597,2.128770656731664,0.009953677378670901,1.2789628676005773,0.8398541172548216
4598,2.128223705048464,0.009962447462793516,1.2762140881042092,0.8420471585526759
4599,2.1279773456709727,0.009962453967796601,1.2751421058664516,0.8428727826293634
4600,2.128036130447777,0.00992171721989099,1.2742199988997713,0.8438943971176537
4601,2.1281033705691903,0.009977093318059129,1.2730980333016844,0.8450282520177413
4602,2.1280378553332113,0.009955060910623597,1.2733495661190577,0.8447332138917885
4603,2.128204568308227,0.009931248888297349,1.2740180583632723,0.8442552624916544
4604,2.1282994479549173,0.00992895693670274,1.2761219879802392,0.8422485045632537
4605,2.128347409014799,0.009927870472893119,1.2782415638164597,0.8401779751388394
4606,2.1277230637414113,0.009946088116539985,1.278514677164506,0.8392623085148481
4607,2.1279531936256255,0.009938305961348268,1.2781712978470081,0.8398435876077536
4608,2.1282863325002244,0.009899238723197154,1.277213592310341,0.8411735004308273
4609,2.1285772822341142,0.009942894587673399,1.2748400721014763,0.8437943151410745
4610,2.1281514228606713,0.009926103155261703,1.2735650472495021,0.8446602775734298
4611,2.1278291210836295,0.009952921463100582,1.2727413341707112,0.8451348564454487
4612,2.127595354099663,0.009924221199423986,1.2729035232748305,0.8447676042512972
4613,2.1282608058987833,0.009982463884718564,1.2746676139685573,0.8436107322269556
4614,2.128406992980412,0.009954301958751618,1.2763027019646702,0.842149975348492
4615,2.128301296915327,0.009950536721367009,1.2777574609737008,0.8405932866188944
4616,2.1284531999607474,0.009971452900683698,1.2792430489647144,0.8392387029467797
4617,2.1283661467688426,0.009931273435299494,1.2787331975236231,0.8397016783758086
4618,2.128118633007517,0.009930505726144326,1.2768160639976969,0.8413720556667873
4619,2.1282152983607077,0.009956338708954198,1.2746021705014365,0.8436567853299939
4620,2.1278179725822137,0.009920798308615173,1.2731733845204722,0.8447237939250712
4621,2.1278847845233217,0.009920444534331257,1.2729279867240362,0.8450363342251096
4622,2.1278469428724174,0.00989966769227568,1.2737974998902302,0.8441497823413537
4623,2.128278857591201,0.009939970871509642,1.2746539888333301,0.8436848968267441
4624,2.1281907181350554,0.009928030864696721,1.275536126628214,0.8427265663536228
4625,2.1281905867615523,0.00992217603880836,1.27722410888088,0.8410443028016966
4626,2.128250015025236,0.009915427224026347,1.278691218215592,0.839643374693637
4627,2.127922569002424,0.00992494980728596,1.2785008713907124,0.8394967399689616
4628,2.127803702743686,0.009936245894819801,1.2774191669055395,0.8404482831152118
4629,2.128132856622034,0.009940046893090618,1.2756837892289064,0.8425090133535619
4630,2.1281423751188786,0.009876212699110714,1.2749664382058747,0.8432997273547309
4631,2.127954279889866,0.009992636474115508,1.2734018412171577,0.844559804821501
4632,2.1283555566048133,0.009983734959470374,1.2734840007460848,0.8448878204335972
4633,2.128486072530552,0.009971954579446085,1.2739771598455858,0.8445369546510735
4634,2.128229396683829,0.009939555781988465,1.2744636146389707,0.8438262303872984
4635,2.1285978348887697,0.009985599989945792,1.2774607332385317,0.8411514953691133
4636,2.1282892665084527,0.010007086751640451,1.278944185193704,0.8393379936412889
4637,2.1279045027129504,0.009940361223962843,1.2786916628175853,0.8392724866161541
4638,2.127829432487488,0.009954670990570163,1.27734040970705,0.8405343555674261
4639,2.1283170666013445,0.009910302041858738,1.2764182109005597,0.8419885443789619
4640,2.1279168931805357,0.009940394029325368,1.2749639968482815,0.8430125092973515
4641,2.127952523377477,0.009906887932091343,1.2736476434736836,0.8443979900710437
4642,2.127864900900393,0.009908935668098987,1.2726151073465541,0.8453408522265298
4643,2.127530034707517,0.009863473332430027,1.2732123586596276,0.8444542039413842
4644,2.1276029810613517,0.00988252900483809,1.274427400559795,0.8432930525468321
4645,2.1277182345487633,0.009944030934260512,1.2753634738678834,0.8424107368503299
4646,2.127900480007639,0.009901132762470111,1.2768061240108646,0.8411932237902466
4647,2.1280854660637525,0.009913529654280568,1.2780491277879598,0.8401228110400998
4648,2.128095803212146,0.009949962603764571,1.2785144119846577,0.8396314318690982
4649,2.1283203570210203,0.009894086214314615,1.2779415602586708,0.8404847219282267
4650,2.1282554901376063,0.009959742821258853,1.2755349740690114,0.8427607730335119
4651,2.1281557362906787,0.00999172634388111,1.2736603599421832,0.8445036472106466
4652,2.1281032890689615,0.009943630047408598,1.2727024634273685,0.845457202925974
4653,2.1281608136332766,0.009971549150020796,1.273118304354804,0.8450709575293015
4654,2.12830075682426,0.009953844346752276,1.2747406661510468,0.8436062481938577
4655,2.128131952820992,0.009950095668853241,1.275999986395544,0.8421818693073428
4656,2.12832227045176,0.00994209705718926,1.2779237755707331,0.8404564024234304
4657,2.12844263899083,0.009962181085530592,1.279402302235973,0.8390781654387104
4658,2.1282225932393755,0.009950775063919778,1.2787995599970525,0.8394722649637534
4659,2.128488692702079,0.009963694023804702,1.2767184735560904,0.8418065273031896
4660,2.1280978370685966,0.00996653525614921,1.2746855841607463,0.843445713118631
4661,2.127910470475956,0.009973784979926993,1.2735930735967598,0.8443435999203701
4662,2.1283175543862947,0.00997672923270385,1.2737570374595875,0.844583771666702
4663,2.128205599833508,0.009923508585601742,1.273791110029026,0.8444909903467918
4664,2.12839438477341,0.009975791238818546,1.2738919732521992,0.8445266235847863
4665,2.128623355408104,0.0099464145878672,1.2765969488085533,0.8420799915887871
4666,2.127619705638107,0.009919482915263091,1.2773059965396414,0.8403942220065058
4667,2.1280718384956825,0.009947059519246829,1.2790033075274254,0.8391214815937743
4668,2.127868944284867,0.009923781900267516,1.2785994994397065,0.8393456619613024
4669,2.128226417668012,0.009930524742230773,1.2768310904502869,0.8414647977571098
4670,2.1280732580593655,0.009917232488301031,1.274595589053874,0.8435604292519239
4671,2.12841767437604,0.009978620055112608,1.273187914673163,0.8452511460197215
4672,2.1280090711554704,0.0099660982567893,1.2729587670491667,0.8450842192586587
4673,2.128281358553439,0.009982803617889176,1.2737359696505022,0.8445625840401163
4674,2.1283158440979157,0.009955941975040704,1.2753039799174484,0.8430559169881198
4675,2.128200298669387,0.009949052492536756,1.2768806231265166,0.8413706148157314
4676,2.12841143535108,0.009941186603842949,1.2779863184812117,0.8404839273009982
4677,2.128403364395609,0.009951836752648257,1.278767746322009,0.8396837808647934
4678,2.1283164851519527,0.009940912134527248,1.2784517012080368,0.8399238662452114
4679,2.1282718132953256,0.00993641510567799,1.2775072102644005,0.8408281824418476
4680,2.1283948543120403,0.009927500286424647,1.2754385933584096,0.8430287673765299
4681,2.128011317885652,0.009935155672458361,1.2725738311300472,0.8455023248584903
4682,2.127652585506439,0.009958176674055201,1.2718150560953179,0.8458793570800703
4683,2.1279512412694035,0.009924567228525269,1.273199559474478,0.8448271143193148
4684,2.1279868593021316,0.00991236626607727,1.2755132323625136,0.8425612501343902
4685,2.1281931497612776,0.009928509735559322,1.2775821345193046,0.8406825117310699
4686,2.1282162958261917,0.009925760803934263,1.2782476009154806,0.8400429304765196
4687,2.127922750249201,0.009968185554999781,1.2781138055178585,0.839840753954284
4688,2.1278280992897187,0.009930793927716357,1.277189159879879,0.8407081356462167
4689,2.128270070163571,0.009949677276938242,1.2768949124277855,0.8414254903185124
4690,2.1282686457342033,0.009903092545514204,1.2756817492903496,0.8426838103605776
4691,2.1284418446677074,0.009934618774497387,1.274461411091746,0.8440458056878071
4692,2.128524086913284,0.009948704971418696,1.273367390948899,0.8452079959061681
4693,2.128423196928842,0.009938859485317858,1.2725122534498876,0.8459720778830198
4694,2.128202985744087,0.009948990022649571,1.2740575342762226,0.8441964451755796
4695,2.128155913888192,0.009939427715631164,1.2766769151298367,0.8415395790825084
4696,2.127915699871219,0.009956304782203265,1.2779740405325988,0.8399853560389304
4697,2.128422890390669,0.00992305070275859,1.278910608924165,0.8395892208328053
4698,2.1282617096998253,0.009934934735184118,1.2782245381754271,0.8401022322323858
4699,2.128137785561231,0.009954694406680611,1.276645456649819,0.841537636153552
4700,2.1282894733000775,0.009940197178143628,1.2752238846555048,0.8431253892426588
4701,2.1279371867374497,0.009948129927245329,1.2737268300688998,0.8442622356268824
4702,2.128509523917218,0.009976416888019564,1.2740759052792374,0.8444572021158374
4703,2.128719764096396,0.009942733601914073,1.2730295627701038,0.8457474751131875
4704,2.12867500100817,0.009950536056136598,1.2751183144900264,0.8436061347625694
4705,2.1282340446297003,0.009925996908461866,1.276128879007028,0.8421791661150602
4706,2.1279779757772173,0.009959690082742244,1.2777119589095214,0.8403063352618899
4707,2.1277929507956213,0.009934029508648174,1.2791364861994374,0.8387224382283737
4708,2.1278753110340665,0.009919034930098117,1.2783359362154592,0.8396203517913818
4709,2.1281504910819384,0.009934914288852287,1.2765741348266602,0.8416414440286403
4710,2.12823621594176,0.009954286482641283,1.2749104007166259,0.8433715235822055
4711,2.128085838288677,0.00991883987979013,1.2731543189408827,0.8450126824330311
4712,2.128156413837355,0.00994951894734891,1.2727205072130476,0.8454863797036969
4713,2.128053627452072,0.009967382027938659,1.2731509129611813,0.8449353374996964
4714,2.128113423074995,0.009932762791155552,1.2752414826227694,0.8429391703435353
4715,2.12792060569841,0.009923420390304255,1.2774010884518525,0.8405960986808855
4716,2.1278740873142166,0.009914550868490217,1.278638209615435,0.8393213268445463
4717,2.127944622720991,0.00990776249625701,1.2788512341830196,0.8391856140628153
4718,2.1277712133465982,0.009930340687231141,1.2767396350296176,0.8411012486535676
4719,2.1280901371216285,0.009917943800172331,1.275177304842034,0.8429948927796617
4720,2.1279075230870927,0.009915958652843018,1.274283045408677,0.8437085224657642
4721,2.1283965439212564,0.009964998887509716,1.2734704631931928,0.8449610839692914
4722,2.1285093913272934,0.00993664882963105,1.2729754812863407,0.8455972668467736
4723,2.1286537720232594,0.009979976526442535,1.2740681803956324,0.8446056213305921
4724,2.128263073308127,0.009955197107046843,1.2762564773462257,0.8420513944358242
4725,2.12838167681986,0.009956228656086082,1.2779572885863635,0.8404681591355071
4726,2.1275386031793087,0.009956397961977184,1.278374230983306,0.8392079797934513
4727,2.1282051217799283,0.009976507411623488,1.2787123675249061,0.8395162361616991
4728,2.128659324986594,0.009924218300920057,1.2775425211507447,0.8411925879060006
4729,2.128186199129844,0.009954690054173067,1.2749952339396184,0.8432362830760528
4730,2.128242639862761,0.009936207088128644,1.2740991906243928,0.844207232703968
4731,2.1277576989057114,0.00992095414834211,1.2731431236072464,0.844693621202391
4732,2.1277976072564417,0.009883188371717627,1.273034223488399,0.8448801785707474
4733,2.1280121316715164,0.009934496676207197,1.2738815637267367,0.8441960744711817
4734,2.1283299691823063,0.009960770003535614,1.2755235585631157,0.8428456400121961
4735,2.1286426247382653,0.009933197961131833,1.2779154668048935,0.8407939462637415
4736,2.128193680120974,0.009950201910901435,1.2786077102836297,0.8396357659782682
4737,2.1282974420761573,0.00995449062759931,1.2789446827100248,0.8393982752245299
4738,2.1283227302590193,0.00995042962877422,1.2776840031147003,0.8406882909487705
4739,2.128372602316798,0.009925878459435641,1.2763939670154028,0.8420527586523368
4740,2.1281816132214604,0.009946465967413115,1.2737587215949078,0.8444764252219882
4741,2.12848627324007,0.00997189657610594,1.2733918172972543,0.8451225669408331
4742,2.128216557356776,0.009912808487495902,1.2732995553892485,0.8450041860342026
4743,2.1285161728761635,0.009964009537836728,1.274158092177644,0.8443940734984924
4744,2.1284105230350883,0.00993459605687887,1.2756990078760653,0.8427769289332994
4745,2.128313807808623,0.00996417201561283,1.2783741957070875,0.8399754303450487
4746,2.128284431233698,0.009927516503791724,1.2793619973318917,0.8389949117388044
4747,2.1280830405196367,0.009949655177033678,1.2780855310206511,0.8400478661060333
4748,2.1277977945853253,0.009962756965993618,1.2766602343442488,0.8411748114289069
4749,2.1281533740004717,0.009937656881781866,1.275164964247723,0.8430507517590815
4750,2.1276335387813803,0.00992000366238003,1.2737065389448283,0.8440069930285824
4751,2.128300660726975,0.009929282163098758,1.2732918919349203,0.8450794901166644
4752,2.1281090768016115,0.009925428008166502,1.2731170350191545,0.8450666106477076
4753,2.127648741615062,0.009954770399751713,1.273710475284226,0.8439835015000129
4754,2.1281918226456153,0.009925633697409411,1.2759858996284252,0.8422802884359749
4755,2.1279138813213425,0.009959378360523557,1.2774483908195884,0.8405061044863292
4756,2.1279314196839625,0.009938502831536591,1.2785831598602995,0.8394097406037
4757,2.1278414191031945,0.009997451587637164,1.2775064670309728,0.8403374996720528
4758,2.128541413618594,0.009948891701594907,1.2779121964561695,0.8406803224767957
4759,2.1284018815780175,0.009886020552176905,1.277063408676459,0.8414524510806921
4760,2.128265528046355,0.009967934169179323,1.2751456553838691,0.8431519288189557
4761,2.1281672399871203,0.009930511679956499,1.2746188956864026,0.8436178291330532
4762,2.128392196431452,0.00994351733361884,1.2722442971200358,0.8462043903311904
4763,2.1282101735776786,0.009957178419798004,1.2725821946348463,0.84567079921158
4764,2.1279844532207566,0.00994010431197833,1.2751866183718856,0.842857727286767
4765,2.1277626996137657,0.009927245617216947,1.2773082998334144,0.840527147662883
4766,2.12765384693535,0.009923438479819772,1.2774654566025248,0.8402649453099893
4767,2.1281340377671376,0.009946167678097072,1.2782402567717495,0.8399475980169919
4768,2.1283816537078546,0.009948008014269325,1.2779937100653747,0.840439925388414
4769,2.1283389281253426,0.00996645762376031,1.27729531210296,0.8410771632072876
4770,2.128580088518104,0.009944515307528936,1.274894157842714,0.8437414144983097
4771,2.1279919256969375,0.00997458952859196,1.2725536531331587,0.8454636834105667
4772,2.1278945049461053,0.009966018039505092,1.2720422300757195,0.8458862642244417
4773,2.1283910980029983,0.009944111507918154,1.2744347288900493,0.8440122583082744
4774,2.1280174644625918,0.009956282316421976,1.2759191253963782,0.8421420594867395
4775,2.1280737774712697,0.009947209861319589,1.2774494722181438,0.8406770922699753
4776,2.1279779246875217,0.00994212859386236,1.2780497220097755,0.8399860725110891
4777,2.127672172322565,0.009945713054882933,1.2776885239445432,0.8400379370669929
4778,2.1282700519172515,0.009931227957297648,1.2775915094784327,0.8407473153605753
4779,2.128414447210273,0.009917083566970363,1.2771142271100258,0.8413831372650302
4780,2.1284977757200902,0.009939373418574735,1.2746771361146654,0.8438812847040138
4781,2.1279808331509025,0.00993328353827249,1.2726280883866914,0.8454194613257233
4782,2.1282349800576967,0.009941693823024327,1.272822652544294,0.845470627351683
4783,2.127788816179548,0.009972483076497304,1.2737630684765018,0.8440532587012466
4784,2.1282064634926465,0.009951486005162706,1.2757476665535752,0.8425073061062365
4785,2.1282025794593658,0.009944737052582964,1.2761257740916039,0.8421320504679972
4786,2.128168273945244,0.009960225317627192,1.2780477477579701,0.8401602999288209
4787,2.1285853653537985,0.009928565073226179,1.2784915949617113,0.8401652042354856
4788,2.1283545688707,0.009982835539445584,1.278418628536925,0.8399531068850536
4789,2.1283812535052395,0.00990781625162582,1.2778273571510703,0.8406460869069002
4790,2.128290378317541,0.009957779070590528,1.2742693570195411,0.8440632370053506
4791,2.127910489938697,0.00994056227559946,1.2728793262218943,0.8450905899612271
4792,2.127910156639255,0.009957932021316826,1.2729424390257622,0.8450097821804942
4793,2.128087122829593,0.009976198369333026,1.2736610447873875,0.8444498701363193
4794,2.128176589401401,0.009930256084177871,1.2751768918669955,0.8430694393357452
4795,2.1283853102703483,0.009963884631323874,1.276898825655178,0.8415226133502259
4796,2.128052430493491,0.009953315170215709,1.2782925300452175,0.8398065950189318
4797,2.1284918809423643,0.009921317288119878,1.2793193155405473,0.8392512472916622
4798,2.1284252940392006,0.009944283165873922,1.2782527840867335,0.8402282230708064
4799,2.1283935101664797,0.009930108189202693,1.2758061216802012,0.8426572726089128
4800,2.1278782924827264,0.009932473368410553,1.2740232330195758,0.8439225858571578
4801,2.1279248923671488,0.009928439278155565,1.2729678038431673,0.8450286497875136
4802,2.1281339453191173,0.009911087873790945,1.2731647588768784,0.8450580899204526
4803,2.1282039965902055,0.009937604665946292,1.2735469116240132,0.8447194868812755
4804,2.1283989767639007,0.009965792141512645,1.275846505043458,0.8425866858083375
4805,2.1281870360277138,0.009905968336578535,1.2781386551808338,0.8401424167107563
4806,2.1282938743124205,0.009975862822362356,1.2789848373860728,0.8393331714430634
4807,2.12810094137581,0.009941321227471439,1.2781546128039458,0.8400049945529626
4808,2.1279042533465793,0.010006093306048793,1.2769583834677327,0.8409397766298178
4809,2.128433649637261,0.009950195391643412,1.2763796102027505,0.8421038310138547
4810,2.1284545526212577,0.009929943278583944,1.2752671028886522,0.8432575071952781
4811,2.128640426664936,0.00996783828571895,1.2734890458535175,0.8451835312405411
4812,2.1280158283759136,0.009951899379339754,1.2727316855167856,0.8453322509113623
4813,2.1284373913492476,0.009944616379786511,1.2738828792863963,0.8446098903612215
4814,2.1284013451362145,0.009954207054130276,1.2755906113556452,0.8428565105613397
4815,2.128021703690899,0.009941026549406198,1.2777440554025221,0.8403366162460677
4816,2.1278387381106008,0.00991956705740672,1.2784650149394055,0.8394541612693242
4817,2.1279069671825486,0.009911334907103862,1.2784036294538148,0.8395920067417378
4818,2.1275440843737856,0.009946589206098293,1.2766913783793548,0.8409061130820489
4819,2.1281772949257673,0.009960146582856471,1.2757359694461434,0.8424811725105558
4820,2.128434257847922,0.009910424795876048,1.2756051098813816,0.8429187195641654
4821,2.128598523383238,0.009915439378736275,1.2747348650377623,0.8439482210242019
4822,2.128085599870098,0.009950162776346718,1.2726672954705296,0.8454681561917675
4823,2.1282379907004687,0.009958060225471854,1.2734620151471119,0.8448179154371729
4824,2.1281406623976573,0.009940939850877134,1.2744054374646168,0.8437942853387521
4825,2.128296741417476,0.009948004498051442,1.2762971763708153,0.8420515656471252
4826,2.128072221668399,0.009965482220167712,1.2783825628611507,0.8397241697019461
4827,2.1280177661350796,0.009956109123684618,1.2787169881012974,0.8393446699697145
4828,2.127918363833914,0.009958140495024165,1.2783312590754763,0.8396289771308705
4829,2.128394130541354,0.009949827414690231,1.276828718428709,0.8416155926427062
4830,2.1284346288564255,0.00996153308933943,1.2741599234999443,0.8443131744861603
4831,2.1282216809233843,0.009942907502646653,1.2737521060875483,0.8445266606856365
4832,2.1276491296534634,0.009941521390550295,1.2728017635491429,0.8449058474934831
4833,2.1282288152344373,0.009948722951646363,1.2732827432301579,0.8449973515710052
4834,2.128076615382214,0.009941187601688564,1.2750648053324953,0.8430706192644275
4835,2.128192110937469,0.009901306549163193,1.2770457054887498,0.8412450986857317
4836,2.1277280157926133,0.009930213181568044,1.2783696061494398,0.8394282028383139
4837,2.1277352145739963,0.009946830299853975,1.2784580862035557,0.8393303016010596
4838,2.127930215426854,0.009951446081834788,1.2772368052784278,0.8407419637149695
4839,2.128309652513387,0.0099124357969101,1.2763995297101078,0.8419976870016176
4840,2.1281451753207614,0.009893290860084246,1.2746975713846636,0.8435543149101491
4841,2.1278588346072604,0.009965739863905676,1.2730764028977375,0.844816688068059
4842,2.128204346919546,0.00997876828270299,1.2731961230842435,0.8450294653980099
4843,2.12815881991873,0.009956994702165224,1.2737433673167715,0.844458459591379
4844,2.128550754517925,0.00994867185244755,1.2753723306315286,0.8432297472442899
4845,2.1283714126567452,0.010003153952218744,1.2769849330795056,0.8413833203364391
4846,2.1280338119487374,0.009960355612506367,1.278349642242704,0.8397238224136586
4847,2.127988110999672,0.009946930873188741,1.278149852947313,0.8398913306241133
4848,2.1283539643093032,0.009951846460260603,1.2785085743787337,0.8398935417739712
4849,2.1284507403568345,0.009934617724383667,1.277200844214887,0.8413152840672707
4850,2.1282810130897833,0.009998698823382052,1.2746987020482823,0.8435836163710575
4851,2.1284645917464275,0.009946965327372357,1.2727595172366317,0.845758106331436
4852,2.1283376654800104,0.009958453063035801,1.2723260594874013,0.8460531611831821
4853,2.1281538313748887,0.009972888353869927,1.2740036462034499,0.8441773063066055
4854,2.1280877760478427,0.009990334339743974,1.2761265355713514,0.8419709132642162
4855,2.128414119992937,0.00995782828813761,1.2781860208024785,0.8402702665450622
4856,2.1279114290159575,0.009929477845375635,1.2783628367647832,0.8396191080005801
4857,2.1280161993844167,0.009912838693708181,1.2780825252435646,0.8400208201943612
4858,2.127995049466892,0.009898199695067443,1.2774443595993275,0.840652487411791
4859,2.128378855938814,0.009882823483334208,1.2756318893967842,0.8428641509036628
4860,2.1277546700166194,0.009883348207578671,1.2727230975822525,0.8451482218747236
4861,2.127521843326335,0.009873719406029095,1.2720789775556447,0.8455691258518063
4862,2.1274540606810124,0.009895741621184409,1.2730429847629703,0.8445153275922853
4863,2.127488042627062,0.00989539575839073,1.274181132413903,0.8434115173865337
4864,2.1277570152769285,0.009868949946320179,1.2760488640288918,0.8418391961224225
4865,2.127989737354979,0.009931469711532094,1.2769921276034142,0.8410661384767416
4866,2.1277945917479846,0.009926817037773376,1.2775309037189095,0.8403368844669692
4867,2.1283635837691173,0.009909171753620006,1.2788075056611274,0.8396469065729453
4868,2.1281697032402973,0.009925415957992782,1.2773637503993756,0.8408805350868069
4869,2.128493436745235,0.009918591535022976,1.276745308418663,0.8418295374330209
4870,2.128118996717492,0.009945226723936443,1.2739736401304906,0.844200133669133
4871,2.128426410713974,0.009963977188632196,1.273140517424564,0.8453219204532857
4872,2.1284099646977017,0.009972406484718834,1.2730287058012826,0.8454088538276906
4873,2.128194891676611,0.0099866455658434,1.2739214982305254,0.8442867425631504
4874,2.128597364133718,0.009964120498269188,1.2760238677871472,0.8426093799727303
4875,2.1286235573340435,0.009971870674884744,1.2775165268353053,0.8411351716031834
4876,2.1283144257506548,0.009935033645442858,1.2791672799052025,0.8392121071109966
4877,2.128246913150865,0.0099234555429798,1.2788707084801731,0.8394527453549054
4878,2.128262154910029,0.009936560596320398,1.277694543405455,0.840631043728517
4879,2.1283653646099325,0.009937442349726143,1.2759992188336897,0.8424287119082042
4880,2.1285646557807922,0.009921333225139854,1.2733734876525646,0.8452698354210172
4881,2.128144973394822,0.009927929953995104,1.2726906683980201,0.8455263677300239
4882,2.1277438864416007,0.009929722626408448,1.273687162569591,0.8441270121506282
4883,2.1279663200281105,0.009959780630104395,1.2741228488026832,0.8438836950428632
4884,2.1280874074721825,0.009953515133725442,1.2757457847497902,0.842388106243951
4885,2.1282971805455735,0.009947410732393667,1.2773130663803645,0.8410366986479078
4886,2.1282934753262266,0.009938406311355683,1.2784501861552804,0.8399048842945878
4887,2.128179746014731,0.009937981086574038,1.2795080718945484,0.8387337028980255
4888,2.1282931529745763,0.009963390959084642,1.276715029867328,0.8416147390190436
4889,2.127803322003812,0.009972955717952276,1.2752608894085398,0.8425694853067398
4890,2.127620834477094,0.009929191259363172,1.2742551601662928,0.8434364692289003
4891,2.1283733248710632,0.009925258726033628,1.273858713252204,0.8445893459174098
4892,2.1282352744316566,0.009951451080566158,1.2727461323446156,0.8455376892673726
4893,2.128427833926921,0.009935656462662987,1.2739293429316307,0.844562834014698
4894,2.128359759340481,0.009920346945030044,1.2758666386409683,0.8425727681237825
4895,2.1282786714787387,0.009956354907314693,1.2779095993966472,0.8404127164762847
4896,2.128293661438689,0.009962368091302258,1.2788813679802173,0.8394499217369118
4897,2.1280130561517208,0.009957194437595959,1.2788679940359933,0.8391878644422609
4898,2.128260539502514,0.00994831786433957,1.2772734408475914,0.8410387911966869
4899,2.1283739610594146,0.009963892970462235,1.2751113741981739,0.8432986857939739
4900,2.1287021904575583,0.0099996804896438,1.2738645837015035,0.8448379337787628
4901,2.1278154217467016,0.00993914229377192,1.2734152212434886,0.8444610685110092
4902,2.1282252170601668,0.00995690865936328,1.2738834157281993,0.844384888909301
4903,2.128264530580871,0.00996456422120789,1.2744727536123626,0.8438272089982519
4904,2.1280320530035057,0.009954503438036357,1.275199152377187,0.8428783939809216
4905,2.128323631627219,0.00989566172226047,1.277591966244639,0.8408360031186318
4906,2.1279607877439384,0.009916460996835815,1.2781607241046673,0.8398835999625069
4907,2.128177523612976,0.00991847329031752,1.2789567964417594,0.8393022475802169
4908,2.1277958921023776,0.009927032515406609,1.2775192540519091,0.8403496134037874
4909,2.1278768875160994,0.009912783365544617,1.2756101543806038,0.8423539536948107
4910,2.1282731878514194,0.00990906289816663,1.2744610352175576,0.8439030917931576
4911,2.127828748858705,0.009930599613913469,1.2735526002183253,0.8443455510601705
4912,2.1280438133648465,0.009945096984999825,1.2731331288814545,0.8449655856404986
4913,2.1287282170081627,0.009960678757681531,1.2735161617094157,0.8452513722740874
4914,2.128476563765078,0.00997863853426308,1.2745540446164656,0.8439438942135596
4915,2.1283168427798214,0.009974236975481011,1.2774247539286712,0.8409178594545442
4916,2.1280518162007236,0.00995524814447426,1.2792723203191951,0.838824242049334
4917,2.1281847819990043,0.009974284572716879,1.2786893351953856,0.8395211553695251
4918,2.1283873270969003,0.009926581598476184,1.2775906579835075,0.8408700918056526
4919,2.1282911142524408,0.009933715025723284,1.27631026567245,0.8420471281421428
4920,2.1282400464525026,0.009957205851049143,1.2744832841717466,0.8437995542677081
4921,2.128535089444141,0.00994673998057082,1.2731520308523763,0.8454363242704042
4922,2.1280315165617028,0.009950564233396126,1.2725551961636057,0.8455257516126243
4923,2.1280437501109377,0.0099233460935707,1.2742187727470786,0.8439016269177807
4924,2.1283197767880497,0.009921321673888941,1.2761942421903416,0.842204210405447
4925,2.127898251523777,0.009936361017693974,1.277454489347886,0.8405074103146183
4926,2.1279301205459906,0.009948258326217835,1.2779922935427452,0.8399895663772311
4927,2.1278655188424245,0.009903037431174698,1.278344283906781,0.8396181832162701
4928,2.128241547516414,0.009904968481016706,1.2776481983612995,0.840688376098263
4929,2.1281582323872312,0.009943251431520497,1.2759239643203968,0.8422909990257147
4930,2.1282692490791786,0.00995434209115195,1.2744098476001195,0.8439050514479073
4931,2.127719896180289,0.009955119303598697,1.2719490108441334,0.8458157741293615
4932,2.1277416202486776,0.009922003292725707,1.2729179013748557,0.8449017256498337
4933,2.127957295398323,0.009932600826557194,1.2746539559899543,0.8433707304755036
4934,2.128259177110633,0.009972365392486051,1.2756665403745613,0.8426202599491391
4935,2.1284419067051945,0.009948433932791255,1.276675705398832,0.8418177685567311
4936,2.1281555659916935,0.009956109503816282,1.2775963970593043,0.8406030541780044
4937,2.1281906427169335,0.00996499897303934,1.2780480573371964,0.8401775776731725
4938,2.128207206726074,0.009995601125707736,1.2784543834170516,0.8397572235185273
4939,2.12840173682388,0.009966823139360972,1.2778581970808458,0.8405767180481736
4940,2.128535342459776,0.009951953324774394,1.2753486037254333,0.8432347969133027
4941,2.128220256494016,0.00995501415918068,1.2734028228691645,0.8448624218605003
4942,2.128075379498151,0.009953681878479463,1.2732064742214826,0.8449152236690327
4943,2.1281953733794543,0.00999418896984081,1.2733404551233565,0.844860734988232
4944,2.1285623020055344,0.009947141466130103,1.2745533421331523,0.844061806493876
4945,2.128784617599176,0.009946033729202285,1.2769458111451597,0.8418927733995476
4946,2.1284825582893525,0.009953842640911438,1.2786062092197186,0.8399225108477534
4947,2.1281301135919533,0.009950167105096032,1.279466907588803,0.8387130474557682
4948,2.1283686489475016,0.00993869569133587,1.2783054715516615,0.8401244751044682
4949,2.1283018370063935,0.009945420671862607,1.275518615635074,0.8428377992644602
4950,2.127537724923114,0.009930061119399508,1.273952388033575,0.843655278183976
4951,2.127657938976677,0.00992234189500462,1.2736742630296825,0.844061336347035
4952,2.1278129670084738,0.009930399422324737,1.273696882384164,0.8441856874495136
4953,2.1282360480756175,0.009964998616665905,1.2734266172866433,0.8448444340302019
4954,2.128163993358612,0.009957188293717953,1.274223999709499,0.8439828145260714
4955,2.1282831102001425,0.009923920215924784,1.2762542762318436,0.8421049124124099
4956,2.1282855357442583,0.009970894349472863,1.2782862137775033,0.8400284304302565
4957,2.127940606097786,0.009989785576923465,1.2786468954718844,0.8393039137733226
4958,2.1281284434454784,0.009933337037052428,1.2785038838581162,0.8396912302289691
4959,2.1281743305070058,0.00989624082433934,1.2769155769932026,0.8413625119292006
4960,2.128019172318128,0.009918074266110756,1.274659633028264,0.8434414592932682
4961,2.1278639970993507,0.009938826551660895,1.2733423953153649,0.8445827735930073
4962,2.1278588710999,0.00994686114278679,1.2726526978064556,0.8452593085108971
4963,2.128035162176405,0.009915662173904022,1.2739219598624172,0.8441975499902453
4964,2.1281716957384225,0.00993165223650178,1.2749759226429218,0.8432641263519015
4965,2.1280801016457227,0.010021202461033756,1.2758571913047714,0.8422017045775239
4966,2.128222871799858,0.009950069263957593,1.2778568803047647,0.8404159156643615
4967,2.12827736625866,0.009927674975930428,1.2779635780928087,0.8403861017859712
4968,2.128023472367501,0.009916909865806905,1.2786741165482267,0.8394324460199901
4969,2.1287359510149275,0.00998264315005924,1.278188452428701,0.8405648591567059
4970,2.1282598218139337,0.009938985460951013,1.275276121436333,0.843044716788798
4971,2.1281148134445655,0.009949525314554269,1.2734033897215007,0.8447618971065599
4972,2.128195263901535,0.009960540194938682,1.2726838272445056,0.8455508807483985
4973,2.1281389144002176,0.009945861719624728,1.273494611589276,0.8446984446170379
4974,2.1284139886194344,0.009943728316195157,1.2751173297969662,0.8433529327110368
4975,2.1289054520276127,0.009977300470808938,1.2765338280979468,0.8423943239815381
4976,2.1284742185047696,0.009978670194478971,1.278460973987774,0.8400345590649819
4977,2.1288473399317995,0.009929051532467105,1.2799252606168086,0.8389930299350193
4978,2.128237556438057,0.009951515546144575,1.2784711110348603,0.8398149323706724
4979,2.128072371288222,0.009954658427218698,1.2760806764875139,0.8420370400560145
4980,2.1278556220385494,0.009932746108127187,1.2742275583500764,0.8436953285518958
4981,2.1274863359879475,0.009929753911244323,1.2736827676393547,0.8438738189181503
4982,2.1280088826101653,0.009950162339195306,1.2740822787187538,0.8439764541630842
4983,2.1285773637343426,0.009947259444743395,1.2730660748725036,0.8455640339121526
4984,2.1281727528085512,0.009937822533657357,1.2745971156626332,0.8436378228421114
4985,2.128232871999546,0.009951980090795122,1.2764643868621515,0.841816500437503
4986,2.1277256559352486,0.0099144957113859,1.2779234520026617,0.8398877148117337
4987,2.127926684155756,0.009934741827868382,1.2788580856761154,0.8391338571601984
4988,2.1279969081586723,0.009909815059936777,1.2782625829686924,0.8398245113844774
4989,2.127849359901584,0.009934853396511503,1.2760426377763554,0.8418718588595487
4990,2.1281987708442065,0.009960736504432802,1.2747353795839815,0.8435026614033446
4991,2.1283013066466974,0.009909835857890395,1.27322100133312,0.8451704687001754
4992,2.128056378997102,0.009926262501703233,1.2726174635546548,0.8455126553165669
4993,2.1280070360825984,0.009919428413885892,1.273576803353368,0.8445108058501263
4994,2.1281267465377343,0.00993379671126604,1.274997193594368,0.8431957470519202
4995,2.128352346468945,0.009953139169255689,1.277342040319832,0.8410571713228615
4996,2.1278989984064687,0.00993170149206203,1.2783944533795726,0.8395728380704413
4997,2.127956739493779,0.009942101647279092,1.2779018489681944,0.8401127865119856
4998,2.128349271355843,0.009920631872718128,1.2784655063736194,0.8399631405363277
4999,2.128476939639267,0.00994709597387332,1.2766497688634055,0.841880088253897
5000,2.128197749050296,0.009941174938552538,1.2753350394112724,0.8429215325384724
